ticker,name,sector,asset_class,weight,isin,cusip,sedol
A,AGILENT TECHNOLOGIES INC,Health Care,Equity,0.06,US00846U1016,00846U101,2520153
AA,ALCOA CORP,Materials,Equity,0.02,US0138721065,013872106,BYNF418
AAL,AMERICAN AIRLINES GROUP,Industrials,Equity,0.01,US02376R1023,02376R102,BCV7KT2
AAOI,APPLIED OPTOELECTRONICS,Information Technology,Equity,0.01,US03823U1025,03823U102,BDW0D09
AAON,AAON,Industrials,Equity,0.01,US0003602069,000360206,2268130
AAPL,APPLE,Information Technology,Equity,6.30,US0378331005,037833100,2046251
ABBV,ABBVIE,Health Care,Equity,0.64,US00287Y1091,00287Y109,B92SR70
ABNB,AIRBNB CLASS A,Consumer Discretionary,Equity,0.11,US0090661010,009066101,BMGYYH4
ABT,ABBOTT LABORATORIES,Health Care,Equity,0.27,US0028241000,002824100,2002305
ACGL,ARCH CAPITAL GROUP,Financials,Equity,0.05,BMG0450A1053,G0450A105,2740542
ACI,ALBERTSONS COMPANY CLASS A,Consumer Staples,Equity,0.01,US0130911037,013091103,BYNQ369
ACM,AECOM,Industrials,Equity,0.01,US00766T1007,00766T100,B1VZ431
ACN,ACCENTURE PLC CLASS A,Information Technology,Equity,0.15,IE00B4BNMY34,G1151C101,B4BNMY3
ADBE,ADOBE INC,Information Technology,Equity,0.15,US00724F1012,00724F101,2008154
ADC,AGREE REALTY REIT,Real Estate,Equity,0.01,US0084921008,008492100,2062161
ADI,ANALOG DEVICES,Information Technology,Equity,0.26,US0326541051,032654105,2032067
ADM,ARCHER DANIELS MIDLAND,Consumer Staples,Equity,0.06,US0394831020,039483102,2047317
ADP,AUTOMATIC DATA PROCESSING INC,Industrials,Equity,0.15,US0530151036,053015103,2065308
ADSK,AUTODESK,Information Technology,Equity,0.07,US0527691069,052769106,2065159
ADT,ADT INC,Consumer Discretionary,Equity,0.01,US00090Q1031,00090Q103,BFWCP81
AEE,AMEREN,Utilities,Equity,0.04,US0236081024,023608102,2050832
AEIS,ADVANCED ENERGY INDUSTRIES,Information Technology,Equity,0.02,US0079731008,007973100,2049175
AEP,AMERICAN ELECTRIC POWER INC,Utilities,Equity,0.10,US0255371017,025537101,2026242
AES,AES,Utilities,Equity,0.01,US00130H1059,00130H105,2002479
AFG,AMERICAN FINANCIAL GROUP,Financials,Equity,0.01,US0259321042,025932104,2134532
AFL,AFLAC,Financials,Equity,0.08,US0010551028,001055102,2026361
AFRM,AFFIRM HOLDINGS CLASS A,Financials,Equity,0.03,US00827B1061,00827B106,BMF9NM8
AGCO,AGCO,Industrials,Equity,0.01,US0010841023,001084102,2010278
AGNC,AGNC INVESTMENT REIT,Financials,Equity,0.02,US00123Q1040,00123Q104,BYYHJL8
AGO,ASSURED GUARANTY LTD,Financials,Equity,0.00,BMG0585R1060,G0585R106,B00V7H8
AHR,AMERICAN HEALTHCARE REIT,Real Estate,Equity,0.01,US3981823038,398182303,BQWNKQ4
AIG,AMERICAN INTERNATIONAL GROUP,Financials,Equity,0.06,US0268747849,026874784,2027342
AIT,APPLIED INDUSTRIAL TECHNOLOGIES IN,Industrials,Equity,0.02,US03820C1053,03820C105,2086309
AIZ,ASSURANT INC,Financials,Equity,0.02,US04621X1081,04621X108,2331430
AJG,ARTHUR J GALLAGHER,Financials,Equity,0.09,US3635761097,363576109,2359506
AKAM,AKAMAI TECHNOLOGIES INC,Information Technology,Equity,0.02,US00971T1016,00971T101,2507457
ALAB,ASTERA LABS,Information Technology,Equity,0.07,US04626A1034,04626A103,BMTQ7V2
ALB,ALBEMARLE CORP,Materials,Equity,0.02,US0126531013,012653101,2046853
ALGM,ALLEGRO MICROSYSTEMS INC,Information Technology,Equity,0.01,US01749D1054,01749D105,BN4LSB6
ALGN,ALIGN TECHNOLOGY,Health Care,Equity,0.02,US0162551016,016255101,2679204
ALK,ALASKA AIR GROUP INC,Industrials,Equity,0.01,US0116591092,011659109,2012605
ALL,ALLSTATE CORP,Financials,Equity,0.09,US0200021014,020002101,2019952
ALLE,ALLEGION PLC,Industrials,Equity,0.02,IE00BFRT3W74,-,BFRT3W7
ALLY,ALLY FINANCIAL INC,Financials,Equity,0.02,US02005N1000,02005N100,B72XK05
ALM,ALMONTY INDUSTRIES,Materials,Equity,0.00,CA0203987072,020398707,BS84NZ5
ALNY,ALNYLAM PHARMACEUTICALS,Health Care,Equity,0.04,US02043Q1076,02043Q107,B00FWN1
ALSN,ALLISON TRANSMISSION HOLDINGS,Industrials,Equity,0.01,US01973R1014,01973R101,B4PZ892
AM,ANTERO MIDSTREAM,Energy,Equity,0.01,US03676B1026,03676B102,BJBT0Q4
AMAT,APPLIED MATERIAL INC,Information Technology,Equity,0.57,US0382221051,038222105,2046552
AMCR,AMCOR PLC,Materials,Equity,0.03,JE00BV7DQ550,-,BV7DQ55
AMD,ADVANCED MICRO DEVICES,Information Technology,Equity,1.11,US0079031078,007903107,2007849
AME,AMETEK INC,Industrials,Equity,0.08,US0311001004,031100100,2089212
AMG,AFFILIATED MANAGERS GROUP,Financials,Equity,0.01,US0082521081,008252108,2127899
AMGN,AMGEN INC,Health Care,Equity,0.32,US0311621009,031162100,2023607
AMH,AMERICAN HOMES  RENT REIT CLASS A,Real Estate,Equity,0.02,US02665T3068,02665T306,BCF5RR9
AMKR,AMKOR TECHNOLOGY,Information Technology,Equity,0.01,US0316521006,031652100,2242929
AMP,AMERIPRISE FINANCE INC,Financials,Equity,0.07,US03076C1062,03076C106,B0J7D57
AMT,AMERICAN TOWER REIT,Real Estate,Equity,0.11,US03027X1000,03027X100,B7FBFL2
AMTM,AMENTUM HOLDINGS,Industrials,Equity,0.00,US0239391016,023939101,BMZLFJ5
AMZN,AMAZON.COM INC,Consumer Discretionary,Equity,3.54,US0231351067,023135106,2000019
AN,AUTONATION,Consumer Discretionary,Equity,0.01,US05329W1027,05329W102,2732635
ANET,ARISTA NETWORKS INC,Information Technology,Equity,0.28,US0404132054,040413205,BL9XPM3
AON,AON PLC CLASS A,Financials,Equity,0.10,IE00BLP1HW54,-,BLP1HW5
AOS,A O SMITH,Industrials,Equity,0.01,US8318652091,831865209,2816023
APA,APA,Energy,Equity,0.02,US03743Q1085,03743Q108,BNNF1C1
APD,AIR PRODUCTS AND CHEMICALS,Materials,Equity,0.09,US0091581068,009158106,2011602
APG,API GROUP,Industrials,Equity,0.02,US00187Y1001,00187Y100,BMBPH06
APH,AMPHENOL CORP CLASS A,Information Technology,Equity,0.28,US0320951017,032095101,2145084
APLD,APPLIED DIGITAL CORP,Information Technology,Equity,0.01,US0381692070,038169207,BMCNFN8
APO,APOLLO GLOBAL MANAGEMENT,Financials,Equity,0.08,US03769M1062,03769M106,BN44JF6
APP,APPLOVIN CLASS A,Communication,Equity,0.10,US03831W1080,03831W108,BMV3LG4
APPF,APPFOLIO CLASS A,Information Technology,Equity,0.01,US03783C1009,03783C100,BYN7H48
APTV,APTIV PLC,Consumer Discretionary,Equity,0.01,JE00BTDN8H13,-,BTDN8H1
AR,ANTERO RESOURCES,Energy,Equity,0.02,US03674X1063,03674X106,BFD2WR8
ARE,ALEXANDRIA REAL ESTATE EQUITIES RE,Real Estate,Equity,0.01,US0152711091,015271109,2009210
ARES,ARES MANAGEMENT CLASS A,Financials,Equity,0.04,US03990B1017,03990B101,BF14BT1
ARMK,ARAMARK,Consumer Discretionary,Equity,0.02,US03852U1060,03852U106,BH3XG17
ARW,ARROW ELECTRONICS,Information Technology,Equity,0.02,US0427351004,042735100,2051404
ARWR,ARROWHEAD PHARMACEUTICALS,Health Care,Equity,0.02,US04280A1007,04280A100,BYQBFJ8
AS,AMER SPORTS INC,Consumer Discretionary,Equity,0.01,KYG0260P1028,-,BN6TZY0
ASND,ASCENDIS PHARMA,Health Care,Equity,0.02,DK0060615755,-,BWXJHM8
ASTS,AST SPACEMOBILE CLASS A,Communication,Equity,0.02,US00217D1000,00217D100,BNLZ3X8
ATI,ATI INC,Industrials,Equity,0.04,US01741R1023,01741R102,2526117
ATO,ATMOS ENERGY,Utilities,Equity,0.04,US0495601058,049560105,2315359
ATR,APTARGROUP,Materials,Equity,0.01,US0383361039,038336103,2045247
AU,ANGLOGOLD ASHANTI PLC,Materials,Equity,0.07,GB00BRXH2664,-,BRXH266
AUGO,AURA MINERALS INC,Materials,Equity,0.00,VGG069731120,-,BJ1JSK4
AUR,AURORA INNOVATION CLASS A,Information Technology,Equity,0.01,US0517741072,051774107,BMF0P92
AVAV,AEROVIRONMENT INC,Industrials,Equity,0.01,US0080731088,008073108,B1P5YY8
AVGO,BROADCOM INC,Information Technology,Equity,2.49,US11135F1012,11135F101,BDZ78H9
AVT,AVNET INC,Information Technology,Equity,0.01,US0538071038,053807103,2066505
AVTR,AVANTOR,Health Care,Equity,0.01,US05352A1007,05352A100,BJLT387
AVY,AVERY DENNISON CORP,Materials,Equity,0.02,US0536111091,053611109,2066408
AWI,ARMSTRONG WORLD INDUSTRIES,Industrials,Equity,0.01,US04247X1028,04247X102,B1FT462
AWK,AMERICAN WATER WORKS,Utilities,Equity,0.04,US0304201033,030420103,B2R3PV1
AXON,AXON ENTERPRISE,Industrials,Equity,0.07,US05464C1018,05464C101,BDT5S35
AXP,AMERICAN EXPRESS,Financials,Equity,0.25,US0258161092,025816109,2026082
AXS,AXIS CAPITAL HOLDINGS,Financials,Equity,0.01,BMG0692U1099,G0692U109,2677606
AXSM,AXSOME THERAPEUTICS,Health Care,Equity,0.01,US05464T1043,05464T104,BYZR4X4
AXTA,AXALTA COATING SYSTEMS,Materials,Equity,0.01,BMG0750C1082,G0750C108,BSFWCF5
AYI,ACUITY,Industrials,Equity,0.02,US00508Y1029,00508Y102,2818461
AZO,AUTOZONE,Consumer Discretionary,Equity,0.07,US0533321024,053332102,2065955
BA,BOEING,Industrials,Equity,0.24,US0970231058,097023105,2108601
BAC,BANK OF AMERICA,Financials,Equity,0.60,US0605051046,060505104,2295677
BAH,BOOZ ALLEN HAMILTON HOLDING CLASS,Industrials,Equity,0.01,US0995021062,099502106,B5367T7
BALL,BALL CORP,Materials,Equity,0.02,US0584981064,058498106,2073022
BAM,BROOKFIELD ASSET MANAGEMENT VOTING,Financials,Equity,0.03,CA1130041058,113004105,BP95GD5
BAX,BAXTER INTERNATIONAL,Health Care,Equity,0.02,US0718131099,071813109,2085102
BBIO,BRIDGEBIO PHARMA,Health Care,Equity,0.02,US10806X1028,10806X102,BK1KWG8
BBWI,BATH AND BODY WORKS,Consumer Discretionary,Equity,0.01,US0708301041,070830104,BNNTGJ5
BBY,BEST BUY,Consumer Discretionary,Equity,0.02,US0865161014,086516101,2094670
BC,BRUNSWICK CORP,Consumer Discretionary,Equity,0.01,US1170431092,117043109,2149309
BDX,BECTON DICKINSON,Health Care,Equity,0.07,US0758871091,075887109,2087807
BE,BLOOM ENERGY CLASS A,Industrials,Equity,0.08,US0937121079,093712107,BDD1BB8
BEN,FRANKLIN TEMPLETON,Financials,Equity,0.01,US3546131018,354613101,2350684
BEPC,BROOKFIELD RENEWABLE SUBORDINATE V,Utilities,Equity,0.01,CA11285B1085,11285B108,BSPS5J8
BFA,BROWN FORMAN CLASS A,Consumer Staples,Equity,0.00,US1156371007,115637100,2146816
BFAM,BRIGHT HORIZONS FAMILY SOLUTIONS I,Consumer Discretionary,Equity,0.01,US1091941005,109194100,B7MJWP2
BFB,BROWN FORMAN CLASS B,Consumer Staples,Equity,0.01,US1156372096,115637209,2146838
BG,BUNGE GLOBAL SA,Consumer Staples,Equity,0.02,CH1300646267,-,BQ6BPG9
BHF,BRIGHTHOUSE FINANCIAL,Financials,Equity,0.00,US10922N1037,10922N103,BF429K9
BIIB,BIOGEN,Health Care,Equity,0.04,US09062X1037,09062X103,2455965
BILL,BILL HOLDINGS,Information Technology,Equity,0.01,US0900431000,090043100,BKDS4H5
BIO,BIO RAD LABORATORIES CLASS A,Health Care,Equity,0.01,US0905722072,090572207,2098508
BIRK,BIRKENSTOCK HOLDING PLC,Consumer Discretionary,Equity,0.00,JE00BS44BN30,-,BS44BN3
BJ,BJS WHOLESALE CLUB HOLDINGS,Consumer Staples,Equity,0.02,US05550J1016,05550J101,BFZNZF8
BKNG,BOOKING HOLDINGS,Consumer Discretionary,Equity,0.23,US09857L1089,09857L108,BDRXDB4
BKR,BAKER HUGHES CLASS A,Energy,Equity,0.09,US05722G1004,05722G100,BDHLTQ5
BLDR,BUILDERS FIRSTSOURCE INC,Industrials,Equity,0.01,US12008R1077,12008R107,B0BV2M7
BLK,BLACKROCK,Financials,Equity,0.25,US09290D1019,09290D101,BMZBBT7
BLSH,BULLISH,Financials,Equity,0.00,KYG169101204,-,BV6KVT6
BMNR,BITMINE IMMERSION TECHNOLOGIES,Information Technology,Equity,0.01,US09175A2069,09175A206,BNYD8N4
BMRN,BIOMARIN PHARMACEUTICAL,Health Care,Equity,0.02,US09061G1013,09061G101,2437071
BMY,BRISTOL MYERS SQUIBB,Health Care,Equity,0.19,US1101221083,110122108,2126335
BNY,BANK OF NEW YORK MELLON CORP,Financials,Equity,0.16,US0640581007,064058100,B1Z77F6
BOKF,BOK FINANCIAL CORP,Financials,Equity,0.00,US05561Q2012,05561Q201,2109091
BPOP,POPULAR INC,Financials,Equity,0.02,PR7331747001,733174700,B86QM90
BR,BROADRIDGE FINANCIAL SOLUTIONS INC,Industrials,Equity,0.03,US11133T1034,11133T103,B1VP7R6
BRKB,BERKSHIRE HATHAWAY INC CLASS B,Financials,Equity,1.32,US0846707026,084670702,2073390
BRKR,BRUKER,Health Care,Equity,0.01,US1167941087,116794108,2616137
BRO,BROWN & BROWN INC,Financials,Equity,0.03,US1152361010,115236101,2692687
BROS,DUTCH BROS CLASS A,Consumer Discretionary,Equity,0.01,US26701L1008,26701L100,BMWP7H2
BRX,BRIXMOR PROPERTY GROUP REIT INC,Real Estate,Equity,0.01,US11120U1051,11120U105,BFTDJL8
BSX,BOSTON SCIENTIFIC CORP,Health Care,Equity,0.11,US1011371077,101137107,2113434
BSY,BENTLEY SYSTEMS INC CLASS B,Information Technology,Equity,0.01,US08265T2087,08265T208,BMC1PR6
BURL,BURLINGTON STORES,Consumer Discretionary,Equity,0.03,US1220171060,122017106,BF311Y5
BWA,BORGWARNER,Consumer Discretionary,Equity,0.02,US0997241064,099724106,2111955
BWXT,BWX TECHNOLOGIES INC,Industrials,Equity,0.02,US05605H1005,05605H100,BZ0W624
BX,BLACKSTONE,Financials,Equity,0.15,US09260D1072,09260D107,BKF2SL7
BXP,BXP,Real Estate,Equity,0.01,US1011211018,101121101,2019479
BYD,BOYD GAMING,Consumer Discretionary,Equity,0.01,US1033041013,103304101,2117232
C,CITIGROUP INC,Financials,Equity,0.33,US1729674242,172967424,2297907
CACC,CREDIT ACCEPTANCE CORP,Financials,Equity,0.00,US2253101016,225310101,2232050
CACI,CACI INTERNATIONAL INC CLASS A,Industrials,Equity,0.02,US1271903049,127190304,2159267
CAG,CONAGRA BRANDS,Consumer Staples,Equity,0.01,US2058871029,205887102,2215460
CAH,CARDINAL HEALTH,Health Care,Equity,0.08,US14149Y1082,14149Y108,2175672
CAI,CARIS LIFE SCIENCES,Health Care,Equity,0.00,US1421521071,142152107,BT18HP9
CAR,AVIS BUDGET GROUP INC,Industrials,Equity,0.00,US0537741052,053774105,B1CL8J2
CARR,CARRIER GLOBAL,Industrials,Equity,0.07,US14448C1045,14448C104,BK4N0D7
CART,MAPLEBEAR,Consumer Staples,Equity,0.01,US5653941030,565394103,BN4L6W3
CASY,CASEYS GENERAL STORES INC,Consumer Staples,Equity,0.04,US1475281036,147528103,2179414
CAT,CATERPILLAR INC,Industrials,Equity,0.54,US1491231015,149123101,2180201
CAVA,CAVA GROUP,Consumer Discretionary,Equity,0.01,US1489291021,148929102,BRBD9F4
CB,CHUBB,Financials,Equity,0.17,CH0044328745,-,B3BQMF6
CBC,CENTRAL BANCOMPANY CLASS A,Financials,Equity,0.00,US1524131000,152413100,B3KKGR9
CBOE,CBOE GLOBAL MARKETS,Financials,Equity,0.04,US12503M1080,12503M108,B5834C5
CBRE,CBRE GROUP CLASS A,Real Estate,Equity,0.06,US12504L1098,12504L109,B6WVMH3
CBSH,COMMERCE BANCSHARES,Financials,Equity,0.01,US2005251036,200525103,2213204
CCC,CCC INTELLIGENT SOLUTIONS HOLDINGS,Information Technology,Equity,0.01,US12510Q1004,12510Q100,BP4CXL8
CCI,CROWN CASTLE INC,Real Estate,Equity,0.05,US22822V1017,22822V101,BTGQCX1
CCK,CROWN HOLDINGS INC,Materials,Equity,0.02,US2283681060,228368106,2427986
CCL,CARNIVAL CORP LTD,Consumer Discretionary,Equity,0.05,BMG2004J1036,-,BVV7RC7
CDE,COEUR MINING,Materials,Equity,0.03,US1921085049,192108504,2208136
CDNS,CADENCE DESIGN SYSTEMS,Information Technology,Equity,0.12,US1273871087,127387108,2302232
CDW,CDW,Information Technology,Equity,0.02,US12514G1085,12514G108,BBM5MD6
CE,CELANESE CORP,Materials,Equity,0.01,US1508701034,150870103,B05MZT4
CEG,CONSTELLATION ENERGY CORP,Utilities,Equity,0.12,US21037T1097,21037T109,BMH4FS1
CELH,CELSIUS HOLDINGS,Consumer Staples,Equity,0.01,US15118V2079,15118V207,B19HX21
CF,CF INDUSTRIES HOLDINGS INC,Materials,Equity,0.03,US1252691001,125269100,B0G4K50
CFG,CITIZENS FINANCIAL GROUP INC,Financials,Equity,0.04,US1746101054,174610105,BQRX1X3
CFR,CULLEN FROST BANKERS INC,Financials,Equity,0.01,US2298991090,229899109,2239556
CG,CARLYLE GROUP INC,Financials,Equity,0.02,US14316J1088,14316J108,BKRTG56
CGNX,COGNEX,Information Technology,Equity,0.01,US1924221039,192422103,2208288
CHD,CHURCH AND DWIGHT INC,Consumer Staples,Equity,0.03,US1713401024,171340102,2195841
CHDN,CHURCHILL DOWNS,Consumer Discretionary,Equity,0.01,US1714841087,171484108,2194105
CHE,CHEMED CORP,Health Care,Equity,0.01,US16359R1032,16359R103,2190084
CHH,CHOICE HOTELS INTERNATIONAL,Consumer Discretionary,Equity,0.00,US1699051066,169905106,2106780
CHRD,CHORD ENERGY,Energy,Equity,0.01,US6742152076,674215207,BLDDYB1
CHRW,CH ROBINSON WORLDWIDE,Industrials,Equity,0.02,US12541W2098,12541W209,2116228
CHTR,CHARTER COMMUNICATIONS CLASS A,Communication,Equity,0.02,US16119P1084,16119P108,BZ6VT82
CHWY,CHEWY INC CLASS A,Consumer Discretionary,Equity,0.01,US16679L1098,16679L109,BJLFHW7
CHYM,CHIME FINANCIAL CLASS A,Financials,Equity,0.01,US16935C1099,16935C109,BTCHBL9
CI,CIGNA,Health Care,Equity,0.10,US1255231003,125523100,BHJ0775
CIEN,CIENA,Information Technology,Equity,0.08,US1717793095,171779309,B1FLZ21
CINF,CINCINNATI FINANCIAL,Financials,Equity,0.04,US1720621010,172062101,2196888
CL,COLGATE-PALMOLIVE,Consumer Staples,Equity,0.10,US1941621039,194162103,2209106
CLF,CLEVELAND CLIFFS INC,Materials,Equity,0.01,US1858991011,185899101,BYVZ186
CLH,CLEAN HARBORS INC,Industrials,Equity,0.02,US1844961078,184496107,2202473
CLX,CLOROX,Consumer Staples,Equity,0.02,US1890541097,189054109,2204026
CMCSA,COMCAST CLASS A,Communication,Equity,0.13,US20030N1019,20030N101,2044545
CME,CME GROUP CLASS A,Financials,Equity,0.14,US12572Q1058,12572Q105,2965839
CMG,CHIPOTLE MEXICAN GRILL,Consumer Discretionary,Equity,0.06,US1696561059,169656105,B0X7DZ3
CMI,CUMMINS INC,Industrials,Equity,0.12,US2310211063,231021106,2240202
CMS,CMS ENERGY,Utilities,Equity,0.03,US1258961002,125896100,2219224
CNA,CNA FINANCIAL CORP,Financials,Equity,0.00,US1261171003,126117100,2204866
CNC,CENTENE CORP,Health Care,Equity,0.05,US15135B1017,15135B101,2807061
CNH,CNH INDUSTRIAL N.V.,Industrials,Equity,0.01,NL0010545661,-,BDX85Z1
CNM,CORE & MAIN INC CLASS A,Industrials,Equity,0.01,US21874C1027,21874C102,BNXKS92
CNP,CENTERPOINT ENERGY,Utilities,Equity,0.04,US15189T1079,15189T107,2440637
COF,CAPITAL ONE FINANCIAL CORP,Financials,Equity,0.19,US14040H1059,14040H105,2654461
COHR,COHERENT,Information Technology,Equity,0.08,US19247G1076,19247G107,BNG8Z81
COIN,COINBASE GLOBAL INC CLASS A,Financials,Equity,0.05,US19260Q1076,19260Q107,BMC9P69
COKE,COCA COLA CONSOLIDATED INC,Consumer Staples,Equity,0.02,US1910981026,191098102,2206721
COLB,COLUMBIA BANKING SYSTEM INC,Financials,Equity,0.01,US1972361026,197236102,2176608
COLD,AMERICOLD REALTY INC TRUST,Real Estate,Equity,0.01,US03064D1081,03064D108,B3SKZK7
COLM,COLUMBIA SPORTSWEAR,Consumer Discretionary,Equity,0.00,US1985161066,198516106,2229126
COO,COOPER,Health Care,Equity,0.02,US2166485019,216648501,BQPDXR3
COP,CONOCOPHILLIPS,Energy,Equity,0.22,US20825C1045,20825C104,2685717
COR,CENCORA,Health Care,Equity,0.08,US03073E1055,03073E105,2795393
CORT,CORCEPT THERAPEUTICS,Health Care,Equity,0.02,US2183521028,218352102,B00SCY1
COST,COSTCO WHOLESALE CORP,Consumer Staples,Equity,0.60,US22160K1051,22160K105,2701271
CPAY,CORPAY,Financials,Equity,0.04,US2199481068,219948106,BMX5GK7
CPB,CAMPBELL SOUP,Consumer Staples,Equity,0.01,US1344291091,134429109,2162845
CPNG,COUPANG CLASS A,Consumer Discretionary,Equity,0.03,US22266T1097,22266T109,BNYHDF3
CPRT,COPART INC,Industrials,Equity,0.04,US2172041061,217204106,2208073
CPT,CAMDEN PROPERTY TRUST REIT,Real Estate,Equity,0.01,US1331311027,133131102,2166320
CR,CRANE,Industrials,Equity,0.01,US2244081046,224408104,BNYD4F8
CRBG,COREBRIDGE FINANCIAL INC,Financials,Equity,0.01,US21871X1090,21871X109,BMTX0G9
CRCL,CIRCLE INTERNET GROUP CLASS A,Information Technology,Equity,0.02,US1725731079,172573107,BL6K237
CRDO,CREDO TECHNOLOGY GROUP HOLDING LTD,Information Technology,Equity,0.06,KYG254571055,-,BLD13F2
CRH,CRH PUBLIC LIMITED PLC,Materials,Equity,0.09,IE0001827041,-,B01ZKD6
CRL,CHARLES RIVER LABORATORIES INTERNA,Health Care,Equity,0.02,US1598641074,159864107,2604336
CRM,SALESFORCE,Information Technology,Equity,0.22,US79466L3024,79466L302,2310525
CROX,CROCS,Consumer Discretionary,Equity,0.01,US2270461096,227046109,B0T7Z62
CRS,CARPENTER TECHNOLOGY CORP,Industrials,Equity,0.04,US1442851036,144285103,2177504
CRUS,CIRRUS LOGIC,Information Technology,Equity,0.01,US1727551004,172755100,2197308
CRWD,CROWDSTRIKE HOLDINGS CLASS A,Information Technology,Equity,0.30,US22788C1053,22788C105,BJJP138
CRWV,COREWEAVE CLASS A,Information Technology,Equity,0.05,US21873S1087,21873S108,BTTRKN7
CSCO,CISCO SYSTEMS INC,Information Technology,Equity,0.62,US17275R1023,17275R102,2198163
CSGP,COSTAR GROUP,Real Estate,Equity,0.02,US22160N1090,22160N109,2262864
CSL,CARLISLE COMPANIES,Industrials,Equity,0.02,US1423391002,142339100,2176318
CSX,CSX,Industrials,Equity,0.13,US1264081035,126408103,2160753
CTAS,CINTAS,Industrials,Equity,0.10,US1729081059,172908105,2197137
CTSH,COGNIZANT TECHNOLOGY SOLUTIONS CLA,Information Technology,Equity,0.04,US1924461023,192446102,2257019
CTVA,CORTEVA,Materials,Equity,0.07,US22052L1044,22052L104,BK73B42
CUBE,CUBESMART REIT,Real Estate,Equity,0.01,US2296631094,229663109,B6SW913
CUZ,COUSINS PROPERTIES REIT INC,Real Estate,Equity,0.01,US2227955026,222795502,BJP0MF6
CVNA,CARVANA CLASS A,Consumer Discretionary,Equity,0.06,US1468691027,146869102,BYQHPG3
CVS,CVS HEALTH,Health Care,Equity,0.17,US1266501006,126650100,2577609
CVX,CHEVRON,Energy,Equity,0.54,US1667641005,166764100,2838555
CW,CURTISS WRIGHT,Industrials,Equity,0.04,US2315611010,231561101,2241205
CWEN,CLEARWAY ENERGY INC CLASS C,Utilities,Equity,0.01,US18539C2044,18539C204,BGJRH57
CZR,CAESARS ENTERTAINMENT INC,Consumer Discretionary,Equity,0.01,US12769G1004,12769G100,BMWWGB0
D,DOMINION ENERGY,Utilities,Equity,0.08,US25746U1097,25746U109,2542049
DAL,DELTA AIR LINES,Industrials,Equity,0.08,US2473617023,247361702,B1W9D46
DAR,DARLING INGREDIENTS,Consumer Staples,Equity,0.02,US2372661015,237266101,2250289
DASH,DOORDASH CLASS A,Consumer Discretionary,Equity,0.11,US25809K1051,25809K105,BN13P03
DBX,DROPBOX INC CLASS A,Information Technology,Equity,0.01,US26210C1045,26210C104,BG0T321
DCI,DONALDSON,Industrials,Equity,0.02,US2576511099,257651109,2276467
DD,DUPONT DE NEMOURS,Industrials,Equity,0.03,US26614N2018,26614N201,BW60F13
DDOG,DATADOG INC CLASS A,Information Technology,Equity,0.11,US23804L1035,23804L103,BKT9Y49
DDS,DILLARDS INC CLASS A,Consumer Discretionary,Equity,0.00,US2540671011,254067101,2269768
DE,DEERE,Industrials,Equity,0.20,US2441991054,244199105,2261203
DECK,DECKERS OUTDOOR,Consumer Discretionary,Equity,0.02,US2435371073,243537107,2267278
DELL,DELL TECHNOLOGIES INC CLASS C,Industrials,Equity,0.20,US24703L2025,24703L202,BHKD3S6
DG,DOLLAR GENERAL CORP,Consumer Staples,Equity,0.04,US2566771059,256677105,B5B1S13
DGX,QUEST DIAGNOSTICS INC,Health Care,Equity,0.04,US74834L1008,74834L100,2702791
DHI,D R HORTON INC,Consumer Discretionary,Equity,0.05,US23331A1097,23331A109,2250687
DHR,DANAHER CORP,Health Care,Equity,0.18,US2358511028,235851102,2250870
DINO,HF SINCLAIR,Energy,Equity,0.02,US4039491000,403949100,BMZQ9C1
DIS,WALT DISNEY,Communication,Equity,0.26,US2546871060,254687106,2270726
DKNG,DRAFTKINGS CLASS A,Consumer Discretionary,Equity,0.02,US26142V1052,26142V105,BLDDH12
DKS,DICKS SPORTING,Consumer Discretionary,Equity,0.02,US2533931026,253393102,2969637
DLB,DOLBY LABORATORIES CLASS A,Information Technology,Equity,0.01,US25659T1079,25659T107,B04NJM9
DLR,DIGITAL REALTY TRUST REIT,Real Estate,Equity,0.10,US2538681030,253868103,B03GQS4
DLTR,DOLLAR TREE INC,Consumer Staples,Equity,0.03,US2567461080,256746108,2272476
DOC,HEALTHPEAK PROPERTIES,Real Estate,Equity,0.02,US42250P1030,42250P103,BJBLRK3
DOCN,DIGITALOCEAN HOLDINGS,Information Technology,Equity,0.01,US25402D1028,25402D102,BNC23Q1
DOCS,DOXIMITY CLASS A,Health Care,Equity,0.00,US26622P1075,26622P107,BMD22Y4
DOCU,DOCUSIGN,Information Technology,Equity,0.02,US2561631068,256163106,BFYT7B7
DOV,DOVER CORP,Industrials,Equity,0.04,US2600031080,260003108,2278407
DOW,DOW,Materials,Equity,0.03,US2605571031,260557103,BHXCF84
DOX,AMDOCS,Information Technology,Equity,0.01,GB0022569080,G02602103,2256908
DPZ,DOMINOS PIZZA,Consumer Discretionary,Equity,0.01,US25754A2015,25754A201,B01SD70
DRI,DARDEN RESTAURANTS INC,Consumer Discretionary,Equity,0.04,US2371941053,237194105,2289874
DRS,LEONARDO DRS INC,Industrials,Equity,0.00,US52661A1088,52661A108,BNSNZQ2
DT,DYNATRACE INC,Information Technology,Equity,0.02,US2681501092,268150109,BJV2RD9
DTE,DTE ENERGY,Utilities,Equity,0.04,US2333311072,233331107,2280220
DTM,DT MIDSTREAM INC,Energy,Equity,0.02,US23345M1071,23345M107,BN7L880
DUK,DUKE ENERGY CORP,Utilities,Equity,0.14,US26441C2044,26441C204,B7VD3F2
DUOL,DUOLINGO CLASS A,Consumer Discretionary,Equity,0.01,US26603R1068,26603R106,BMCM6P4
DVA,DAVITA INC,Health Care,Equity,0.01,US23918K1088,23918K108,2898087
DVN,DEVON ENERGY,Energy,Equity,0.08,US25179M1036,25179M103,2480677
DXCM,DEXCOM INC,Health Care,Equity,0.05,US2521311074,252131107,B0796X4
DY,DYCOM INDUSTRIES INC,Industrials,Equity,0.02,US2674751019,267475101,2289841
EBAY,EBAY,Consumer Discretionary,Equity,0.06,US2786421030,278642103,2293819
ECG,EVERUS CONSTRUCTION GROUP,Industrials,Equity,0.01,US3004261034,300426103,BSVLTM2
ECHO,ECHOSTAR CLASS A,Communication,Equity,0.02,US2787681061,278768106,B2NC471
ECL,ECOLAB,Materials,Equity,0.10,US2788651006,278865100,2304227
ED,CONSOLIDATED EDISON,Utilities,Equity,0.06,US2091151041,209115104,2216850
EEFT,EURONET WORLDWIDE INC,Financials,Equity,0.00,US2987361092,298736109,2320148
EFX,EQUIFAX,Industrials,Equity,0.03,US2944291051,294429105,2319146
EG,EVEREST GROUP,Financials,Equity,0.02,BMG3223R1088,G3223R108,2556868
EGP,EASTGROUP PROPERTIES REIT,Real Estate,Equity,0.01,US2772761019,277276101,2455761
EHC,ENCOMPASS HEALTH CORP,Health Care,Equity,0.02,US29261A1007,29261A100,BYX2YJ7
EIX,EDISON INTERNATIONAL,Utilities,Equity,0.04,US2810201077,281020107,2829515
EL,ESTEE LAUDER INC CLASS A,Consumer Staples,Equity,0.03,US5184391044,518439104,2320524
ELAN,ELANCO ANIMAL HEALTH,Health Care,Equity,0.02,US28414H1032,28414H103,BF5L3T2
ELF,ELF BEAUTY,Consumer Staples,Equity,0.01,US26856L1035,26856L103,BDDQ975
ELS,EQUITY LIFESTYLE PROPERTIES REIT I,Real Estate,Equity,0.02,US29472R1086,29472R108,2563125
ELV,ELEVANCE HEALTH INC,Health Care,Equity,0.12,US0367521038,036752103,BSPHGL4
EME,EMCOR GROUP INC,Industrials,Equity,0.05,US29084Q1004,29084Q100,2474164
EMN,EASTMAN CHEMICAL,Materials,Equity,0.01,US2774321002,277432100,2298386
EMR,EMERSON ELECTRIC,Industrials,Equity,0.12,US2910111044,291011104,2313405
ENPH,ENPHASE ENERGY,Information Technology,Equity,0.01,US29355A1079,29355A107,B65SQW4
ENSG,ENSIGN GROUP,Health Care,Equity,0.01,US29358P1012,29358P101,B1YWPP8
ENTG,ENTEGRIS INC,Information Technology,Equity,0.03,US29362U1043,29362U104,2599700
EOG,EOG RESOURCES,Energy,Equity,0.11,US26875P1012,26875P101,2318024
EPAM,EPAM SYSTEMS,Information Technology,Equity,0.01,US29414B1044,29414B104,B44Z3T8
EPR,EPR PROPERTIES REIT,Real Estate,Equity,0.01,US26884U1097,26884U109,B8XXZP1
EQH,EQUITABLE HOLDINGS INC,Financials,Equity,0.02,US29452E1010,29452E101,BKRMR96
EQIX,EQUINIX REIT,Real Estate,Equity,0.15,US29444U7000,29444U700,BVLZX12
EQT,EQT,Energy,Equity,0.05,US26884L1098,26884L109,2319414
ES,EVERSOURCE ENERGY,Utilities,Equity,0.04,US30040W1080,30040W108,BVVN4Q8
ESAB,ESAB CORP,Industrials,Equity,0.01,US29605J1060,29605J106,BJLTMN5
ESI,ELEMENT SOLUTIONS INC,Materials,Equity,0.01,US28618M1062,28618M106,BJ1C2K1
ESS,ESSEX PROPERTY TRUST REIT,Real Estate,Equity,0.03,US2971781057,297178105,2316619
ESTC,ELASTIC,Information Technology,Equity,0.01,NL0013056914,-,BFXCLC6
ESU6,S&P500 EMINI SEP 26,Cash and/or Derivatives,Futures,0.00,-,-,-
ETN,EATON PLC,Industrials,Equity,0.24,IE00B8KQN827,-,B8KQN82
ETR,ENTERGY CORP,Utilities,Equity,0.07,US29364G1031,29364G103,2317087
ETSY,ETSY,Consumer Discretionary,Equity,0.01,US29786A1060,29786A106,BWTN5N1
EVR,EVERCORE CLASS A,Financials,Equity,0.02,US29977A1051,29977A105,B1BHXZ2
EVRG,EVERGY,Utilities,Equity,0.03,US30034W1062,30034W106,BFMXGR0
EW,EDWARDS LIFESCIENCES,Health Care,Equity,0.07,US28176E1082,28176E108,2567116
EWBC,EAST WEST BANCORP,Financials,Equity,0.03,US27579R1041,27579R104,2487407
EXC,EXELON CORP,Utilities,Equity,0.07,US30161N1019,30161N101,2670519
EXE,EXPAND ENERGY,Energy,Equity,0.03,US1651677353,165167735,BMZ5LZ5
EXEL,EXELIXIS INC,Health Care,Equity,0.02,US30161Q1040,30161Q104,2576941
EXLS,EXLSERVICE HOLDINGS,Industrials,Equity,0.01,US3020811044,302081104,B07LST0
EXP,EAGLE MATERIALS INC,Materials,Equity,0.01,US26969P1084,26969P108,2191399
EXPD,EXPEDITORS INTERNATIONAL OF WASHIN,Industrials,Equity,0.03,US3021301094,302130109,2325507
EXPE,EXPEDIA GROUP,Consumer Discretionary,Equity,0.05,US30212P3038,30212P303,B748CK2
EXR,EXTRA SPACE STORAGE REIT,Real Estate,Equity,0.04,US30225T1025,30225T102,B02HWR9
F,FORD MOTOR CO,Consumer Discretionary,Equity,0.08,US3453708600,345370860,2615468
FAF,FIRST AMERICAN FINANCIAL CORP,Financials,Equity,0.01,US31847R1023,31847R102,B4NFPK4
FANG,DIAMONDBACK ENERGY,Energy,Equity,0.06,US25278X1090,25278X109,B7Y8YR3
FAST,FASTENAL,Industrials,Equity,0.08,US3119001044,311900104,2332262
FAU6,S&P MID 400 EMINI SEP 26,Cash and/or Derivatives,Futures,0.00,-,-,-
FBIN,FORTUNE BRANDS INNOVATIONS INC,Industrials,Equity,0.01,US34964C1062,34964C106,B3MC7D6
FCN,FTI CONSULTING INC,Industrials,Equity,0.01,US3029411093,302941109,2351449
FCNCA,FIRST CITIZENS BANCSHARES INC CLAS,Financials,Equity,0.02,US31946M1036,31946M103,2355582
FCX,FREEPORT MCMORAN INC,Materials,Equity,0.13,US35671D8570,35671D857,2352118
FDS,FACTSET RESEARCH SYSTEMS,Financials,Equity,0.01,US3030751057,303075105,2329770
FDX,FEDEX CORP,Industrials,Equity,0.10,US31428X1063,31428X106,2142784
FDXF,FEDEX FREIGHT HOLDING COMPANY INC,Industrials,Equity,0.02,US3143521058,314352105,BVSVT37
FE,FIRSTENERGY CORP,Utilities,Equity,0.04,US3379321074,337932107,2100920
FERG,FERGUSON ENTERPRISES INC,Industrials,Equity,0.07,US31488V1070,31488V107,BS6VHW3
FFIV,F5 INC,Information Technology,Equity,0.03,US3156161024,315616102,2427599
FHB,FIRST HAWAIIAN,Financials,Equity,0.00,US32051X1081,32051X108,BDC6HG1
FHN,FIRST HORIZON CORP,Financials,Equity,0.02,US3205171057,320517105,2341484
FICO,FAIR ISAAC,Information Technology,Equity,0.03,US3032501047,303250104,2330299
FIG,FIGMA CLASS A,Information Technology,Equity,0.01,US3168411052,316841105,BSML6T7
FIGR,FIGURE TECHNOLOGY SOLUTIONS CLASS,Financials,Equity,0.01,US3493811034,349381103,BVLD6Y0
FIS,FIDELITY NATIONAL INFORMATION SERV,Financials,Equity,0.03,US31620M1062,31620M106,2769796
FISV,FISERV INC,Financials,Equity,0.04,US3377381088,337738108,2342034
FITB,FIFTH THIRD BANCORP,Financials,Equity,0.07,US3167731005,316773100,2336747
FIVE,FIVE BELOW,Consumer Discretionary,Equity,0.02,US33829M1018,33829M101,B85KFY9
FIX,COMFORT SYSTEMS USA,Industrials,Equity,0.09,US1999081045,199908104,2036047
FLEX,FLEX LTD,Information Technology,Equity,0.06,SG9999000020,Y2573F102,2353058
FLS,FLOWSERVE,Industrials,Equity,0.01,US34354P1057,34354P105,2288406
FLUT,FLUTTER ENTERTAINMENT PLC,Consumer Discretionary,Equity,0.02,IE00BWT6H894,-,BWZMZF4
FN,FABRINET,Information Technology,Equity,0.02,KYG3323L1005,-,B4JSZL8
FNB,FNB CORP,Financials,Equity,0.01,US3025201019,302520101,2041308
FND,FLOOR DECOR HOLDINGS CLASS A,Consumer Discretionary,Equity,0.01,US3397501012,339750101,BYQHP96
FNF,FIDELITY NATIONAL FINANCIAL INC,Financials,Equity,0.02,US31620R3030,31620R303,BNBRDD4
FORM,FORMFACTOR INC,Information Technology,Equity,0.01,US3463751087,346375108,2891826
FOUR,SHIFT4 PAYMENTS CLASS A,Financials,Equity,0.00,US82452J1097,82452J109,BLF0L75
FOX,FOX CLASS B,Communication,Equity,0.01,US35137L2043,35137L204,BJJMGY5
FOXA,FOX CLASS A,Communication,Equity,0.02,US35137L1052,35137L105,BJJMGL2
FPS,FORGENT POWER SOLUTIONS CLASS A,Industrials,Equity,0.01,US34631F1021,34631F102,BV9C843
FR,FIRST INDUSTRIAL REALTY TRUST,Real Estate,Equity,0.01,US32054K1034,32054K103,2360757
FRHC,FREEDOM HOLDING CORP,Financials,Equity,0.00,US3563901046,356390104,BF242Z3
FRMI,FERMI INC,Real Estate,Equity,0.00,US3149111086,314911108,BV2HGM9
FRPT,FRESHPET,Consumer Staples,Equity,0.00,US3580391056,358039105,BS7K7M9
FRT,FEDERAL REALTY INVESTMENT TRUST RE,Real Estate,Equity,0.01,US3137451015,313745101,BN7P9B2
FSLR,FIRST SOLAR,Information Technology,Equity,0.03,US3364331070,336433107,B1HMF22
FTAI,FTAI AVIATION,Industrials,Equity,0.03,KYG3730V1059,-,BLKFTK4
FTI,TECHNIPFMC PLC,Energy,Equity,0.04,GB00BDSFG982,-,BDSFG98
FTNT,FORTINET,Information Technology,Equity,0.13,US34959E1091,34959E109,B5B2106
FTV,FORTIVE,Industrials,Equity,0.03,US34959J1088,34959J108,BYT3MK1
FWONA,LIBERTY MEDIA FORMULA ONE SERIES A,Communication,Equity,0.00,US5312297717,531229771,BPLYVM4
FWONK,LIBERTY MEDIA FORMULA ONE SERIES C,Communication,Equity,0.03,US5312297550,531229755,BPLYVN5
G,GENPACT,Industrials,Equity,0.01,BMG3922B1072,G3922B107,B23DBK6
GAP,GAP,Consumer Discretionary,Equity,0.01,US3647601083,364760108,2360326
GD,GENERAL DYNAMICS CORP,Industrials,Equity,0.14,US3695501086,369550108,2365161
GDDY,GODADDY CLASS A,Information Technology,Equity,0.02,US3802371076,380237107,BWFRFC6
GE,GE AEROSPACE,Industrials,Equity,0.54,US3696043013,369604301,BL59CR9
GEHC,GE HEALTHCARE TECHNOLOGIES,Health Care,Equity,0.05,US36266G1076,36266G107,BL6JPG8
GEN,GEN DIGITAL,Information Technology,Equity,0.02,US6687711084,668771108,BJN4XN5
GEV,GE VERNOVA INC,Industrials,Equity,0.38,US36828A1016,36828A101,BP6H4Y1
GFL,GFL ENVIRONMENTAL SUBORDINATE VOTI,Industrials,Equity,0.01,CA36168Q1046,36168Q104,BKDT650
GFS,GLOBALFOUNDRIES,Information Technology,Equity,0.01,KYG393871085,-,BMW7F63
GGG,GRACO,Industrials,Equity,0.02,US3841091040,384109104,2380443
GH,GUARDANT HEALTH,Health Care,Equity,0.03,US40131M1099,40131M109,BFXC911
GILD,GILEAD SCIENCES INC,Health Care,Equity,0.25,US3755581036,375558103,2369174
GIS,GENERAL MILLS INC,Consumer Staples,Equity,0.03,US3703341046,370334104,2367026
GL,GLOBE LIFE,Financials,Equity,0.02,US37959E1029,37959E102,BK6YKG1
GLPI,GAMING AND LEISURE PROPERTIES REIT,Real Estate,Equity,0.02,US36467J1088,36467J108,BFPK4S5
GLW,CORNING,Information Technology,Equity,0.18,US2193501051,219350105,2224701
GLXY,GALAXY DIGITAL INC CLASS A,Financials,Equity,0.01,US36317J2096,36317J209,BV97X10
GM,GENERAL MOTORS,Consumer Discretionary,Equity,0.11,US37045V1008,37045V100,B665KZ5
GME,GAMESTOP CLASS A,Consumer Discretionary,Equity,0.01,US36467W1099,36467W109,B0LLFT5
GMED,GLOBUS MEDICAL CLASS A,Health Care,Equity,0.01,US3795772082,379577208,B7D65M0
GNRC,GENERAC HOLDINGS,Industrials,Equity,0.02,US3687361044,368736104,B6197Q2
GNTX,GENTEX,Consumer Discretionary,Equity,0.01,US3719011096,371901109,2366799
GOOG,ALPHABET CLASS C,Communication,Equity,2.28,US02079K1079,02079K107,BYY88Y7
GOOGL,ALPHABET CLASS A,Communication,Equity,2.82,US02079K3059,02079K305,BYVY8G0
GPC,GENUINE PARTS,Consumer Discretionary,Equity,0.03,US3724601055,372460105,2367480
GPK,GRAPHIC PACKAGING HOLDING,Materials,Equity,0.00,US3886891015,388689101,B2Q8249
GPN,GLOBAL PAYMENTS INC,Financials,Equity,0.03,US37940X1028,37940X102,2712013
GRMN,GARMIN,Consumer Discretionary,Equity,0.07,CH0114405324,-,B3Z5T14
GS,GOLDMAN SACHS GROUP INC,Financials,Equity,0.42,US38141G1040,38141G104,2407966
GSAT,GLOBALSTAR VOTING,Communication,Equity,0.01,US3789735079,378973507,BRJMM32
GTES,GATES INDUSTRIAL PLC,Industrials,Equity,0.01,BMG391041073,-,BPY0594
GTLB,GITLAB CLASS A,Information Technology,Equity,0.01,US37637K1088,37637K108,BMTVT22
GWRE,GUIDEWIRE SOFTWARE,Information Technology,Equity,0.02,US40171V1008,40171V100,B7JYSG3
GWW,WW GRAINGER INC,Industrials,Equity,0.08,US3848021040,384802104,2380863
GXO,GXO LOGISTICS,Industrials,Equity,0.01,US36262G1013,36262G101,BNNTGF1
H,HYATT HOTELS CORP CLASS A,Consumer Discretionary,Equity,0.01,US4485791028,448579102,B5B82X4
HAL,HALLIBURTON,Energy,Equity,0.04,US4062161017,406216101,2405302
HALO,HALOZYME THERAPEUTICS,Health Care,Equity,0.02,US40637H1095,40637H109,2975098
HAS,HASBRO,Consumer Discretionary,Equity,0.02,US4180561072,418056107,2414580
HAYW,HAYWARD HOLDINGS,Industrials,Equity,0.00,US4212981009,421298100,BMFQC33
HBAN,HUNTINGTON BANCSHARES INC,Financials,Equity,0.05,US4461501045,446150104,2445966
HCA,HCA HEALTHCARE INC,Health Care,Equity,0.09,US40412C1018,40412C101,B4MGBG6
HD,HOME DEPOT,Consumer Discretionary,Equity,0.47,US4370761029,437076102,2434209
HEI,HEICO,Industrials,Equity,0.02,US4228061093,422806109,2419217
HEIA,HEICO CLASS A,Industrials,Equity,0.03,US4228062083,422806208,2237561
HHH,HOWARD HUGHES HOLDINGS INC,Real Estate,Equity,0.00,US44267T1025,44267T102,BR1W702
HIG,HARTFORD INSURANCE GROUP,Financials,Equity,0.05,US4165151048,416515104,2476193
HII,HUNTINGTON INGALLS INDUSTRIES,Industrials,Equity,0.02,US4464131063,446413106,B40SSC9
HL,HECLA MINING,Materials,Equity,0.02,US4227041062,422704106,2418601
HLI,HOULIHAN LOKEY INC CLASS A,Financials,Equity,0.01,US4415931009,441593100,BYQ3PM7
HLNE,HAMILTON LANE CLASS A,Financials,Equity,0.01,US4074971064,407497106,BF0SR29
HLT,HILTON WORLDWIDE HOLDINGS INC,Consumer Discretionary,Equity,0.10,US43300A2033,43300A203,BYVMW06
HOLX,HOLOGIC INC,Health Care,Equity,0.00,US436CVR0216,436CVR021,9924331
HON,HONEYWELL INTERNATIONAL INC,Industrials,Equity,0.10,US4385162056,438516205,BN7RHC5
HONA,HONEYWELL AEROSPACE INC,Industrials,Equity,0.07,US43849R1059,43849R105,BN7RHB4
HOOD,ROBINHOOD MARKETS CLASS A,Financials,Equity,0.10,US7707001027,770700102,BP0TQN6
HPE,HEWLETT PACKARD ENTERPRISE,Information Technology,Equity,0.10,US42824C1099,42824C109,BYVYWS0
HPQ,HP INC,Information Technology,Equity,0.04,US40434L1052,40434L105,BYX4D52
HR,HEALTHCARE REALTY TRUST INC CLASS,Real Estate,Equity,0.01,US42226K1051,42226K105,BPQWHP8
HRB,H&R BLOCK INC,Consumer Discretionary,Equity,0.01,US0936711052,093671105,2105505
HRL,HORMEL FOODS CORP,Consumer Staples,Equity,0.01,US4404521001,440452100,2437264
HSIC,HENRY SCHEIN,Health Care,Equity,0.01,US8064071025,806407102,2416962
HST,HOST HOTELS & RESORTS REIT,Real Estate,Equity,0.02,US44107P1049,44107P104,2567503
HSY,HERSHEY FOODS,Consumer Staples,Equity,0.04,US4278661081,427866108,2422806
HUBB,HUBBELL INC,Industrials,Equity,0.04,US4435106079,443510607,BDFG6S3
HUBS,HUBSPOT,Information Technology,Equity,0.02,US4435731009,443573100,BR4T3B3
HUM,HUMANA,Health Care,Equity,0.06,US4448591028,444859102,2445063
HWM,HOWMET AEROSPACE,Industrials,Equity,0.16,US4432011082,443201108,BKLJ8V2
HXL,HEXCEL,Industrials,Equity,0.01,US4282911084,428291108,2416779
IBKR,INTERACTIVE BROKERS GROUP INC CLAS,Financials,Equity,0.06,US45841N1072,45841N107,B1WT4X2
IBM,INTERNATIONAL BUSINESS MACHINES,Information Technology,Equity,0.31,US4592001014,459200101,2005973
ICE,INTERCONTINENTAL EXCHANGE INC,Financials,Equity,0.12,US45866F1049,45866F104,BFSSDS9
IDA,IDACORP,Utilities,Equity,0.01,US4511071064,451107106,2296937
IDXX,IDEXX LABORATORIES INC,Health Care,Equity,0.06,US45168D1046,45168D104,2459202
IESC,IES INC,Industrials,Equity,0.01,US44951W1062,44951W106,BD978B9
IEX,IDEX,Industrials,Equity,0.02,US45167R1041,45167R104,2456612
IFF,INTERNATIONAL FLAVORS & FRAGRANCES,Materials,Equity,0.03,US4595061015,459506101,2464165
ILMN,ILLUMINA INC,Health Care,Equity,0.04,US4523271090,452327109,2613990
INCY,INCYTE CORP,Health Care,Equity,0.03,US45337C1027,45337C102,2471950
INGM,INGRAM MICRO HOLDING,Information Technology,Equity,0.00,US4571521065,457152106,BS5YN47
INGR,INGREDION INC,Consumer Staples,Equity,0.01,US4571871023,457187102,B7K24P7
INSM,INSMED INC,Health Care,Equity,0.04,US4576693075,457669307,2614487
INTC,INTEL CORPORATION,Information Technology,Equity,0.62,US4581401001,458140100,2463247
INTU,INTUIT,Information Technology,Equity,0.13,US4612021034,461202103,2459020
INVH,INVITATION HOMES,Real Estate,Equity,0.02,US46187W1071,46187W107,BD81GW9
IONQ,IONQ,Information Technology,Equity,0.02,US46222L1089,46222L108,BP484B3
IONS,IONIS PHARMACEUTICALS,Health Care,Equity,0.01,US4622221004,462222100,BDJ0LS6
IOT,SAMSARA CLASS A,Information Technology,Equity,0.02,US79589L1061,79589L106,BPK3058
IP,INTERNATIONAL PAPER,Materials,Equity,0.03,US4601461035,460146103,2465254
IPGP,IPG PHOTONICS CORP,Information Technology,Equity,0.00,US44980X1090,44980X109,2698782
IQV,IQVIA HOLDINGS INC,Health Care,Equity,0.06,US46266C1053,46266C105,BDR73G1
IR,INGERSOLL RAND INC,Industrials,Equity,0.04,US45687V1061,45687V106,BL5GZ82
IRDM,IRIDIUM COMMUNICATIONS,Communication,Equity,0.01,US46269C1027,46269C102,B2QH310
IREN,IREN,Information Technology,Equity,0.02,AU0000185993,-,BMQ80V2
IRM,IRON MOUNTAIN INC,Real Estate,Equity,0.05,US46284V1017,46284V101,BVFTF03
ISRG,INTUITIVE SURGICAL INC,Health Care,Equity,0.19,US46120E6023,46120E602,2871301
IT,GARTNER,Information Technology,Equity,0.02,US3666511072,366651107,2372763
ITT,ITT INC,Industrials,Equity,0.03,US45073V1089,45073V108,BZBY209
ITW,ILLINOIS TOOL INC,Industrials,Equity,0.12,US4523081093,452308109,2457552
IVZ,INVESCO LTD,Financials,Equity,0.02,BMG491BT1088,-,B28XP76
J,JACOBS SOLUTIONS INC,Industrials,Equity,0.02,US46982L1089,46982L108,BNGC0D3
JAN,JANUS LIVING INC CLASS A,Real Estate,Equity,0.00,US4710241096,471024109,BV6NBP1
JAZZ,JAZZ PHARMACEUTICALS PLC,Health Care,Equity,0.02,IE00B4Q5ZN47,-,B4Q5ZN4
JBHT,JB HUNT TRANSPORT SERVICES,Industrials,Equity,0.03,US4456581077,445658107,2445416
JBL,JABIL,Information Technology,Equity,0.05,US4663131039,466313103,2471789
JBS,JBS N V NV CLASS A,Consumer Staples,Equity,0.01,NL0015002J37,-,BT18HL5
JCI,JOHNSON CONTROLS INTERNATIONAL PLC,Industrials,Equity,0.13,IE00BY7QL619,-,BY7QL61
JEF,JEFFERIES FINANCIAL GROUP INC,Financials,Equity,0.01,US47233W1099,47233W109,BG0Q4Z2
JHX,JAMES HARDIE INDUSTRIES PLC,Materials,Equity,0.01,IE000R94NGM2,-,BT18HQ0
JKHY,JACK HENRY AND ASSOCIATES INC,Financials,Equity,0.02,US4262811015,426281101,2469193
JLL,JONES LANG LASALLE,Real Estate,Equity,0.02,US48020Q1076,48020Q107,2040640
JNJ,JOHNSON & JOHNSON,Health Care,Equity,0.92,US4781601046,478160104,2475833
JPM,JPMORGAN CHASE & CO,Financials,Equity,1.37,US46625H1005,46625H100,2190385
KBR,KBR INC,Industrials,Equity,0.01,US48242W1062,48242W106,B1HHB18
KD,KYNDRYL HOLDINGS,Information Technology,Equity,0.00,US50155Q1004,50155Q100,BP6JW21
KDP,KEURIG DR PEPPER INC,Consumer Staples,Equity,0.06,US49271V1008,49271V100,BD3W133
KEX,KIRBY CORP,Industrials,Equity,0.01,US4972661064,497266106,2493534
KEY,KEYCORP,Financials,Equity,0.03,US4932671088,493267108,2490911
KEYS,KEYSIGHT TECHNOLOGIES,Information Technology,Equity,0.08,US49338L1035,49338L103,BQZJ0Q9
KHC,KRAFT HEINZ,Consumer Staples,Equity,0.03,US5007541064,500754106,BYRY499
KIM,KIMCO REALTY REIT CORP,Real Estate,Equity,0.02,US49446R1095,49446R109,2491594
KKR,KKR AND CO INC,Financials,Equity,0.10,US48251W1045,48251W104,BG1FRR1
KLAC,KLA,Information Technology,Equity,0.36,US4824801009,482480100,2480138
KMB,KIMBERLY CLARK,Consumer Staples,Equity,0.05,US4943681035,494368103,2491839
KMI,KINDER MORGAN,Energy,Equity,0.09,US49456B1017,49456B101,B3NQ4P8
KMX,CARMAX INC,Consumer Discretionary,Equity,0.01,US1431301027,143130102,2983563
KNSL,KINSALE CAPITAL GROUP INC,Financials,Equity,0.01,US49714P1084,49714P108,BD1MGQ3
KNX,KNIGHT-SWIFT TRANSPORTATION HOLDIN,Industrials,Equity,0.02,US4990491049,499049104,BF0LKD0
KO,COCA-COLA,Consumer Staples,Equity,0.49,US1912161007,191216100,2206657
KR,KROGER,Consumer Staples,Equity,0.04,US5010441013,501044101,2497406
KRC,KILROY REALTY REIT,Real Estate,Equity,0.01,US49427F1084,49427F108,2495529
KRMN,KARMAN HOLDINGS INC,Industrials,Equity,0.01,US4859241048,485924104,BTRFVH4
KTOS,KRATOS DEFENSE AND SECURITY SOLUTI,Industrials,Equity,0.02,US50077B2079,50077B207,2512149
KVUE,KENVUE,Consumer Staples,Equity,0.05,US49177J1025,49177J102,BQ84ZQ6
KVYO,KLAVIYO SERIES A,Information Technology,Equity,0.00,US49845K1016,49845K101,BN4JNC6
L,LOEWS,Financials,Equity,0.03,US5404241086,540424108,2523022
LAD,LITHIA MOTORS INC CLASS A,Consumer Discretionary,Equity,0.01,US5367971034,536797103,2515030
LAMR,LAMAR ADVERTISING COMPANY  CLAS,Real Estate,Equity,0.02,US5128161099,512816109,BSPHGN6
LAZ,LAZARD,Financials,Equity,0.01,US52110M1099,52110M109,BRT46K3
LBRDA,LIBERTY BROADBAND CORP SERIES A,Communication,Equity,0.00,US5303071071,530307107,BRTLBY3
LBRDK,LIBERTY BROADBAND CORP SERIES C,Communication,Equity,0.01,US5303073051,530307305,BRTLC06
LBTYA,LIBERTY GLOBAL LTD CLASS A,Communication,Equity,0.00,BMG611881019,G61188101,BS71B31
LBTYK,LIBERTY GLOBAL LTD CLASS C,Communication,Equity,0.00,BMG611881274,G61188127,BS71BR5
LDOS,LEIDOS HOLDINGS,Industrials,Equity,0.03,US5253271028,525327102,BDV82B8
LEA,LEAR,Consumer Discretionary,Equity,0.01,US5218652049,521865204,B570P91
LECO,LINCOLN ELECTRIC HOLDINGS INC,Industrials,Equity,0.02,US5339001068,533900106,2516851
LEN,LENNAR A CORP CLASS A,Consumer Discretionary,Equity,0.02,US5260571048,526057104,2511920
LENB,LENNAR CORP CLASS B,Consumer Discretionary,Equity,0.00,US5260573028,526057302,2578293
LFUS,LITTELFUSE,Information Technology,Equity,0.01,US5370081045,537008104,2531832
LH,LABCORP HOLDINGS,Health Care,Equity,0.04,US5049221055,504922105,BSBK800
LHX,L3HARRIS TECHNOLOGIES,Industrials,Equity,0.07,US5024311095,502431109,BK9DTN5
LII,LENNOX INTERNATIONAL INC,Industrials,Equity,0.02,US5261071071,526107107,2442053
LIN,LINDE PLC,Materials,Equity,0.31,IE000S9YS762,-,BNZHB81
LINE,LINEAGE,Real Estate,Equity,0.00,US53566V1061,53566V106,BP5DSY8
LITE,LUMENTUM HOLDINGS,Information Technology,Equity,0.09,US55024U1097,55024U109,BYM9ZP2
LKQ,LKQ CORP,Consumer Discretionary,Equity,0.01,US5018892084,501889208,2971029
LLY,ELI LILLY,Health Care,Equity,1.38,US5324571083,532457108,2516152
LLYVA,LIBERTY LIVE HOLDINGS INC SERIES A,Communication,Equity,0.00,US5309091008,530909100,BVV5T25
LLYVK,LIBERTY LIVE HOLDINGS INC SERIES C,Communication,Equity,0.01,US5309093087,530909308,BW9HRR1
LMT,LOCKHEED MARTIN CORP,Industrials,Equity,0.17,US5398301094,539830109,2522096
LNC,LINCOLN NATIONAL CORP,Financials,Equity,0.01,US5341871094,534187109,2516378
LNG,CHENIERE ENERGY INC,Energy,Equity,0.08,US16411R2085,16411R208,2654364
LNT,ALLIANT ENERGY CORP,Utilities,Equity,0.03,US0188021085,018802108,2973821
LOAR,LOAR HOLDINGS,Industrials,Equity,0.00,US53947R1059,53947R105,BLDCK32
LOPE,GRAND CANYON EDUCATION INC,Consumer Discretionary,Equity,0.01,US38526M1062,38526M106,B3F1XM1
LOW,LOWES COMPANIES INC,Consumer Discretionary,Equity,0.17,US5486611073,548661107,2536763
LPLA,LPL FINANCIAL HOLDINGS,Financials,Equity,0.04,US50212V1008,50212V100,B75JX34
LPX,LOUISIANA PACIFIC,Industrials,Equity,0.01,US5463471053,546347105,2535243
LRCX,LAM RESEARCH,Information Technology,Equity,0.58,US5128073062,512807306,BSML4N7
LSCC,LATTICE SEMICONDUCTOR,Information Technology,Equity,0.02,US5184151042,518415104,2506658
LSTR,LANDSTAR SYSTEM,Industrials,Equity,0.01,US5150981018,515098101,2503994
LULU,LULULEMON ATHLETICA,Consumer Discretionary,Equity,0.02,US5500211090,550021109,B23FN39
LUV,SOUTHWEST AIRLINES,Industrials,Equity,0.03,US8447411088,844741108,2831543
LVS,LAS VEGAS SANDS,Consumer Discretionary,Equity,0.02,US5178341070,517834107,B02T2J7
LW,LAMB WESTON HOLDINGS,Consumer Staples,Equity,0.01,US5132721045,513272104,BDQZFJ3
LYB,LYONDELLBASELL INDUSTRIES CLASS A,Materials,Equity,0.02,NL0009434992,-,B3SPXZ3
LYFT,LYFT CLASS A,Industrials,Equity,0.01,US55087P1049,55087P104,BJT1RW7
LYV,LIVE NATION ENTERTAINMENT,Communication,Equity,0.04,US5380341090,538034109,B0T7YX2
M,MACYS INC,Consumer Discretionary,Equity,0.01,US55616P1049,55616P104,2345022
MA,MASTERCARD CLASS A,Financials,Equity,0.65,US57636Q1040,57636Q104,B121557
MAA,MID AMERICA APARTMENT COMMUNITIES,Real Estate,Equity,0.02,US59522J1034,59522J103,2589132
MANH,MANHATTAN ASSOCIATES,Information Technology,Equity,0.02,US5627501092,562750109,2239471
MAR,MARRIOTT INTERNATIONAL CLASS A,Consumer Discretionary,Equity,0.11,US5719032022,571903202,2210614
MAS,MASCO,Industrials,Equity,0.02,US5745991068,574599106,2570200
MAT,MATTEL INC,Consumer Discretionary,Equity,0.01,US5770811025,577081102,2572303
MBGL,MOBILITY GLOBAL INC,Industrials,Equity,0.01,US60744M1062,60744M106,BWM34D1
MCD,MCDONALDS CORP,Consumer Discretionary,Equity,0.27,US5801351017,580135101,2550707
MCHP,MICROCHIP TECHNOLOGY INC,Information Technology,Equity,0.06,US5950171042,595017104,2592174
MCK,MCKESSON CORP,Health Care,Equity,0.15,US58155Q1031,58155Q103,2378534
MCO,MOODYS CORP,Financials,Equity,0.10,US6153691059,615369105,2252058
MDB,MONGODB CLASS A,Information Technology,Equity,0.05,US60937P1066,60937P106,BF2FJ99
MDGL,MADRIGAL PHARMACEUTICALS,Health Care,Equity,0.01,US5588681057,558868105,BD59BS7
MDLN,MEDLINE CLASS A,Health Care,Equity,0.02,US58507V1070,58507V107,BNBV4B1
MDLZ,MONDELEZ INTERNATIONAL INC CLASS A,Consumer Staples,Equity,0.11,US6092071058,609207105,B8CKK03
MDT,MEDTRONIC PLC,Health Care,Equity,0.17,IE00BTN1Y115,G5960L103,BTN1Y11
MDU,MDU RESOURCES GROUP,Utilities,Equity,0.01,US5526901096,552690109,2547323
MEDP,MEDPACE HOLDINGS,Health Care,Equity,0.02,US58506Q1094,58506Q109,BDCBC61
MET,METLIFE,Financials,Equity,0.07,US59156R1086,59156R108,2573209
META,META PLATFORMS CLASS A,Communication,Equity,1.68,US30303M1027,30303M102,B7TL820
MFP,MIDERA FOOD PROCESSING INC,Industrials,Equity,0.00,US59739R1041,59739R104,BNVVRW3
MGM,MGM RESORTS INTERNATIONAL,Consumer Discretionary,Equity,0.01,US5529531015,552953101,2547419
MHK,MOHAWK INDUSTRIES,Consumer Discretionary,Equity,0.01,US6081901042,608190104,2598699
MIDD,MIDDLEBY,Industrials,Equity,0.01,US5962781010,596278101,2590930
MKC,MCCORMICK & CO NON-VOTING,Consumer Staples,Equity,0.02,US5797802064,579780206,2550161
MKL,MARKEL GROUP,Financials,Equity,0.03,US5705351048,570535104,2566436
MKSI,MKS,Information Technology,Equity,0.03,US55306N1046,55306N104,2404871
MKTX,MARKETAXESS HOLDINGS,Financials,Equity,0.01,US57060D1081,57060D108,B03Q9D0
MLI,MUELLER INDUSTRIES INC,Industrials,Equity,0.02,US6247561029,624756102,2609717
MLM,MARTIN MARIETTA MATERIALS,Materials,Equity,0.04,US5732841060,573284106,2572079
MMM,3M,Industrials,Equity,0.13,US88579Y1010,88579Y101,2595708
MNST,MONSTER BEVERAGE CORP,Consumer Staples,Equity,0.09,US61174X1090,61174X109,BZ07BW4
MO,ALTRIA GROUP INC,Consumer Staples,Equity,0.15,US02209S1033,02209S103,2692632
MOD,MODINE MANUFACTURING,Industrials,Equity,0.01,US6078281002,607828100,2598354
MOH,MOLINA HEALTHCARE INC,Health Care,Equity,0.01,US60855R1005,60855R100,2212706
MORN,MORNINGSTAR,Financials,Equity,0.01,US6177001095,617700109,B081VR8
MOS,MOSAIC,Materials,Equity,0.01,US61945C1036,61945C103,B3NPHP6
MP,MP MATERIALS CORP CLASS A,Materials,Equity,0.01,US5533681012,553368101,BN15Y35
MPC,MARATHON PETROLEUM,Energy,Equity,0.15,US56585A1025,56585A102,B3K3L40
MPT,MEDICAL PROPERTIES TRUST REIT INC,Real Estate,Equity,0.00,US58463J3041,58463J304,B0JL5L9
MPWR,MONOLITHIC POWER SYSTEMS INC,Information Technology,Equity,0.09,US6098391054,609839105,B01Z7J1
MRK,MERCK & CO INC,Health Care,Equity,0.47,US58933Y1055,58933Y105,2778844
MRNA,MODERNA INC,Health Care,Equity,0.03,US60770K1079,60770K107,BGSXTS3
MRP,MILLROSE PROPERTIES INC CLASS A,Real Estate,Equity,0.01,US6011371027,601137102,BRCFZ51
MRSH,MARSH INC,Financials,Equity,0.13,US5717481023,571748102,2567741
MRVL,MARVELL TECHNOLOGY,Information Technology,Equity,0.27,US5738741041,573874104,BNKJSM5
MS,MORGAN STANLEY,Financials,Equity,0.34,US6174464486,617446448,2262314
MSA,MSA SAFETY,Industrials,Equity,0.01,US5534981064,553498106,BKM4S16
MSCI,MSCI INC,Financials,Equity,0.06,US55354G1004,55354G100,B2972D2
MSFT,MICROSOFT,Information Technology,Equity,5.03,US5949181045,594918104,2588173
MSGS,MADISON SQUARE GARDEN SPORTS CLASS,Communication,Equity,0.01,US55825T1034,55825T103,BYQCZ35
MSI,MOTOROLA SOLUTIONS INC,Information Technology,Equity,0.11,US6200763075,620076307,B5BKPQ4
MSM,MSC INDUSTRIAL CLASS A,Industrials,Equity,0.01,US5535301064,553530106,2567655
MSTR,STRATEGY INC CLASS A,Information Technology,Equity,0.04,US5949724083,594972408,2974329
MTB,M&T BANK,Financials,Equity,0.05,US55261F1049,55261F104,2340168
MTCH,MATCH GROUP INC,Communication,Equity,0.01,US57667L1070,57667L107,BK80XH9
MTD,METTLER TOLEDO,Health Care,Equity,0.04,US5926881054,592688105,2126249
MTDR,MATADOR RESOURCES,Energy,Equity,0.01,US5764852050,576485205,B7MSLL8
MTG,MGIC INVESTMENT,Financials,Equity,0.01,US5528481030,552848103,2548616
MTN,VAIL RESORTS,Consumer Discretionary,Equity,0.01,US91879Q1094,91879Q109,2954194
MTSI,MACOM TECHNOLOGY SOLUTIONS,Information Technology,Equity,0.03,US55405Y1001,55405Y100,B5B15Y5
MTZ,MASTEC INC,Industrials,Equity,0.02,US5763231090,576323109,2155306
MU,MICRON TECHNOLOGY,Information Technology,Equity,1.49,US5951121038,595112103,2588184
MUSA,MURPHY USA,Consumer Discretionary,Equity,0.01,US6267551025,626755102,BCZWJ63
MWH,SOLV ENERGY CLASS A INC,Industrials,Equity,0.00,US78475V1035,78475V103,BWTRBN5
NBIX,NEUROCRINE BIOSCIENCES,Health Care,Equity,0.02,US64125C1099,64125C109,2623911
NCLH,NORWEGIAN CRUISE LINE HOLDINGS,Consumer Discretionary,Equity,0.01,BMG667211046,-,B9CGTC3
NDAQ,NASDAQ INC,Financials,Equity,0.06,US6311031081,631103108,2965107
NDSN,NORDSON,Industrials,Equity,0.02,US6556631025,655663102,2641838
NEE,NEXTERA ENERGY,Utilities,Equity,0.25,US65339F1012,65339F101,2328915
NEM,NEWMONT,Materials,Equity,0.17,US6516391066,651639106,2636607
NET,CLOUDFLARE CLASS A,Information Technology,Equity,0.13,US18915M1071,18915M107,BJXC5M2
NEU,NEWMARKET,Materials,Equity,0.01,US6515871076,651587107,B01CGF1
NFG,NATIONAL FUEL GAS,Utilities,Equity,0.01,US6361801011,636180101,2626103
NFLX,NETFLIX,Communication,Equity,0.46,US64110L1061,64110L106,2857817
NI,NISOURCE,Utilities,Equity,0.03,US65473P1057,65473P105,2645409
NIQ,NIQ GLOBAL INTELLIGENCE PLC,Communication,Equity,0.00,IE000JMT8VI3,-,BTMJ438
NKE,NIKE CLASS B,Consumer Discretionary,Equity,0.07,US6541061031,654106103,2640147
NLY,ANNALY CAPITAL MANAGEMENT REIT INC,Financials,Equity,0.02,US0357108390,035710839,BPMQ7X2
NNN,NNN REIT,Real Estate,Equity,0.01,US6374171063,637417106,2211811
NOC,NORTHROP GRUMMAN CORP,Industrials,Equity,0.11,US6668071029,666807102,2648806
NOV,NOV INC,Energy,Equity,0.01,US62955J1034,62955J103,BN2RYW9
NOW,SERVICENOW INC,Information Technology,Equity,0.17,US81762P1021,81762P102,B80NXX8
NRG,NRG ENERGY INC,Utilities,Equity,0.03,US6293775085,629377508,2212922
NSC,NORFOLK SOUTHERN CORP,Industrials,Equity,0.11,US6558441084,655844108,2641894
NTAP,NETAPP INC,Information Technology,Equity,0.06,US64110D1046,64110D104,2630643
NTNX,NUTANIX CLASS A,Information Technology,Equity,0.02,US67059N1081,67059N108,BYQBFT8
NTRA,NATERA,Health Care,Equity,0.06,US6323071042,632307104,BYQRG48
NTRS,NORTHERN TRUST,Financials,Equity,0.05,US6658591044,665859104,2648668
NU,NU HOLDINGS CLASS A,Financials,Equity,0.07,KYG6683N1034,-,BN6NP19
NUE,NUCOR CORP,Materials,Equity,0.08,US6703461052,670346105,2651086
NVDA,NVIDIA CORP,Information Technology,Equity,7.21,US67066G1040,67066G104,2379504
NVR,NVR,Consumer Discretionary,Equity,0.02,US62944T1051,62944T105,2637785
NVST,ENVISTA HOLDINGS CORP,Health Care,Equity,0.01,US29415F1049,29415F104,BK63SF3
NVT,NVENT ELECTRIC PLC,Industrials,Equity,0.04,IE00BDVJJQ56,-,BDVJJQ5
NWS,NEWS CLASS B,Communication,Equity,0.01,US65249B2088,65249B208,BBGVT51
NWSA,NEWS CLASS A,Communication,Equity,0.02,US65249B1098,65249B109,BBGVT40
NXST,NEXSTAR MEDIA GROUP INC,Communication,Equity,0.01,US65336K1034,65336K103,2949758
NXT,NEXTPOWER INC CLASS A,Industrials,Equity,0.02,US65290E1010,65290E101,BR1GTS6
NYT,NEW YORK TIMES CLASS A,Communication,Equity,0.01,US6501111073,650111107,2632003
O,REALTY INCOME REIT,Real Estate,Equity,0.08,US7561091049,756109104,2724193
OC,OWENS CORNING,Industrials,Equity,0.02,US6907421019,690742101,B1FW7Q2
ODFL,OLD DOMINION FREIGHT LINE,Industrials,Equity,0.05,US6795801009,679580100,2656423
OGE,OGE ENERGY,Utilities,Equity,0.01,US6708371033,670837103,2657802
OGN,ORGANON,Health Care,Equity,0.01,US68622V1061,68622V106,BLDC8J4
OHI,OMEGA HEALTHCARE INVESTORS REIT,Real Estate,Equity,0.02,US6819361006,681936100,2043274
OKE,ONEOK,Energy,Equity,0.09,US6826801036,682680103,2130109
OKLO,OKLO CLASS A,Utilities,Equity,0.01,US02156V1098,02156V109,BMD78K7
OKTA,OKTA CLASS A,Information Technology,Equity,0.03,US6792951054,679295105,BDFZSP1
OLED,UNIVERSAL DISPLAY CORP,Information Technology,Equity,0.01,US91347P1057,91347P105,2277880
OLLI,OLLIES BARGAIN OUTLET HOLDINGS INC,Consumer Discretionary,Equity,0.01,US6811161099,681116109,BZ22B38
OLN,OLIN CORP,Materials,Equity,0.00,US6806652052,680665205,2658526
OMC,OMNICOM GROUP INC,Communication,Equity,0.03,US6819191064,681919106,2279303
OMF,ONEMAIN HOLDINGS,Financials,Equity,0.01,US68268W1036,68268W103,BYSZB89
ON,ON SEMICONDUCTOR CORP,Information Technology,Equity,0.04,US6821891057,682189105,2583576
ONON,ON HOLDING AG CLASS A,Consumer Discretionary,Equity,0.01,CH1134540470,-,BPF0FP9
ONTO,ONTO INNOVATION,Information Technology,Equity,0.02,US6833441057,683344105,BKZ7N95
ORCL,ORACLE,Information Technology,Equity,0.34,US68389X1054,68389X105,2661568
ORI,OLD REPUBLIC INTERNATIONAL,Financials,Equity,0.01,US6802231042,680223104,2659109
ORLY,OREILLY AUTOMOTIVE INC,Consumer Discretionary,Equity,0.11,US67103H1077,67103H107,B65LWX6
OSK,OSHKOSH CORP,Industrials,Equity,0.01,US6882392011,688239201,2663520
OTIS,OTIS WORLDWIDE,Industrials,Equity,0.04,US68902V1070,68902V107,BK531S8
OVV,OVINTIV,Energy,Equity,0.03,US69047Q1022,69047Q102,BJ01KB6
OWL,BLUE OWL CAPITAL CLASS A,Financials,Equity,0.01,US09581B1035,09581B103,BN7CQS9
OXY,OCCIDENTAL PETROLEUM CORP,Energy,Equity,0.06,US6745991058,674599105,2655408
OZK,BANK OZK,Financials,Equity,0.01,US06417N1037,06417N103,BZ56Q65
P,EVERPURE INC CLASS A,Information Technology,Equity,0.05,US74624M1027,74624M102,BYZ62T3
PAG,PENSKE AUTOMOTIVE GROUP VOTING INC,Consumer Discretionary,Equity,0.01,US70959W1036,70959W103,2943523
PANW,PALO ALTO NETWORKS,Information Technology,Equity,0.42,US6974351057,697435105,B87ZMX0
PATH,UIPATH INC CLASS A,Information Technology,Equity,0.01,US90364P1057,90364P105,BMD02L5
PAYC,PAYCOM SOFTWARE,Industrials,Equity,0.01,US70432V1026,70432V102,BL95MY0
PAYX,PAYCHEX,Industrials,Equity,0.05,US7043261079,704326107,2674458
PB,PROSPERITY BANCSHARES,Financials,Equity,0.01,US7436061052,743606105,2310257
PCAR,PACCAR INC,Industrials,Equity,0.09,US6937181088,693718108,2665861
PCG,PG&E CORP,Utilities,Equity,0.05,US69331C1080,69331C108,2689560
PCOR,PROCORE TECHNOLOGIES INC,Information Technology,Equity,0.01,US74275K1088,74275K108,BLH11J8
PCTY,PAYLOCITY HOLDING CORP,Industrials,Equity,0.01,US70438V1061,70438V106,BKM4N88
PEG,PUBLIC SERVICE ENTERPRISE GROUP IN,Utilities,Equity,0.05,US7445731067,744573106,2707677
PEGA,PEGASYSTEMS,Information Technology,Equity,0.00,US7055731035,705573103,2675860
PEN,PENUMBRA,Health Care,Equity,0.02,US70975L1070,70975L107,BZ0V201
PEP,PEPSICO,Consumer Staples,Equity,0.27,US7134481081,713448108,2681511
PFE,PFIZER,Health Care,Equity,0.22,US7170811035,717081103,2684703
PFG,PRINCIPAL FINANCIAL GROUP INC,Financials,Equity,0.03,US74251V1026,74251V102,2803014
PFGC,PERFORMANCE FOOD GROUP,Consumer Staples,Equity,0.02,US71377A1034,71377A103,BYVYD43
PG,PROCTER & GAMBLE,Consumer Staples,Equity,0.47,US7427181091,742718109,2704407
PGR,PROGRESSIVE CORP,Financials,Equity,0.17,US7433151039,743315103,2705024
PH,PARKER-HANNIFIN CORP,Industrials,Equity,0.19,US7010941042,701094104,2671501
PHM,PULTEGROUP,Consumer Discretionary,Equity,0.03,US7458671010,745867101,2708841
PINS,PINTEREST CLASS A,Communication,Equity,0.02,US72352L1061,72352L106,BJ2Z0H2
PKG,PACKAGING CORP OF AMERICA,Materials,Equity,0.03,US6951561090,695156109,2504566
PL,PLANET LABS CLASS A,Industrials,Equity,0.01,US72703X1063,72703X106,BM8JV32
PLD,PROLOGIS REIT,Real Estate,Equity,0.19,US74340W1036,74340W103,B44WZD7
PLNT,PLANET FITNESS INC CLASS A,Consumer Discretionary,Equity,0.01,US72703H1014,72703H101,BYSFJV8
PLTR,PALANTIR TECHNOLOGIES CLASS A,Information Technology,Equity,0.54,US69608A1088,69608A108,BN78DQ4
PM,PHILIP MORRIS INTERNATIONAL INC,Consumer Staples,Equity,0.41,US7181721090,718172109,B2PKRQ3
PNC,PNC FINANCIAL SERVICES GROUP,Financials,Equity,0.14,US6934751057,693475105,2692665
PNFP,PINNACLE FINANCIAL PARTNERS,Financials,Equity,0.02,US72348N1090,72348N109,BV6GRD0
PNR,PENTAIR,Industrials,Equity,0.01,IE00BLS09M33,-,BLS09M3
PNW,PINNACLE WEST,Utilities,Equity,0.02,US7234841010,723484101,2048804
PODD,INSULET,Health Care,Equity,0.01,US45784P1012,45784P101,B1XGNW4
POOL,POOL,Consumer Discretionary,Equity,0.01,US73278L1052,73278L105,2781585
POST,POST HOLDINGS,Consumer Staples,Equity,0.00,US7374461041,737446104,B6T0518
POWL,POWELL INDUSTRIES INC,Industrials,Equity,0.01,US7391281067,739128106,2697422
PPC,PILGRIMS PRIDE CORP,Consumer Staples,Equity,0.00,US72147K1088,72147K108,B5L3PZ2
PPG,PPG INDUSTRIES,Materials,Equity,0.04,US6935061076,693506107,2698470
PPL,PPL CORP,Utilities,Equity,0.04,US69351T1060,69351T106,2680905
PPLI,PEOPLE,Communication,Equity,0.00,US44891N2080,44891N208,BNDYF48
PR,PERMIAN RESOURCES CLASS A,Energy,Equity,0.02,US71424F1057,71424F105,BQPCHB2
PRI,PRIMERICA,Financials,Equity,0.01,US74164M1080,74164M108,B50K3X8
PRIM,PRIMORIS SERVICES,Industrials,Equity,0.01,US74164F1030,74164F103,B1GC200
PRMB,PRIMO BRANDS CLASS A CORP,Consumer Staples,Equity,0.01,US7416231022,741623102,BNDXX18
PRU,PRUDENTIAL FINANCIAL INC,Financials,Equity,0.06,US7443201022,744320102,2819118
PSA,PUBLIC STORAGE REIT,Real Estate,Equity,0.08,US74460D1090,74460D109,2852533
PSN,PARSONS CORP,Industrials,Equity,0.00,US70202L1026,70202L102,BJN4N02
PSX,PHILLIPS 66,Energy,Equity,0.14,US7185461040,718546104,B78C4Y8
PTC,PTC,Information Technology,Equity,0.02,US69370C1009,69370C100,B95N910
PVH,PVH,Consumer Discretionary,Equity,0.01,US6936561009,693656100,B3V9F12
PWR,QUANTA SERVICES INC,Industrials,Equity,0.15,US74762E1029,74762E102,2150204
PYPL,PAYPAL HOLDINGS INC,Financials,Equity,0.08,US70450Y1038,70450Y103,BYW36M8
Q,QNITY ELECTRONICS,Information Technology,Equity,0.04,US74743L1008,74743L100,BW1P234
QCOM,QUALCOMM,Information Technology,Equity,0.24,US7475251036,747525103,2714923
QGEN,QIAGEN,Health Care,Equity,0.01,NL0015002SN0,-,BVPJWL3
QRVO,QORVO,Information Technology,Equity,0.01,US74736K1016,74736K101,BR9YYP4
QS,QUANTUMSCAPE CLASS A,Consumer Discretionary,Equity,0.00,US74767V1098,74767V109,BMC73Z8
QSR,RESTAURANTS BRANDS INTERNATIONAL,Consumer Discretionary,Equity,0.04,CA76131D1033,76131D103,BTF8CG1
QXO,QXO INC,Industrials,Equity,0.02,US82846H4056,82846H405,BRDY9L1
R,RYDER SYSTEM,Industrials,Equity,0.01,US7835491082,783549108,2760669
RAL,RALLIANT,Information Technology,Equity,0.01,US7509401086,750940108,BTNMGM9
RBA,RB GLOBAL,Industrials,Equity,0.02,CA74935Q1072,74935Q107,BMWGSD8
RBC,RBC BEARINGS,Industrials,Equity,0.02,US75524B1044,75524B104,B0GLYB5
RBLX,ROBLOX CORP CLASS A,Communication,Equity,0.03,US7710491033,771049103,BMWBC20
RBRK,RUBRIK CLASS A,Information Technology,Equity,0.02,US7811541090,781154109,BSLQK57
RCL,ROYAL CARIBBEAN GROUP,Consumer Discretionary,Equity,0.11,LR0008862868,V7780T103,2754907
RDDT,REDDIT CLASS A,Communication,Equity,0.03,US75734B1008,75734B100,BMVNLY2
REG,REGENCY CENTERS REIT CORP,Real Estate,Equity,0.02,US7588491032,758849103,2726177
REGN,REGENERON PHARMACEUTICALS,Health Care,Equity,0.12,US75886F1075,75886F107,2730190
REXR,REXFORD INDUSTRIAL REALTY REIT,Real Estate,Equity,0.01,US76169C1009,76169C100,BC9ZHL9
REYN,REYNOLDS CONSUMER PRODUCTS INC,Consumer Staples,Equity,0.00,US76171L1061,76171L106,BKV9674
RF,REGIONS FINANCIAL,Financials,Equity,0.04,US7591EP1005,7591EP100,B01R311
RGA,REINSURANCE GROUP OF AMERICA,Financials,Equity,0.02,US7593516047,759351604,2731193
RGEN,REPLIGEN,Health Care,Equity,0.01,US7599161095,759916109,2731654
RGLD,ROYAL GOLD,Materials,Equity,0.03,US7802871084,780287108,2755706
RHI,ROBERT HALF,Industrials,Equity,0.01,US7703231032,770323103,2110703
RITM,RITHM CAPITAL CORP,Financials,Equity,0.01,US64828T2015,64828T201,BRJ9GW0
RIVN,RIVIAN AUTOMOTIVE INC CLASS A,Consumer Discretionary,Equity,0.02,US76954A1034,76954A103,BL98841
RJF,RAYMOND JAMES,Financials,Equity,0.04,US7547301090,754730109,2718992
RKLB,ROCKET LAB CORP,Industrials,Equity,0.06,US7731211089,773121108,BT6C8Z3
RKT,ROCKET COMPANIES INC CLASS A,Financials,Equity,0.02,US77311W1018,77311W101,BMD6Y84
RL,RALPH LAUREN CLASS A,Consumer Discretionary,Equity,0.02,US7512121010,751212101,B4V9661
RLI,RLI CORP,Financials,Equity,0.01,US7496071074,749607107,2719070
RMBS,RAMBUS,Information Technology,Equity,0.01,US7509171069,750917106,2721967
RMD,RESMED,Health Care,Equity,0.04,US7611521078,761152107,2732903
RNG,RINGCENTRAL INC CLASS A,Information Technology,Equity,0.01,US76680R2067,76680R206,BDZCRX3
RNR,RENAISSANCERE HOLDING,Financials,Equity,0.02,BMG7496G1033,G7496G103,2728429
ROIV,ROIVANT SCIENCES LTD,Health Care,Equity,0.03,BMG762791017,-,BMW4NZ9
ROK,ROCKWELL AUTOMATION INC,Industrials,Equity,0.07,US7739031091,773903109,2754060
ROKU,ROKU CLASS A,Communication,Equity,0.03,US77543R1023,77543R102,BZ1LFG7
ROL,ROLLINS INC,Industrials,Equity,0.02,US7757111049,775711104,2747305
ROP,ROPER TECHNOLOGIES,Information Technology,Equity,0.06,US7766961061,776696106,2749602
ROST,ROSS STORES INC,Consumer Discretionary,Equity,0.10,US7782961038,778296103,2746711
RPM,RPM INTERNATIONAL INC,Materials,Equity,0.02,US7496851038,749685103,2756174
RPRX,ROYALTY PHARMA PLC CLASS A,Health Care,Equity,0.03,GB00BMVP7Y09,-,BMVP7Y0
RRC,RANGE RESOURCES,Energy,Equity,0.01,US75281A1097,75281A109,2523334
RRX,REGAL REXNORD,Industrials,Equity,0.02,US7587501039,758750103,2730082
RS,RELIANCE STEEL & ALUMINUM,Materials,Equity,0.03,US7595091023,759509102,2729068
RSG,REPUBLIC SERVICES INC,Industrials,Equity,0.06,US7607591002,760759100,2262530
RTX,RTX CORP,Industrials,Equity,0.43,US75513E1010,75513E101,BM5M5Y3
RVMD,REVOLUTION MEDICINES,Health Care,Equity,0.06,US76155X1000,76155X100,BL71K91
RVTY,REVVITY,Health Care,Equity,0.02,US7140461093,714046109,2305844
RYAN,RYAN SPECIALTY HOLDINGS INC CLASS,Financials,Equity,0.01,US78351F1075,78351F107,BNXKSK3
RYN,RAYONIER REIT,Real Estate,Equity,0.01,US7549071030,754907103,2473138
S,SENTINELONE INC CLASS A,Information Technology,Equity,0.01,US81730H1095,81730H109,BP7L1B8
SAIA,SAIA INC,Industrials,Equity,0.01,US78709Y1055,78709Y105,2982399
SAIC,SCIENCE APPLICATIONS INTERNATIONAL,Industrials,Equity,0.01,US8086251076,808625107,BDTZZG7
SAIL,SAILPOINT,Information Technology,Equity,0.00,US78781J1097,78781J109,BRXZ3P6
SANM,SANMINA CORP,Information Technology,Equity,0.01,US8010561020,801056102,B92RRW2
SARO,STANDARDAERO,Industrials,Equity,0.01,US85423L1035,85423L103,BQPDNZ1
SBAC,SBA COMMUNICATIONS REIT CORP CLASS,Real Estate,Equity,0.03,US78410G1040,78410G104,BZ6TS23
SBUX,STARBUCKS CORP,Consumer Discretionary,Equity,0.17,US8552441094,855244109,2842255
SCCO,SOUTHERN COPPER CORP,Materials,Equity,0.02,US84265V1052,84265V105,2823777
SCHW,CHARLES SCHWAB,Financials,Equity,0.26,US8085131055,808513105,2779397
SCI,SERVICE,Consumer Discretionary,Equity,0.02,US8175651046,817565104,2797560
SEB,SEABOARD,Consumer Staples,Equity,0.00,US8115431079,811543107,2786687
SEIC,SEI INVESTMENTS,Financials,Equity,0.02,US7841171033,784117103,2793610
SF,STIFEL FINANCIAL,Financials,Equity,0.02,US8606301021,860630102,2849234
SFD,SMITHFIELD FOODS INC,Consumer Staples,Equity,0.00,US8322482071,832248207,BS893N8
SFM,SPROUTS FARMERS MARKET INC,Consumer Staples,Equity,0.01,US85208M1027,85208M102,BCGCR79
SGAFT,CASH COLLATERAL USD SGAFT,Cash and/or Derivatives,Cash Collateral and Margins,0.01,-,-,-
SGI,SOMNIGROUP INTERNATIONAL,Consumer Discretionary,Equity,0.02,US88023U1016,88023U101,2216991
SHC,SOTERA HEALTH COMPANY,Health Care,Equity,0.01,US83601L1026,83601L102,BNKVRZ7
SHW,SHERWIN WILLIAMS,Materials,Equity,0.11,US8243481061,824348106,2804211
SIRI,SIRIUSXM HOLDINGS,Communication,Equity,0.01,US8299331004,829933100,BQWS627
SITE,SITEONE LANDSCAPE SUPPLY INC,Industrials,Equity,0.01,US82982L1035,82982L103,BYQ7X81
SITM,SITIME,Information Technology,Equity,0.02,US82982T1060,82982T106,BKS48R6
SJM,JM SMUCKER,Consumer Staples,Equity,0.02,US8326964058,832696405,2951452
SLB,SLB,Energy,Equity,0.11,AN8068571086,806857108,2779201
SLGN,SILGAN HOLDINGS,Materials,Equity,0.00,US8270481091,827048109,2809324
SLM,SLM CORP,Financials,Equity,0.01,US78442P1066,78442P106,2101967
SMCI,SUPER MICRO COMPUTER INC,Information Technology,Equity,0.03,US86800U3023,86800U302,BRC3N73
SMG,SCOTTS MIRACLE GRO,Materials,Equity,0.00,US8101861065,810186106,2781518
SMMT,SUMMIT THERAPEUTICS,Health Care,Equity,0.00,US86627T1088,86627T108,BMTVQS7
SMTC,SEMTECH,Information Technology,Equity,0.02,US8168501018,816850101,2795542
SN,SHARKNINJA,Consumer Discretionary,Equity,0.02,KYG8068L1086,-,BRS7681
SNA,SNAP ON INC,Industrials,Equity,0.03,US8330341012,833034101,2818740
SNDK,SANDISK,Information Technology,Equity,0.33,US80004C2008,80004C200,BSNPZV3
SNDR,SCHNEIDER NATIONAL CLASS B,Industrials,Equity,0.00,US80689H1023,80689H102,BYVN953
SNOW,SNOWFLAKE,Information Technology,Equity,0.15,US8334451098,833445109,BN134B7
SNPS,SYNOPSYS,Information Technology,Equity,0.11,US8716071076,871607107,2867719
SNX,TD SYNNEX,Information Technology,Equity,0.03,US87162W1009,87162W100,2002554
SO,SOUTHERN,Utilities,Equity,0.15,US8425871071,842587107,2829601
SOFI,SOFI TECHNOLOGIES,Financials,Equity,0.03,US83406F1021,83406F102,BM8J4C2
SOLS,SOLSTICE ADVANCED MATERIALS INC,Materials,Equity,0.01,US83443Q1031,83443Q103,BW2K5V7
SOLV,SOLVENTUM,Health Care,Equity,0.02,US83444M1018,83444M101,BMTQB43
SON,SONOCO PRODUCTS,Materials,Equity,0.01,US8354951027,835495102,2821395
SPCX,SPACE EXPLORATION TECHNOLOGIES COR,Communication,Equity,0.11,US84615Q1031,84615Q103,BXCVG25
SPG,SIMON PROPERTY GROUP REIT INC,Real Estate,Equity,0.10,US8288061091,828806109,2812452
SPGI,S&P GLOBAL INC,Financials,Equity,0.17,US78409V1044,78409V104,BYV2325
SPOT,SPOTIFY TECHNOLOGY,Communication,Equity,0.11,LU1778762911,-,BFZ1K46
SPXC,SPX TECHNOLOGIES INC,Industrials,Equity,0.01,US78473E1038,78473E103,BQ1L7V3
SRE,SEMPRA,Utilities,Equity,0.08,US8168511090,816851109,2138158
SSB,SOUTHSTATE BANK CORP,Financials,Equity,0.01,US84472E1029,84472E102,BVDCQB2
SSD,SIMPSON MANUFACTURING,Industrials,Equity,0.01,US8290731053,829073105,2809250
SSNC,SS AND C TECHNOLOGIES HOLDINGS,Industrials,Equity,0.02,US78467J1007,78467J100,B58YSC6
ST,SENSATA TECHNOLOGIES HOLDING PLC,Industrials,Equity,0.01,GB00BFMBMT84,-,BFMBMT8
STAG,STAG INDUSTRIAL REIT,Real Estate,Equity,0.01,US85254J1025,85254J102,B64BRQ5
STE,STERIS,Health Care,Equity,0.03,IE00BFY8C754,G8473T100,BFY8C75
STLD,STEEL DYNAMICS INC,Materials,Equity,0.05,US8581191009,858119100,2849472
STRL,STERLING INFRASTRUCTURE,Industrials,Equity,0.02,US8592411016,859241101,2632876
STT,STATE STREET,Financials,Equity,0.07,US8574771031,857477103,2842040
STWD,STARWOOD PROPERTY TRUST REIT INC,Financials,Equity,0.01,US85571B1052,85571B105,B3PQ520
STZ,CONSTELLATION BRANDS CLASS A,Consumer Staples,Equity,0.03,US21036P1084,21036P108,2170473
SUI,SUN COMMUNITIES REIT INC,Real Estate,Equity,0.02,US8666741041,866674104,2860257
SUNB,SUNBELT RENTALS HOLDINGS INC,Industrials,Equity,0.05,US8669661048,866966104,BV6PR93
SW,SMURFIT WESTROCK PLC,Materials,Equity,0.03,IE00028FXN24,-,BRK49M5
SWK,STANLEY BLACK & DECKER INC,Industrials,Equity,0.02,US8545021011,854502101,B3Q2FJ4
SWKS,SKYWORKS SOLUTIONS,Information Technology,Equity,0.01,US83088M1027,83088M102,2961053
SYF,SYNCHRONY FINANCIAL,Financials,Equity,0.04,US87165B1035,87165B103,BP96PS6
SYK,STRYKER,Health Care,Equity,0.16,US8636671013,863667101,2853688
SYY,SYSCO,Consumer Staples,Equity,0.06,US8718291078,871829107,2868165
T,AT&T INC,Communication,Equity,0.24,US00206R1023,00206R102,2831811
TAP,MOLSON COORS BREWING  CLASS B,Consumer Staples,Equity,0.01,US60871R2094,60871R209,B067BM3
TDG,TRANSDIGM GROUP,Industrials,Equity,0.10,US8936411003,893641100,B11FJK3
TDY,TELEDYNE TECHNOLOGIES INC,Information Technology,Equity,0.04,US8793601050,879360105,2503477
TEAM,ATLASSIAN CORP CLASS A,Information Technology,Equity,0.04,US0494681010,049468101,BQ1PC76
TECH,BIO TECHNE,Health Care,Equity,0.02,US09073M1045,09073M104,BSHZ3Q0
TEM,TEMPUS AI INC CLASS A,Health Care,Equity,0.01,US88023B1035,88023B103,BSLSJJ0
TER,TERADYNE,Information Technology,Equity,0.09,US8807701029,880770102,2884183
TFC,TRUIST FINANCIAL,Financials,Equity,0.09,US89832Q1094,89832Q109,BKP7287
TFSL,TFS FINANCIAL CORP,Financials,Equity,0.00,US87240R1077,87240R107,B1W8J67
TFX,TELEFLEX,Health Care,Equity,0.01,US8793691069,879369106,2881407
TGT,TARGET CORP,Consumer Staples,Equity,0.10,US87612E1064,87612E106,2259101
THC,TENET HEALTHCARE CORP,Health Care,Equity,0.03,US88033G4073,88033G407,B8DMK08
THG,HANOVER INSURANCE GROUP,Financials,Equity,0.01,US4108671052,410867105,2020415
THO,THOR INDUSTRIES,Consumer Discretionary,Equity,0.01,US8851601018,885160101,2889876
TIGO,MILLICOM INTERNATIONAL CELLULAR,Communication,Equity,0.01,LU0038705702,L6388F110,2418128
TJX,TJX,Consumer Discretionary,Equity,0.23,US8725401090,872540109,2989301
TKO,TKO GROUP HOLDINGS INC CLASS A,Communication,Equity,0.02,US87256C1018,87256C101,BQBBFD1
TKR,TIMKEN,Industrials,Equity,0.01,US8873891043,887389104,2892807
TLN,TALEN ENERGY CORP,Utilities,Equity,0.02,US87422Q1094,87422Q109,BRRF114
TMO,THERMO FISHER SCIENTIFIC INC,Health Care,Equity,0.31,US8835561023,883556102,2886907
TMUS,T MOBILE US INC,Communication,Equity,0.13,US8725901040,872590104,B94Q9V0
TNL,TRAVEL LEISURE,Consumer Discretionary,Equity,0.01,US8941641024,894164102,BMXYT16
TOL,TOLL BROTHERS INC,Consumer Discretionary,Equity,0.02,US8894781033,889478103,2896092
TOST,TOAST CLASS A,Financials,Equity,0.02,US8887871080,888787108,BP6D7B7
TPG,TPG INC CLASS A,Financials,Equity,0.01,US8726571016,872657101,BNKBB55
TPL,TEXAS PACIFIC LAND,Energy,Equity,0.03,US88262P1021,88262P102,BM99VY2
TPR,TAPESTRY,Consumer Discretionary,Equity,0.04,US8760301072,876030107,BF09HX3
TREX,TREX,Industrials,Equity,0.01,US89531P1057,89531P105,2483074
TRGP,TARGA RESOURCES,Energy,Equity,0.09,US87612G1013,87612G101,B55PZY3
TRMB,TRIMBLE INC,Information Technology,Equity,0.02,US8962391004,896239100,2903958
TROW,T ROWE PRICE GROUP,Financials,Equity,0.03,US74144T1088,74144T108,2702337
TRU,TRANSUNION,Industrials,Equity,0.02,US89400J1079,89400J107,BYMWL86
TRV,TRAVELERS COMPANIES,Financials,Equity,0.11,US89417E1091,89417E109,2769503
TSCO,TRACTOR SUPPLY,Consumer Discretionary,Equity,0.03,US8923561067,892356106,2900335
TSLA,TESLA INC,Consumer Discretionary,Equity,1.38,US88160R1014,88160R101,B616C79
TSN,TYSON FOODS INC CLASS A,Consumer Staples,Equity,0.02,US9024941034,902494103,2909730
TT,TRANE TECHNOLOGIES PLC,Industrials,Equity,0.14,IE00BK9ZQ967,-,BK9ZQ96
TTC,TORO,Industrials,Equity,0.01,US8910921084,891092108,2897040
TTD,TRADE DESK INC CLASS A,Communication,Equity,0.01,US88339J1051,88339J105,BD8FDD1
TTEK,TETRA TECH INC,Industrials,Equity,0.01,US88162G1031,88162G103,2883890
TTMI,TTM TECHNOLOGIES INC,Information Technology,Equity,0.02,US87305R1095,87305R109,2635659
TTWO,TAKE TWO INTERACTIVE SOFTWARE,Communication,Equity,0.06,US8740541094,874054109,2122117
TW,TRADEWEB MARKETS INC CLASS A,Financials,Equity,0.02,US8926721064,892672106,BJXMVK2
TWLO,TWILIO CLASS A,Information Technology,Equity,0.05,US90138F1021,90138F102,BD6P5Q0
TXN,TEXAS INSTRUMENT INC,Information Technology,Equity,0.35,US8825081040,882508104,2885409
TXRH,TEXAS ROADHOUSE INC,Consumer Discretionary,Equity,0.02,US8826811098,882681109,B033TJ7
TXT,TEXTRON INC,Industrials,Equity,0.02,US8832031012,883203101,2885937
TYL,TYLER TECHNOLOGIES,Information Technology,Equity,0.02,US9022521051,902252105,2909644
U,UNITY SOFTWARE,Information Technology,Equity,0.02,US91332U1016,91332U101,BLFDXH8
UAL,UNITED AIRLINES HOLDINGS,Industrials,Equity,0.05,US9100471096,910047109,B4QG225
UBER,UBER TECHNOLOGIES,Industrials,Equity,0.21,US90353T1007,90353T100,BK6N347
UDR,UDR REIT,Real Estate,Equity,0.02,US9026531049,902653104,2727910
UGI,UGI,Utilities,Equity,0.01,US9026811052,902681105,2910118
UHAL,U HAUL HOLDING,Industrials,Equity,0.00,US0235861004,023586100,2028174
UHALB,U HAUL NON VOTING SERIES N,Industrials,Equity,0.01,US0235865062,023586506,BP0VMC3
UHS,UNIVERSAL HEALTH SERVICES INC CLAS,Health Care,Equity,0.01,US9139031002,913903100,2923785
UI,UBIQUITI,Information Technology,Equity,0.00,US90353W1036,90353W103,BK9Z6V8
ULS,UL SOLUTIONS INC CLASS A,Industrials,Equity,0.01,US9037311076,903731107,BPW6WJ3
ULTA,ULTA BEAUTY INC,Consumer Discretionary,Equity,0.03,US90384S3031,90384S303,B28TS42
UNH,UNITEDHEALTH GROUP INC,Health Care,Equity,0.50,US91324P1021,91324P102,2917766
UNM,UNUM,Financials,Equity,0.02,US91529Y1064,91529Y106,2433842
UNP,UNION PACIFIC,Industrials,Equity,0.25,US9078181081,907818108,2914734
UPS,UNITED PARCEL SERVICE INC CLASS B,Industrials,Equity,0.11,US9113121068,911312106,2517382
URI,UNITED RENTALS,Industrials,Equity,0.10,US9113631090,911363109,2134781
USB,US BANCORP,Financials,Equity,0.14,US9029733048,902973304,2736035
USD,USD CASH,Cash and/or Derivatives,Cash,0.04,-,-,-
USFD,US FOODS HOLDING,Consumer Staples,Equity,0.03,US9120081099,912008109,BYVFC94
UTHR,UNITED THERAPEUTICS,Health Care,Equity,0.03,US91307C1027,91307C102,2430412
UWMC,UWM HOLDINGS CLASS A,Financials,Equity,0.00,US91823B1098,91823B109,BMDJ3B9
V,VISA CLASS A,Financials,Equity,0.85,US92826C8394,92826C839,B2PZN04
VEEV,VEEVA SYSTEMS CLASS A,Health Care,Equity,0.05,US9224751084,922475108,BFH3N85
VFC,VF CORP,Consumer Discretionary,Equity,0.01,US9182041080,918204108,2928683
VIAV,VIAVI SOLUTIONS,Information Technology,Equity,0.01,US9255501051,925550105,BYXB201
VICI,VICI PPTYS INC,Real Estate,Equity,0.04,US9256521090,925652109,BYWH073
VICR,VICOR,Industrials,Equity,0.01,US9258151029,925815102,2930774
VIK,VIKING HOLDINGS LTD,Consumer Discretionary,Equity,0.02,BMG93A5A1010,-,BRDXKH1
VIRT,VIRTU FINANCIAL INC CLASS A,Financials,Equity,0.01,US9282541013,928254101,BWTVWD4
VKTX,VIKING THERAPEUTICS,Health Care,Equity,0.00,US92686J1060,92686J106,BQQG1V1
VLO,VALERO ENERGY CORP,Energy,Equity,0.15,US91913Y1001,91913Y100,2041364
VLTO,VERALTO CORP,Industrials,Equity,0.03,US92338C1036,92338C103,BPGMZQ5
VMC,VULCAN MATERIALS,Materials,Equity,0.05,US9291601097,929160109,2931205
VMI,VALMONT INDS,Industrials,Equity,0.01,US9202531011,920253101,2926825
VMRK,VIVMARK RESIDENTIAL,Real Estate,Equity,0.07,US29476L1070,29476L107,2319157
VNO,VORNADO REALTY TRUST REIT,Real Estate,Equity,0.01,US9290421091,929042109,2933632
VNOM,VIPER ENERGY INC CLASS A,Energy,Equity,0.01,US64361Q1013,64361Q101,BW0WZZ9
VNT,VONTIER,Information Technology,Equity,0.01,US9288811014,928881101,BH4GV32
VOYA,VOYA FINANCIAL,Financials,Equity,0.01,US9290891004,929089100,BKWQ2N2
VRSK,VERISK ANALYTICS,Industrials,Equity,0.03,US92345Y1064,92345Y106,B4P9W92
VRSN,VERISIGN,Information Technology,Equity,0.03,US92343E1029,92343E102,2142922
VRT,VERTIV HOLDINGS CLASS A,Industrials,Equity,0.15,US92537N1081,92537N108,BL3LWS8
VRTX,VERTEX PHARMACEUTICALS,Health Care,Equity,0.19,US92532F1003,92532F100,2931034
VSNT,VERSANT MEDIA GROUP INC CLASS A,Communication,Equity,0.01,US9252831030,925283103,BVV5S84
VST,VISTRA,Utilities,Equity,0.07,US92840M1027,92840M102,BZ8VJQ8
VTR,VENTAS REIT,Real Estate,Equity,0.06,US92276F1003,92276F100,2927925
VTRS,VIATRIS,Health Care,Equity,0.03,US92556V1061,92556V106,BMWS3X9
VVV,VALVOLINE INC,Consumer Discretionary,Equity,0.01,US92047W1018,92047W101,BDG22J3
VZ,VERIZON COMMUNICATIONS INC,Communication,Equity,0.29,US92343V1044,92343V104,2090571
W,WAYFAIR CLASS A,Consumer Discretionary,Equity,0.01,US94419L1017,94419L101,BQXZP64
WAB,WESTINGHOUSE AIR BRAKE TECHNOLOGIE,Industrials,Equity,0.07,US9297401088,929740108,2955733
WAL,WESTERN ALLIANCE,Financials,Equity,0.01,US9576381092,957638109,B0CCGJ4
WAT,WATERS CORP,Health Care,Equity,0.06,US9418481035,941848103,2937689
WBD,WARNER BROS. DISCOVERY SERIES A,Communication,Equity,0.10,US9344231041,934423104,BM8JYX3
WBS,WEBSTER FINANCIAL,Financials,Equity,0.02,US9478901096,947890109,2945143
WCC,WESCO INTERNATIONAL,Industrials,Equity,0.02,US95082P1057,95082P105,2416973
WDAY,WORKDAY CLASS A,Information Technology,Equity,0.05,US98138H1014,98138H101,B8K6ZD1
WDC,WESTERN DIGITAL CORP,Information Technology,Equity,0.24,US9581021055,958102105,2954699
WEC,WEC ENERGY GROUP INC,Utilities,Equity,0.05,US92939U1060,92939U106,BYY8XK8
WELL,WELLTOWER,Real Estate,Equity,0.23,US95040Q1040,95040Q104,BYVYHH4
WEX,WEX,Financials,Equity,0.01,US96208T1043,96208T104,B8383P2
WFC,WELLS FARGO,Financials,Equity,0.38,US9497461015,949746101,2649100
WFRD,WEATHERFORD INTERNATIONAL PLC,Energy,Equity,0.01,IE00BLNN3691,-,BLNN369
WH,WYNDHAM HOTELS RESORTS,Consumer Discretionary,Equity,0.01,US98311A1051,98311A105,BF108P4
WHR,WHIRLPOOL,Consumer Discretionary,Equity,0.00,US9633201069,963320106,2960384
WING,WINGSTOP,Consumer Discretionary,Equity,0.00,US9741551033,974155103,BYYXHN4
WLK,WESTLAKE CORP,Materials,Equity,0.00,US9604131022,960413102,B01ZP20
WM,WASTE MANAGEMENT INC,Industrials,Equity,0.12,US94106L1098,94106L109,2937667
WMB,WILLIAMS,Energy,Equity,0.13,US9694571004,969457100,2967181
WMS,ADVANCED DRAINAGE SYSTEMS INC,Industrials,Equity,0.01,US00790R1041,00790R104,BP7RS59
WMT,WALMART INC,Consumer Staples,Equity,0.71,US9311421039,931142103,2936921
WPC,W. P. CAREY REIT INC,Real Estate,Equity,0.02,US92936U1097,92936U109,B826YT8
WRB,WR BERKLEY,Financials,Equity,0.02,US0844231029,084423102,2093644
WSC,WILLSCOT HOLDINGS CLASS A,Industrials,Equity,0.01,US9713781048,971378104,BMHL0Z4
WSM,WILLIAMS SONOMA INC,Consumer Discretionary,Equity,0.04,US9699041011,969904101,2967589
WSO,WATSCO,Industrials,Equity,0.02,US9426222009,942622200,2943039
WST,WEST PHARMACEUTICAL SERVICES,Health Care,Equity,0.03,US9553061055,955306105,2950482
WTFC,WINTRUST FINANCIAL CORP,Financials,Equity,0.01,US97650W1080,97650W108,2425258
WTM,WHITE MOUNTAINS INSURANCE GROUP,Financials,Equity,0.01,BMG9618E1075,G9618E107,2339252
WTRG,ESSENTIAL UTILITIES INC,Utilities,Equity,0.02,US29670G1022,29670G102,BLCF3J9
WTS,WATTS WATER TECHNOLOGIES CLASS A,Industrials,Equity,0.01,US9427491025,942749102,2943620
WTW,WILLIS TOWERS WATSON,Financials,Equity,0.04,IE00BDB6Q211,-,BDB6Q21
WU,WESTERN UNION,Financials,Equity,0.00,US9598021098,959802109,B1F76F9
WULF,TERAWULF,Information Technology,Equity,0.01,US88080T1043,88080T104,BNBRMS2
WWD,WOODWARD,Industrials,Equity,0.03,US9807451037,980745103,2948089
WY,WEYERHAEUSER REIT,Real Estate,Equity,0.02,US9621661043,962166104,2958936
WYNN,WYNN RESORTS,Consumer Discretionary,Equity,0.01,US9831341071,983134107,2963811
XE,X-ENERGY INC CLASS A,Industrials,Equity,0.00,US98386P1021,98386P102,BW0TQY6
XEL,XCEL ENERGY INC,Utilities,Equity,0.07,US98389B1008,98389B100,2614807
XOM,EXXONMOBIL HOLDINGS CORP,Energy,Equity,0.97,US30233Q1085,30233Q108,BVSRPD7
XP,XP CLASS A INC,Financials,Equity,0.01,KYG982391099,-,BK4Y052
XPO,XPO INC,Industrials,Equity,0.03,US9837931008,983793100,B6Z1355
XTSLA,BLK CSH FND TREASURY SL AGENCY,Cash and/or Derivatives,Money Market,0.13,US0669224778,066922477,6922477
XYL,XYLEM INC,Industrials,Equity,0.04,US98419M1009,98419M100,B3P2CN8
XYZ,BLOCK CLASS A,Financials,Equity,0.06,US8522341036,852234103,BYNZGK1
YETI,YETI HOLDINGS,Consumer Discretionary,Equity,0.00,US98585X1046,98585X104,BGR7KH2
YUM,YUM BRANDS,Consumer Discretionary,Equity,0.06,US9884981013,988498101,2098876
Z,ZILLOW GROUP CLASS C,Real Estate,Equity,0.01,US98954M2008,98954M200,BYXJF62
ZBH,ZIMMER BIOMET HOLDINGS,Health Care,Equity,0.03,US98956P1021,98956P102,2783815
ZBRA,ZEBRA TECHNOLOGIES CORP CLASS A,Information Technology,Equity,0.02,US9892071054,989207105,2989356
ZG,ZILLOW GROUP CLASS A,Real Estate,Equity,0.00,US98954M1018,98954M101,BVYJBR3
ZION,ZIONS BANCORPORATION,Financials,Equity,0.01,US9897011071,989701107,2989828
ZM,ZOOM COMMUNICATIONS CLASS A,Information Technology,Equity,0.04,US98980L1017,98980L101,BGSP7M9
ZS,ZSCALER,Information Technology,Equity,0.03,US98980G1022,98980G102,BZ00V34
ZTS,ZOETIS INC CLASS A,Health Care,Equity,0.04,US98978V1035,98978V103,B95WG16
