Ticker,MarketCap,PE,ForwardPE,PEG,PS,PB,PC,PFCF,EPSThisY,EPSNextY,EPSPast5Y,EPSNext5Y,SalesPast5Y,Price,Change,Volume
AABLV,151.31M,-,-,-,1.28,16.22,37.18,-,-,-,-,-,-2.69%,2.74,7.45%,"161,256"
AABM,2.84B,17.49,11.12,1.09,0.31,1.58,25.67,9.08,16.49%,8.62%,256.47%,10.17%,7.87%,48.40,-0.19%,"429,955"
AABNB,96.04B,36.46,25.63,1.13,7.26,12.13,7.91,19.77,31.69%,17.89%,-,22.78%,29.50%,160.39,-2.24%,"3,394,467"
AABND,-,-,-,-,-,-,-,-,-,-,-,-,-,41.56,-0.12%,"4,613"
AABOS,146.80M,-,-,-,-,2.56,1.33,-,23.39%,3.23%,-61.49%,16.13%,-,2.03,-4.69%,"562,868"
AABOT,-,-,-,-,-,-,-,-,-,-,-,-,-,44.48,0.56%,29
AABR,651.09M,54.36,6.55,-,0.54,0.31,1.53,1.98,-74.77%,97.22%,-16.98%,-,12.27%,3.49,0.58%,"5,890,913"
AABSI,1.76B,-,-,-,1129.79,7.16,8.76,-,4.91%,9.45%,-9.45%,11.87%,-10.14%,10.27,-10.93%,"5,882,904"
AABT,169.85B,31.73,16.19,1.74,3.65,3.32,30.31,21.71,7.06%,10.00%,8.23%,9.32%,5.08%,98.16,-1.94%,"10,577,130"
AABTC,615.33M,-,-,-,2.26,0.92,33.53,-,29.35%,96.99%,86.80%,39.81%,63.91%,8.45,-2.99%,"813,339"
AABTS,4.00M,-,-,-,0.44,0.38,50.00,-,-,-,-,-,57.35%,1.25,2.05%,"6,766"
AABUF,-,-,-,-,-,-,-,-,-,-,-,-,-,28.11,0.30%,"22,558"
AABUS,887.51M,5.72,-,-,4.88,3.42,9.58,-,535.29%,-110.81%,29.45%,-,15.29%,4.48,-4.07%,"8,259,928"
AABVC,25.89M,-,-,-,-,2.43,287.67,-,-,-,39.78%,-,-,0.97,-1.02%,"92,418"
AABVX,7.72B,-,-,-,-,16.82,16.79,-,23.56%,2.13%,-12.77%,42.77%,-,88.22,-3.83%,"2,000,596"
AABX,820.48M,29.38,7.00,0.37,3.07,1.87,35.08,9.17,21.10%,15.07%,-,18.82%,-,8.39,1.82%,"464,951"
AABXB,-,-,-,-,-,-,-,-,-,-,-,-,-,18.64,0.13%,51
AACA,7.19B,54.82,30.10,7.38,2.62,2.41,16.65,53.25,-4.25%,13.73%,14.24%,4.08%,8.30%,146.50,-0.17%,"552,142"
AACAA,358.61M,-,-,-,-,1.31,1054.74,-,-,-,-,-,-,10.01,-0.10%,16
AACAD,3.40B,8.89,21.32,-,2.99,2.60,3.56,23.36,-73.22%,50.32%,-,-12.50%,19.39%,19.74,-1.84%,"1,666,303"
AACB,297.62M,-,60.87,-,1.42,0.78,2.83,-,86.29%,161.68%,45.34%,-,3.95%,4.59,2.91%,"1,940,121"
AACBE,-,-,-,-,-,-,-,-,-,-,-,-,-,25.39,0.63%,"4,841"
AACBH,-,-,-,-,-,-,-,-,-,-,-,-,-,25.58,0.81%,"2,106"
AACCL,35.99M,505.88,-,-,57.13,48.41,44.43,359.90,-,-,-,-,-,2.58,0.00%,"2,550"
AACCO,403.38M,7.04,4.54,-,0.26,0.58,3.79,7.70,4.76%,9.47%,-7.40%,-,-1.63%,4.37,0.69%,"416,579"
AACCS,18.56M,-,6.30,-,0.83,0.64,6.27,26.90,-21.93%,73.03%,14.85%,-,4.07%,4.85,3.19%,"8,246"
AACCV,-,-,-,-,-,-,-,-,-,-,-,-,-,16.40,-0.36%,"3,535,183"
AACDC,887.85M,-,-,-,0.50,1.64,47.23,-,22.09%,44.03%,-21.59%,54.69%,28.81%,4.88,2.63%,"1,275,145"
AACEI,-,-,-,-,-,-,-,-,-,-,-,-,-,23.96,0.26%,"34,656"
AACEL,888.26M,16.19,13.12,-,0.64,3.13,3.48,11.25,-22.08%,20.73%,-,-1.47%,33.29%,10.94,0.55%,"330,817"
AACEP,-,-,-,-,-,-,-,-,-,-,-,-,-,20.05,0.15%,"2,172"
AACES,-,-,-,-,-,-,-,-,-,-,-,-,-,28.43,2.17%,"8,509"
AACET,58.51M,-,-,-,-,0.49,0.50,-,62.49%,36.47%,26.71%,63.23%,-,6.25,-3.40%,"135,721"
AACFN,46.43M,30.52,-,-,4.85,5.29,10.36,32.02,-,-,104.28%,-,14.15%,18.50,-1.18%,"39,662"
AACGC,292.75M,-,-,-,-,10.60,390.33,-,-,-,-,-,-,10.06,0.05%,9
AACGL,32.36B,7.41,9.71,4.78,1.74,1.39,-,5.34,-2.67%,1.69%,28.39%,2.03%,18.36%,94.82,0.49%,"2,255,521"
AACGO,-,-,-,-,-,-,-,-,-,-,-,-,-,39.96,0.58%,"2,246"
AACGR,-,-,-,-,-,-,-,-,-,-,-,-,-,73.59,1.66%,220
AACH,35.85M,-,3.97,-,0.01,-,4.69,-,-99.67%,3426.73%,-,-,-20.10%,0.47,3.35%,"2,316,488"
AACHC,2.70B,-,15.73,5.58,0.80,1.33,15.78,-,-23.69%,20.98%,-,2.82%,9.65%,29.04,0.59%,"1,417,729"
AACHR,3.58B,-,-,-,518.93,1.89,2.28,-,-32.25%,8.16%,-36.00%,-0.98%,-,4.65,-1.48%,"26,361,659"
AACHV,723.40M,-,-,-,-,-,3.86,-,-16.80%,53.60%,25.38%,-,-,7.03,0.29%,"1,056,466"
AACHX,-,-,-,-,-,-,-,-,-,-,-,-,-,20.43,-2.82%,"1,348"
AACI,5.57B,153.48,-,-,0.07,3.48,18.00,9.87,-17.55%,-,-24.70%,-5.08%,3.60%,11.48,-0.26%,"7,040,683"
AACIC,456.53M,4.68,7.36,-,1.38,1.31,-,-,-53.85%,33.33%,-,-,-16.90%,9.42,1.51%,"200,541"
AACIG,-,-,-,-,-,-,-,-,-,-,-,-,-,40.43,0.17%,16
AACII,-,-,-,-,-,-,-,-,-,-,-,-,-,25.43,0.04%,"43,493"
AACIO,-,-,-,-,-,-,-,-,-,-,-,-,-,47.82,0.63%,"523,188"
AACIU,256.47M,-,10.37,-,11.58,5.27,2.75,-,39.02%,147.36%,1.71%,-,-23.52%,2.52,-7.01%,"277,841"
AACIW,5.12B,23.20,17.25,-,2.81,3.43,30.58,16.43,19.91%,13.51%,28.58%,-,6.34%,50.71,-1.00%,"730,951"
AACKY,-,-,-,-,-,-,-,-,-,-,-,-,-,17.47,0.64%,"22,873"
AACLC,-,-,-,-,-,-,-,-,-,-,-,-,-,87.51,0.68%,"7,624"
AACLO,-,-,-,-,-,-,-,-,-,-,-,-,-,50.38,-0.03%,"10,753"
AACLS,4.36B,47.46,26.79,1.41,5.03,4.09,10.84,66.50,-15.86%,28.30%,20.99%,19.03%,12.07%,141.15,-0.82%,"197,066"
AACLZ,-,-,-,-,-,-,-,-,-,-,-,-,-,13.62,-1.77%,691
AACM,7.74B,21.97,9.43,0.82,0.50,3.53,7.64,38.06,-24.35%,60.41%,-,11.48%,4.04%,60.16,0.67%,"897,825"
AACMM,-,-,-,-,-,-,-,-,-,-,-,-,-,10.81,-1.89%,"7,052"
AACMR,5.25B,35.79,23.80,0.60,5.06,2.82,3.59,-,39.26%,41.23%,35.88%,39.48%,41.91%,75.35,-1.08%,"1,882,821"
AACN,118.35B,14.26,12.10,1.62,1.60,3.65,9.22,10.18,5.16%,8.82%,8.18%,7.47%,7.98%,193.40,-0.85%,"6,149,813"
AACNB,648.13M,12.08,11.19,-,3.22,1.53,-,11.94,11.17%,0.56%,11.08%,-,12.73%,63.73,-0.08%,"43,036"
AACNT,124.87M,-,-,-,1.49,1.57,4.45,-,-,-,28.02%,-,-21.78%,13.86,1.32%,"19,911"
AACOG,195.57M,-,-,-,12.82,3.69,4.72,-,-12.68%,53.22%,45.28%,-,-,8.98,-1.86%,"87,039"
AACOM,-,-,-,-,-,-,-,-,-,-,-,-,-,24.21,1.01%,191
AACON,6.60M,-,-,-,82.50,0.33,0.40,-,65.27%,35.44%,83.48%,50.26%,9.25%,2.29,-2.14%,"30,912"
AACP,548.31M,-,-,-,-,-,-,-,-,-,-,-,-,4.37,0.00%,"1,628,936"
AACQQ,-,-,-,-,-,-,-,-,-,-,-,-,-,25.54,0.53%,716
AACR,138.56M,-,6.17,-,0.79,0.18,3.30,14.63,192.31%,595.83%,-,-,-,10.30,0.10%,"30,256"
AACRE,208.05M,-,9.41,-,1.77,0.43,3.55,13.51,279.76%,84.77%,-,-,-8.16%,3.75,1.35%,"470,757"
AACRS,544.64M,-,-,-,66.26,4.15,5.95,-,-25.43%,-14.21%,15.08%,-14.22%,3.84%,3.70,-13.35%,"3,531,028"
AACRT,-,-,-,-,-,-,-,-,-,-,-,-,-,22.61,-0.96%,"1,531"
AACRV,79.71M,-,-,-,-,0.92,0.89,-,8.42%,10.50%,-51.39%,14.02%,-,1.86,-6.06%,"158,747"
AACSG,-,-,-,-,-,-,-,-,-,-,-,-,-,46.72,-0.93%,"4,247"
AACSI,-,-,-,-,-,-,-,-,-,-,-,-,-,76.01,0.97%,109
AACSM,-,-,-,-,-,-,-,-,-,-,-,-,-,40.18,-0.06%,530
AACSP,-,-,-,-,-,-,-,-,-,-,-,-,-,22.48,1.22%,"7,794"
AACSV,-,-,-,-,-,-,-,-,-,-,-,-,-,47.60,-0.07%,316
AACT,6.37B,9.76,9.15,1.84,5.08,1.19,-,8.83,6.23%,5.43%,14.70%,4.97%,2.24%,46.32,0.98%,"279,072"
AACTG,426.45M,-,-,-,1.53,0.64,1.28,162.77,-213.33%,-2.94%,-31.48%,-,57.13%,4.37,1.63%,"157,118"
AACTU,19.49M,-,-,-,-,19.70,4.40,-,31.45%,8.72%,-,13.33%,-,0.81,-7.24%,"337,679"
AACU,242.03M,26.59,22.96,-,1.14,2.00,48.02,15.64,16.06%,-4.84%,1.55%,-6.58%,3.69%,63.13,-0.89%,"21,030"
AACV,256.16M,-,-,-,-,-,-,-,-,-,-,-,-,24.64,2.07%,"49,364"
AACVA,1.77B,-,30.38,0.68,2.21,4.53,7.32,60.90,15.40%,72.40%,-7.82%,44.51%,29.53%,10.44,-0.57%,"3,357,787"
AACVF,-,-,-,-,-,-,-,-,-,-,-,-,-,55.90,0.80%,"6,248"
AACVT,-,-,-,-,-,-,-,-,-,-,-,-,-,28.41,0.32%,"4,366"
AACVU,-,-,-,-,-,-,-,-,-,-,-,-,-,31.57,0.70%,"2,606"
AACWI,-,-,-,-,-,-,-,-,-,-,-,-,-,161.84,0.45%,"4,665,814"
AACWV,-,-,-,-,-,-,-,-,-,-,-,-,-,124.69,0.38%,"76,688"
AACWX,-,-,-,-,-,-,-,-,-,-,-,-,-,76.38,-0.10%,"2,386,154"
AACXP,7.28M,-,-,-,-,0.75,0.68,-,67.67%,12.79%,10.54%,31.04%,-,1.31,0.00%,"42,200"
AACYN,-,-,-,-,-,-,-,-,-,-,-,-,-,20.76,0.00%,"2,709,777"
AACYQ,-,-,-,-,-,-,-,-,-,-,-,-,-,21.04,0.38%,"106,203"
AACYS,-,-,-,-,-,-,-,-,-,-,-,-,-,20.46,0.00%,"651,862"
AAD,2.97B,3.98,30.24,0.92,13.90,2.35,7.13,-,1094.40%,-83.03%,4.83%,32.78%,-47.37%,34.32,-0.52%,"131,048"
AADAC,290.09M,118.19,-,-,-,1.29,341.28,-,-,-,-,-,-,10.07,0.00%,14
AADAG,196.72M,-,-,-,21.11,2.20,1.54,-,-60.00%,-34.17%,21.03%,-,61.40%,2.93,4.64%,"213,520"
AADAM,693.87M,4.59,7.54,-,0.83,0.74,2.24,4.52,18.52%,-21.45%,-,-4.19%,35.33%,7.72,0.00%,"857,840"
AADBE,92.68B,13.28,8.59,0.58,3.57,7.91,16.43,8.75,16.92%,13.25%,9.04%,14.75%,13.06%,238.12,-0.28%,"2,646,684"
AADBG,-,-,-,-,-,-,-,-,-,-,-,-,-,3.67,-0.54%,"1,477,424"
AADBT,60.88M,-,-,-,-,462.96,6088.00,-,-,-,-,-,-,0.12,-6.02%,"6,318,704"
AADBU,-,-,-,-,-,-,-,-,-,-,-,-,-,20.55,-0.34%,"17,944"
AADC,8.18B,35.44,33.45,7.57,10.50,1.29,386.17,15.42,7.21%,3.66%,0.32%,4.42%,23.65%,65.79,0.32%,"1,615,087"
AADCT,162.14M,-,-,-,2.04,-,0.74,-,32.14%,10.86%,21.50%,38.34%,-,1.27,3.25%,"1,352,801"
AADDS,-,-,-,-,-,-,-,-,-,-,-,-,-,26.21,0.24%,"3,233"
AADEA,2.71B,22.74,15.37,4.91,5.76,5.68,19.79,14.39,-13.71%,12.43%,-10.86%,3.13%,-13.05%,24.60,-5.64%,"1,096,685"
AADGM,3.07M,-,-,-,-,-,0.40,-,27.81%,-6.42%,-364.47%,4.30%,-,0.14,-2.20%,"1,564,277"
AADI,203.78B,49.91,25.25,0.70,14.68,6.07,87.65,41.27,65.19%,29.45%,6.82%,36.14%,14.49%,420.55,0.35%,"2,263,765"
AADIG,1.35B,-,-,-,-,0.55,2.55,-,-,-,-,-,-,17.82,1.14%,"663,671"
AADIL,10.45M,-,-,-,-,-,0.36,-,78.21%,76.54%,53.46%,61.90%,-,3.98,-8.51%,"11,898"
AADIU,-,-,-,-,-,-,-,-,-,-,-,-,-,13.30,0.63%,"1,488"
AADIV,-,-,-,-,-,-,-,-,-,-,-,-,-,19.67,0.36%,"1,916"
AADM,39.62B,22.50,13.96,0.72,0.48,1.68,7.22,23.63,59.46%,7.67%,-6.68%,19.36%,4.52%,82.21,-0.32%,"2,185,780"
AADMA,2.28B,14.45,10.79,0.49,4.45,5.62,16.76,19.58,21.30%,18.41%,-,22.25%,64.60%,10.18,0.69%,"2,100,142"
AADME,-,-,-,-,-,-,-,-,-,-,-,-,-,57.29,0.65%,"3,622"
AADNT,1.35B,29.28,5.86,0.24,0.09,0.78,1.46,4.58,4.60%,48.04%,10.31%,24.31%,2.78%,17.51,1.57%,"816,086"
AADP,103.96B,23.98,19.59,2.08,4.74,17.30,24.58,19.82,10.28%,9.20%,12.51%,9.43%,7.90%,262.36,0.81%,"1,486,325"
AADPT,4.29B,-,-,-,13.94,29.94,12.47,-,-39.32%,69.33%,18.85%,-,23.00%,26.90,-9.85%,"2,533,775"
AADPV,-,-,-,-,-,-,-,-,-,-,-,-,-,44.42,-0.26%,"13,240"
AADRX,1.98B,-,-,-,-,-,4.64,-,-,-,-,-,-,18.58,-2.47%,"1,034,934"
AADSE,741.33M,-,-,-,26.16,83.28,141.21,-,160.72%,-,15.07%,-,-2.27%,9.86,-1.99%,"37,708"
AADSK,48.34B,29.96,16.32,1.04,6.19,14.29,11.63,17.03,20.74%,12.50%,-0.79%,15.75%,13.69%,231.28,4.39%,"2,202,032"
AADT,4.65B,8.81,6.46,1.03,0.90,1.34,165.70,2.88,3.64%,6.81%,-,6.25%,-0.71%,6.36,2.42%,"7,170,709"
AADTN,620.89M,-,13.09,0.24,0.55,4.78,5.25,10.91,25.70%,101.42%,-,55.51%,16.43%,7.62,6.57%,"2,556,468"
AADUR,420.90M,-,-,-,3507.52,18.42,15.14,-,34.51%,-22.24%,5.64%,33.06%,15.68%,11.79,-2.80%,"314,138"
AADUS,2.11B,19.85,15.01,1.72,1.43,1.84,21.22,13.65,13.12%,7.01%,20.22%,8.72%,13.22%,113.16,0.16%,"125,550"
AADV,349.41M,-,80.15,-,0.10,0.85,3.05,6.21,63.48%,105.33%,-4.58%,-,2.34%,27.25,-0.44%,"42,804"
AADVB,10.54M,40.08,-,-,-,30.61,131.75,-,-,-,-12.01%,-,-,6.38,0.63%,"15,433"
AADVE,-,-,-,-,-,-,-,-,-,-,-,-,-,46.97,-0.47%,100
AADX,3.28B,-,-,-,-,-,-,-,-,-,-,-,-,26.29,1.62%,"293,852"
AADXN,3.37M,-,-,-,33.71,1.43,3.55,-,-,-,31.85%,-,-44.27%,3.18,2.58%,"1,750"
AAEAQ,315.93M,66.14,-,-,-,1.14,631.86,-,-,-,-,-,-,10.08,-0.10%,18
AAEBI,878.47M,33.18,9.45,0.09,0.38,0.86,6.46,143.31,317.65%,68.66%,-,108.58%,-,11.32,1.62%,"291,371"
AAEC,69.63M,-,-,-,128.94,1.84,54.39,-,-,-,25.35%,-,-,3.49,1.45%,"32,283"
AAEE,28.15B,17.90,17.52,2.23,3.22,2.06,493.85,-,7.17%,7.65%,8.84%,7.84%,8.72%,101.68,1.99%,"2,734,163"
AAEF,391.80M,-,-,-,-,-,-,-,-,-,-,-,-,9.65,-0.92%,"82,839"
AAEG,12.52B,11.27,7.31,0.34,0.41,1.24,-,38.74,60.38%,4.17%,95.22%,21.54%,7.38%,8.48,-0.12%,"4,015,671"
AAEHG,-,-,-,-,-,-,-,-,-,-,-,-,-,7.43,-23.64%,"3,911,492"
AAEHL,223.61M,-,-,-,-,0.11,125.62,-,-,-,75.59%,-,25.06%,11.76,8.29%,"43,682"
AAEHR,3.01B,-,-,-,60.19,13.63,25.86,-,-,-,-21.88%,-,24.67%,92.14,-11.74%,"4,223,739"
AAEI,26.60M,-,-,-,6.23,0.23,1.08,-,-,-,21.71%,-,-22.74%,0.68,-1.68%,"12,467"
AAEIS,12.13B,56.46,19.93,0.47,5.95,8.32,8.67,136.86,75.42%,35.09%,1.93%,42.46%,4.90%,302.77,1.84%,"493,282"
AAELV,-,-,-,-,-,-,-,-,-,-,-,-,-,26.29,0.32%,62
AAEM,94.78B,15.90,15.09,1.19,6.52,3.29,27.25,21.03,43.89%,3.46%,33.22%,12.64%,30.57%,186.03,1.47%,"1,549,338"
AAEMC,-,-,-,-,-,-,-,-,-,-,-,-,-,20.01,0.10%,8
AAEMD,9.77M,-,-,-,-,0.56,1.98,-,87.76%,70.59%,54.12%,76.48%,-,6.09,-6.67%,"75,745"
AAEMG,-,-,-,-,-,-,-,-,-,-,-,-,-,20.24,0.72%,11
AAEMV,-,-,-,-,-,-,-,-,-,-,-,-,-,19.56,0.08%,8
AAENT,234.51M,17.97,7.80,-,0.20,2.01,289.52,-,98.08%,14.56%,2.54%,-,-,4.60,-1.92%,"19,133"
AAEO,3.00B,9.16,9.31,0.65,0.53,1.70,20.26,8.73,45.42%,-11.87%,-,14.22%,8.09%,17.89,-1.21%,"5,004,041"
AAEON,14.45M,-,-,-,-,-,4.21,-,89.32%,33.06%,-253.12%,67.95%,-,0.29,7.30%,"2,269,112"
AAEP,66.24B,21.08,17.72,2.13,2.91,2.06,98.13,-,6.95%,7.51%,8.53%,8.32%,7.88%,121.67,1.62%,"3,329,299"
AAER,22.59B,7.19,8.03,0.93,2.99,1.25,12.55,-,23.01%,-3.62%,-,8.65%,10.91%,146.27,2.08%,"802,268"
AAERO,2.44B,11.31,7.78,1.91,0.43,-,2.35,4.25,-63.19%,142.74%,-,4.08%,32.31%,16.73,7.80%,"413,775"
AAERT,37.94M,16.35,-,-,0.50,-,6.25,4.17,-,-,-,-,-,7.23,7.11%,"2,268"
AAES,10.65B,5.58,6.13,1.63,0.82,2.15,4.47,-,-1.89%,6.04%,82.82%,3.77%,4.83%,14.93,0.20%,"9,704,461"
AAESB,-,-,-,-,-,-,-,-,-,-,-,-,-,19.66,-1.02%,8
AAESG,-,-,-,-,-,-,-,-,-,-,-,-,-,19.73,-1.21%,9
AAESI,1.59B,-,-,-,1.49,1.43,9.44,-,-131.15%,76.83%,-3.59%,-,57.85%,12.71,-0.08%,"3,381,233"
AAESL,-,-,-,-,-,-,-,-,-,-,-,-,-,19.61,-0.37%,576
AAESP,213.26M,1466.18,-,-,-,1.52,710.86,-,-,-,-,-,-,9.97,-0.20%,13
AAESR,-,-,-,-,-,-,-,-,-,-,-,-,-,20.40,0.64%,"82,399"
AAETH,-,-,-,-,-,-,-,-,-,-,-,-,-,37.54,0.00%,0
AAEVA,1.02B,-,-,-,47.02,36.35,5.71,-,10.76%,-1.49%,-23.11%,16.51%,30.14%,14.57,1.89%,"1,207,401"
AAEXA,540.11M,-,-,-,-,1.62,2348.30,-,-,-,-,-,-,10.92,-1.09%,"147,851"
AAEYE,86.98M,-,6.07,-,2.07,26.97,9.97,14.97,37.04%,15.54%,20.37%,-,14.51%,6.92,2.82%,"31,366"
AAFB,274.51M,-,-,-,-,-,-,-,-,-,-,-,-,9.55,1.27%,"216,497"
AAFCG,73.70M,17.66,4.45,0.18,2.21,0.40,0.69,5.91,80.34%,4.74%,-,24.91%,41.13%,3.28,-1.20%,"30,009"
AAFDM,-,-,-,-,-,-,-,-,-,-,-,-,-,89.30,0.42%,"6,337"
AAFEM,-,-,-,-,-,-,-,-,-,-,-,-,-,99.61,-0.67%,"3,674"
AAFG,11.61B,12.24,11.53,1.57,1.42,2.41,-,8.12,20.91%,-2.37%,4.21%,7.34%,7.53%,140.07,0.53%,"399,607"
AAFGR,-,-,-,-,-,-,-,-,-,-,-,-,-,38.95,0.56%,"55,476"
AAFIF,-,-,-,-,-,-,-,-,-,-,-,-,-,9.27,0.16%,"6,376,712"
AAFIX,-,-,-,-,-,-,-,-,-,-,-,-,-,23.61,0.30%,"8,430"
AAFJK,39.58M,174.78,-,-,-,4.80,-,-,-,-,-,-,-,12.13,-1.78%,471
AAFK,-,-,-,-,-,-,-,-,-,-,-,-,-,26.96,0.07%,"196,101"
AAFL,56.97B,12.18,14.99,7.49,3.15,1.88,-,21.52,-6.33%,8.06%,0.43%,2.00%,-4.97%,113.63,1.11%,"1,924,890"
AAFLG,-,-,-,-,-,-,-,-,-,-,-,-,-,45.11,0.31%,"218,247"
AAFMC,-,-,-,-,-,-,-,-,-,-,-,-,-,40.69,0.00%,"91,919"
AAFNXU,-,-,-,-,-,-,-,-,-,-,-,-,-,-,-,0
AAFOS,-,-,-,-,-,-,-,-,-,-,-,-,-,46.21,0.74%,"11,426"
AAFRI,313.86M,-,-,-,1.78,-,21.93,-,-,-,-87.01%,-,-,11.64,3.28%,"41,165"
AAFRM,25.27B,13.56,25.86,-,6.40,4.60,8.20,25.42,-64.07%,45.70%,-,-10.45%,44.64%,74.88,0.17%,"2,803,083"
AAFRU,-,-,-,-,-,-,-,-,-,-,-,-,-,9.87,1.13%,"17,819"
AAFSC,-,-,-,-,-,-,-,-,-,-,-,-,-,37.23,-0.46%,"2,278"
AAFSM,-,-,-,-,-,-,-,-,-,-,-,-,-,39.93,-0.72%,"43,132"
AAFYA,1.27B,8.47,7.16,1.99,1.76,1.30,6.54,6.08,-7.45%,6.94%,19.50%,3.60%,23.23%,13.91,4.55%,"247,542"
AAG,8.65B,25.15,17.84,0.57,5.27,2.91,6.93,13.41,74.79%,22.27%,26.09%,31.35%,28.14%,17.54,0.17%,"9,495,295"
AAGBK,1.07B,6.87,3.80,0.20,0.63,1.15,5.71,-,-9.28%,44.15%,-,18.99%,-,6.67,-1.04%,"329,540"
AAGCC,859.30M,842.70,-,-,138.37,52.26,54.32,-,-,-,-,-,-,15.00,0.00%,"6,020"
AAGCO,8.14B,16.08,15.81,0.71,0.79,1.99,14.19,24.64,6.67%,30.44%,11.57%,22.39%,1.96%,116.19,0.00%,"535,669"
AAGD,297.34M,-,-,-,-,-,-,-,-,-,-,-,-,11.36,1.97%,"111,646"
AAGEM,-,-,-,-,-,-,-,-,-,-,-,-,-,48.95,-1.17%,"9,820"
AAGEN,338.26M,2.83,-,-,2.55,-,18.05,-,114.08%,-325.23%,82.55%,32.54%,5.31%,7.49,-14.20%,"1,527,349"
AAGG,-,-,-,-,-,-,-,-,-,-,-,-,-,94.36,0.24%,"13,705,675"
AAGGA,-,-,-,-,-,-,-,-,-,-,-,-,-,24.42,0.12%,"30,073"
AAGGH,-,-,-,-,-,-,-,-,-,-,-,-,-,18.98,1.17%,"130,783"
AAGGM,-,-,-,-,-,-,-,-,-,-,-,-,-,99.25,0.09%,"7,510"
AAGGS,-,-,-,-,-,-,-,-,-,-,-,-,-,38.99,0.22%,83
AAGGY,-,-,-,-,-,-,-,-,-,-,-,-,-,41.22,0.22%,"1,007,163"
AAGI,13.70B,11.78,11.56,0.30,6.15,2.85,20.25,43.48,58.95%,27.25%,41.75%,38.81%,19.31%,32.73,1.30%,"2,337,396"
AAGIG,42.00M,-,-,-,16.80,1.48,3.76,-,-,-,31.97%,-,-5.76%,0.95,-0.92%,"82,738"
AAGIO,1.89B,-,-,-,19.26,1.84,3.07,-,20.12%,34.79%,-8.46%,37.56%,-,31.72,1.50%,"1,278,353"
AAGIQ,-,-,-,-,-,-,-,-,-,-,-,-,-,27.40,0.03%,"11,944"
AAGIX,-,-,-,-,-,-,-,-,-,-,-,-,-,49.56,0.90%,"140,224"
AAGL,1.40B,-,48.27,-,0.24,6.15,5.44,-,90.51%,174.27%,-36.60%,-,37.24%,83.40,-1.04%,"168,550"
AAGM,2.26B,11.93,9.24,-,1.72,1.86,2.17,7.28,25.33%,10.82%,14.98%,-,17.34%,213.92,-0.25%,"156,534"
AAGMB,435.37M,-,-,-,-,1.43,1.51,-,98.90%,-17.49%,-,76.03%,-,8.84,1.73%,"103,935"
AAGMH,3.01M,0.12,-,-,0.10,0.04,9.12,-,-,-,-,-,256.19%,0.58,-20.21%,"2,538,589"
AAGMI,-,-,-,-,-,-,-,-,-,-,-,-,-,69.50,0.22%,284
AAGNC,10.31B,4.56,5.84,-,2.06,0.96,5.77,11.64,4.90%,-5.32%,-,-0.96%,41.14%,8.70,0.58%,"32,839,481"
AAGNG,-,-,-,-,-,-,-,-,-,-,-,-,-,36.09,-0.02%,"6,703"
AAGNT,638.39M,-,31.83,-,0.13,2.27,3.02,6.87,207.14%,-20.00%,-,-,21.56%,3.82,-1.29%,"1,478,241"
AAGO,3.05B,9.30,10.15,-,3.30,0.55,-,9.42,-23.67%,-1.27%,19.70%,-3.38%,-1.19%,69.43,0.43%,"439,728"
AAGOX,-,-,-,-,-,-,-,-,-,-,-,-,-,33.87,-0.10%,"11,616"
AAGPU,142.45M,-,-,-,43.70,4.11,6.50,-,-169.89%,93.68%,54.21%,-,-36.90%,12.29,-5.39%,"362,170"
AAGQ,-,-,-,-,-,-,-,-,-,-,-,-,-,69.30,1.24%,"2,173,996"
AAGQI,-,-,-,-,-,-,-,-,-,-,-,-,-,18.19,-0.24%,"1,063"
AAGRO,1.56B,33.90,9.10,-,0.98,0.90,4.72,86.08,939.97%,-21.39%,-,-,12.13%,10.82,0.65%,"631,153"
AAGRW,-,-,-,-,-,-,-,-,-,-,-,-,-,34.01,0.78%,123
AAGRZ,6.10M,-,-,-,-,-,-,-,-,-,-,-,-,3.31,-2.79%,"7,911"
AAGX,5.89B,33.18,26.60,1.11,4.96,11.62,5.72,10.79,35.68%,19.36%,45.23%,23.91%,19.22%,419.64,8.23%,"580,031"
AAGYS,2.79B,65.45,30.86,0.85,8.44,8.23,22.52,34.64,37.22%,30.33%,-,36.11%,18.41%,98.79,-0.71%,"180,693"
AAGZ,-,-,-,-,-,-,-,-,-,-,-,-,-,106.22,0.10%,"37,957"
AAGZD,-,-,-,-,-,-,-,-,-,-,-,-,-,22.54,0.02%,"127,198"
AAHBM,-,-,-,-,-,-,-,-,-,-,-,-,-,26.00,-2.82%,"1,262"
AAHCO,786.71M,-,-,-,0.24,0.57,18.17,8.05,-132.73%,87.99%,29.83%,-20.65%,25.16%,5.77,0.52%,"2,529,967"
AAHD,-,-,-,-,-,-,-,-,-,-,-,-,-,26.59,0.11%,"30,752"
AAHG,999.23M,-,-,-,71.99,5.54,5877.80,-,-,-,59.38%,-,51.13%,1.17,0.86%,"20,047"
AAHLT,-,-,-,-,-,-,-,-,-,-,-,-,-,31.47,-0.60%,"6,634"
AAHMA,38.35M,115.18,-,-,6.96,11.27,44.59,-,-,-,-,-,25.41%,1.29,-2.27%,"31,665"
AAHR,11.08B,74.89,64.32,2.17,4.43,2.66,57.85,56.68,42.19%,31.44%,103.46%,29.68%,12.68%,50.49,0.04%,"3,783,976"
AAHRT,579.29M,-,-,-,2.08,1.26,26.08,10.95,-737.50%,85.07%,-,-0.00%,-5.78%,6.04,1.34%,"696,701"
AAHT,14.36M,-,-,-,0.01,-,0.07,1.30,-,-,59.49%,-,16.79%,2.22,-1.33%,"6,662"
AAHYB,-,-,-,-,-,-,-,-,-,-,-,-,-,44.81,-0.16%,"4,186"
AAI,1.81B,-,-,-,7.78,2.58,2.78,-,43.73%,37.34%,-43.76%,38.43%,6.44%,11.24,1.35%,"3,688,691"
AAIA,-,-,-,-,-,-,-,-,-,-,-,-,-,144.62,-1.52%,"299,765"
AAIAI,283.31M,-,-,-,-,0.25,25.23,-,-,-,-,-,-,3.62,4.62%,"264,452"
AAIB,119.29M,-,-,-,322.41,1.44,2.26,-,-,-,-,-,-,1.57,-3.09%,"2,634,225"
AAIBD,-,-,-,-,-,-,-,-,-,-,-,-,-,40.57,-1.43%,"4,151"
AAIBF,-,-,-,-,-,-,-,-,-,-,-,-,-,25.14,0.87%,"10,752"
AAIBU,-,-,-,-,-,-,-,-,-,-,-,-,-,76.31,1.63%,"6,309"
AAIBZ,200.75M,-,-,-,-,31.02,68.05,-,-,-,-,-,-,3.61,-9.52%,"950,397"
AAICH,-,-,-,-,-,-,-,-,-,-,-,-,-,25.38,-0.04%,981
AAIDX,4.50M,-,-,-,2.21,2.66,0.99,-,31.58%,26.92%,3.60%,14.80%,-2.58%,0.35,0.01%,"69,106"
AAIEQ,-,-,-,-,-,-,-,-,-,-,-,-,-,50.28,0.93%,"3,721"
AAIFA,49.24M,-,-,-,7.48,1.67,1.66,-,-,-,12.00%,-,19.96%,7.67,30.44%,"4,761,887"
AAIFC,62.83M,-,-,-,3.13,0.09,10.74,-,-,-,-5.19%,-,-6.01%,0.45,-3.73%,"945,583"
AAIFD,-,-,-,-,-,-,-,-,-,-,-,-,-,56.46,1.16%,"9,636"
AAIFF,19.61M,-,-,-,10.89,1.34,2.12,-,-,-,-,-,-39.34%,1.25,-3.85%,"294,679"
AAIFR,-,-,-,-,-,-,-,-,-,-,-,-,-,25.96,-1.52%,659
AAIFU,66.30M,-,-,-,0.93,0.43,12.05,-,-,-,-,-,-30.78%,11.18,8.33%,"32,603"
AAIG,39.27B,13.76,8.53,0.83,1.47,0.97,-,10.20,13.64%,9.29%,-,10.25%,-9.35%,75.11,-0.01%,"5,299,869"
AAIHY,-,-,-,-,-,-,-,-,-,-,-,-,-,22.78,0.64%,"13,332"
AAII,504.92M,5.73,7.89,-,1.50,1.37,-,3.09,-35.04%,-15.81%,-,-17.23%,-,25.77,1.10%,"74,153"
AAIIA,198.49M,60.96,-,-,-,1.39,230.80,-,-,-,-,-,-,10.29,0.00%,"1,188"
AAIIO,134.51M,-,-,-,2.44,1.97,63.75,-,-,-,-,-,-,1.13,1.80%,"29,755,403"
AAIIR,1.23B,-,-,-,9.04,6.36,14.37,-,-,-,-,-,-,7.65,-0.52%,"11,113"
AAIM,7.28M,-,-,-,72.80,0.68,0.73,-,90.02%,37.21%,28.21%,58.64%,-11.60%,0.18,-3.95%,"672,530"
AAIMD,9.53M,-,-,-,953.00,2.90,6.71,-,-,-,23.68%,-,49.61%,1.29,-3.01%,"45,015"
AAIMG,-,-,-,-,-,-,-,-,-,-,-,-,-,21.30,0.37%,639
AAIMS,-,-,-,-,-,-,-,-,-,-,-,-,-,27.41,-0.41%,279
AAIN,1.68B,-,18.69,-,1.38,2.26,21.78,28.80,387.57%,-6.48%,-,-,5.60%,59.31,-0.29%,"295,937"
AAINF,-,-,-,-,-,-,-,-,-,-,-,-,-,21.30,0.09%,"2,191"
AAINP,-,-,-,-,-,-,-,-,-,-,-,-,-,24.14,0.37%,"2,548"
AAINT,-,-,-,-,-,-,-,-,-,-,-,-,-,35.52,-0.08%,"3,335"
AAIO,885.43M,-,-,-,-,-,-,-,-,-,-,-,-,25.71,1.78%,"87,057"
AAIOO,-,-,-,-,-,-,-,-,-,-,-,-,-,26.57,0.17%,"11,131"
AAIOS,38.60M,-,-,-,-,1.31,51.47,-,-,-,-46.27%,-,-34.48%,11.88,-2.22%,"6,766"
AAIOT,363.75M,-,16.94,-,0.81,0.75,9.91,23.01,61.33%,375.86%,21.73%,-,28.59%,2.71,-3.90%,"942,334"
AAIP,1.19B,-,194.14,-,14.02,17.49,9.71,175.19,46.75%,170.73%,-51.10%,-,17.28%,24.13,0.67%,"478,475"
AAIPI,-,-,-,-,-,-,-,-,-,-,-,-,-,37.97,0.16%,"219,663"
AAIPO,-,-,-,-,-,-,-,-,-,-,-,-,-,30.03,3.62%,"2,493,660"
AAIQ,-,-,-,-,-,-,-,-,-,-,-,-,-,67.05,0.30%,"1,530,310"
AAIQD,-,-,-,-,-,-,-,-,-,-,-,-,-,36.27,-2.32%,131
AAIQU,-,-,-,-,-,-,-,-,-,-,-,-,-,23.02,2.28%,"16,369"
AAIR,4.18B,21.17,15.32,0.87,1.20,2.40,36.97,26.18,15.56%,16.38%,37.27%,17.51%,14.89%,104.03,1.75%,"463,229"
AAIRE,7.51M,-,-,-,1.75,1.21,2.75,-,-,-,-,-,-,1.25,-6.02%,"35,887"
AAIRG,55.15M,-,13.58,-,1.07,1.88,7.25,-,141.18%,342.86%,-9.96%,-,1.32%,4.21,0.24%,"40,734"
AAIRI,12.54M,-,-,-,0.27,0.69,2.71,-,-,-,-,-,-0.88%,2.59,4.66%,"4,559"
AAIRJ,287.29M,-,-,-,-,1.11,6.94,-,-567.78%,72.21%,-78.38%,-4.94%,-,3.82,1.06%,"663,795"
AAIRO,206.06M,-,-,-,1.93,0.29,7.93,-,-580.75%,57.25%,-38.92%,-,-,6.53,0.62%,"237,837"
AAIRR,-,-,-,-,-,-,-,-,-,-,-,-,-,108.09,1.79%,"868,314"
AAIRS,134.10M,-,-,-,0.89,1.27,7.13,176.45,-60.00%,43.75%,-,11.21%,19.32%,1.86,-2.62%,"724,569"
AAIRT,82.54M,1.30,-,-,0.22,1.27,3.60,-,-,-,-,-,13.31%,30.80,1.95%,"14,778"
AAIS,-,-,-,-,-,-,-,-,-,-,-,-,-,77.64,0.17%,"368,718"
AAISP,72.67M,2.75,-,-,4.00,-,5.87,-,-,-,58.21%,-,-,2.11,4.46%,"1,342,297"
AAIT,12.67B,31.48,26.08,2.99,2.55,6.82,99.68,27.52,9.89%,9.93%,24.34%,8.73%,8.95%,344.99,-0.23%,"264,030"
AAIUP,-,-,-,-,-,-,-,-,-,-,-,-,-,32.17,-0.69%,"1,924"
AAIV,271.59M,-,-,-,1.55,0.72,0.67,-,-,-,-,-,-1.77%,1.87,-0.53%,"1,445,346"
AAIVC,-,-,-,-,-,-,-,-,-,-,-,-,-,120.85,0.70%,"13,586"
AAIVI,-,-,-,-,-,-,-,-,-,-,-,-,-,57.58,0.34%,"3,026"
AAIVL,-,-,-,-,-,-,-,-,-,-,-,-,-,130.78,0.68%,"2,497"
AAIX,-,-,-,-,-,-,-,-,-,-,-,-,-,25.85,0.53%,534
AAIXI,0.24M,-,-,-,0.13,-,0.07,-,-,-,-53.94%,-,-2.29%,1.85,22.52%,"63,685,916"
AAIYY,-,-,-,-,-,-,-,-,-,-,-,-,-,7.48,0.67%,"126,794"
AAIZ,13.36B,12.86,11.60,1.45,0.99,2.19,-,8.07,13.50%,4.06%,20.60%,8.03%,5.96%,270.96,1.71%,"409,366"
AAJAN,-,-,-,-,-,-,-,-,-,-,-,-,-,28.70,0.17%,"4,321"
AAJG,58.91B,38.03,15.43,0.96,3.74,2.48,42.50,25.76,23.26%,13.03%,6.47%,16.11%,15.25%,229.85,1.15%,"1,153,164"
AAJUL,-,-,-,-,-,-,-,-,-,-,-,-,-,30.41,0.18%,539
AAKA,117.60M,-,-,-,0.19,1.23,5.58,12.94,42.15%,33.04%,-,-,22.69%,10.70,0.00%,383
AAKAF,-,-,-,-,-,-,-,-,-,-,-,-,-,31.35,0.45%,17
AAKAL,-,-,-,-,-,-,-,-,-,-,-,-,-,18.42,1.74%,"88,526"
AAKAM,15.61B,39.18,16.07,2.50,3.61,3.28,4.65,24.78,-6.21%,1.22%,-1.83%,6.43%,5.64%,108.62,0.58%,"2,807,047"
AAKAN,4.98M,-,-,-,7.55,-,6.55,-,-,-,31.61%,-,162.72%,1.89,-1.05%,"60,112"
AAKBA,243.44M,-,-,-,1.11,9.54,1.55,6.05,-600.58%,-117.39%,62.40%,-,-4.37%,0.88,-3.51%,"6,178,611"
AAKO-A,1.93B,12.67,11.07,1.95,0.51,2.84,4.80,6.38,4.55%,7.10%,12.89%,5.68%,10.40%,24.50,3.55%,"1,755"
AAKO-B,2.41B,14.37,13.81,2.43,0.63,3.21,5.98,7.96,4.55%,7.10%,12.89%,5.68%,10.40%,30.56,2.77%,"4,407"
AAKR,2.57B,54.38,52.34,2.53,6.35,1.08,52.15,82.24,113.16%,-22.37%,-,20.66%,10.36%,18.39,-0.11%,"1,190,855"
AAKRE,-,-,-,-,-,-,-,-,-,-,-,-,-,53.76,0.15%,"321,121"
AAKTS,993.36M,-,-,-,-,2.04,1.92,-,97.72%,-26.38%,-,68.42%,-,17.86,-3.56%,"294,763"
AAKTX,14.68M,-,-,-,-,0.79,1.89,-,52.32%,44.32%,-,46.65%,-,8.39,-6.15%,"19,780"
AALA,-,-,-,-,-,-,-,-,-,-,-,-,-,16.98,14.97%,"28,092"
AALAB,67.62B,191.93,60.19,0.93,56.26,39.19,53.97,244.41,116.96%,62.21%,-,64.94%,-,389.80,7.58%,"6,516,141"
AALAI,-,-,-,-,-,-,-,-,-,-,-,-,-,48.00,0.78%,"75,440"
AALAR,12.42M,10.90,4.12,-,0.27,0.37,0.88,-,3300.00%,20.59%,-,-,52.87%,1.69,1.81%,"28,909"
AALB,12.55B,-,11.20,-,2.12,1.56,7.69,9.35,1553.50%,-17.32%,-,-,10.45%,106.35,1.90%,"1,497,374"
AALBG,-,-,-,-,-,-,-,-,-,-,-,-,-,4.30,3.62%,"27,843"
AALC,30.46B,48.45,16.00,1.20,2.80,1.41,20.92,17.51,13.70%,13.11%,-,13.30%,8.77%,63.19,-1.77%,"2,391,161"
AALCO,283.91M,182.59,-,-,16.63,2.71,5.11,-,99.42%,-1204.35%,-,-,-13.78%,38.27,-0.31%,"14,038"
AALDB,-,-,-,-,-,-,-,-,-,-,-,-,-,26.08,0.31%,454
AALDF,323.18M,47.83,-,-,-,1.30,1154.21,36.77,-,-,-,-,-,10.82,0.00%,"26,927"
AALDX,55.25M,-,-,-,-,1.46,1.23,-,39.29%,18.24%,12.61%,36.26%,-,0.92,-0.84%,"8,234,452"
AALEC,202.10M,-,-,-,14.58,-,1.17,-,48.51%,4.39%,10.72%,19.04%,-0.05%,1.81,-9.05%,"10,177,269"
AALF,131.66M,41.21,-,-,-,3.28,-,-,-,-,-,-,-,10.81,-1.01%,43
AALG,1.97B,19.42,13.31,-,1.19,1.63,10.12,14.58,12.37%,15.65%,11.99%,-,6.63%,162.11,-0.17%,"91,369"
AALGM,7.22B,516.11,25.82,0.45,7.64,7.49,42.38,82.24,90.34%,46.04%,-,56.90%,8.53%,38.76,0.78%,"3,286,400"
AALGN,10.05B,24.54,11.35,1.26,2.43,2.38,9.11,15.86,7.23%,10.61%,-24.08%,9.04%,10.30%,141.45,0.57%,"1,021,516"
AALGS,33.60M,-,-,-,1.07,1.05,1.10,-,-157.06%,17.79%,-,0.01%,-,5.38,-0.37%,"12,842"
AALGT,2.12B,55.12,7.45,0.14,0.73,1.19,1.95,-,53.56%,78.36%,26.48%,54.73%,21.36%,77.54,3.19%,"446,264"
AALH,4.29B,24.30,14.52,0.82,2.42,8.54,23.40,-,32.06%,10.38%,-,17.62%,-,21.59,1.31%,"812,513"
AALHC,1.74B,44.83,21.43,-,0.38,6.54,-,9.78,-,129.44%,50.33%,-,32.71%,8.37,-1.53%,"10,761,674"
AALIL,-,-,-,-,-,-,-,-,-,-,-,-,-,30.87,-0.14%,559
AALIS,94.81M,161.41,-,-,-,1.54,412.22,-,-,-,-,-,-,11.25,8.91%,"118,442"
AALIT,244.07M,-,1.90,-,0.11,0.23,0.54,0.98,-52.33%,0.18%,-49.03%,-24.47%,-3.68%,9.06,3.66%,"471,836"
AALK,4.45B,-,8.96,0.19,0.30,1.21,1.65,-,-244.18%,226.51%,-,48.15%,31.90%,39.89,1.79%,"3,379,076"
AALKS,6.99B,108.18,78.02,-,4.19,3.86,10.64,31.52,-136.96%,201.02%,-,-7.18%,7.28%,41.65,-2.60%,"1,545,961"
AALKT,1.51B,-,13.02,0.35,3.08,4.16,18.64,23.88,55.40%,37.68%,7.41%,37.66%,31.66%,14.11,-0.28%,"1,063,727"
AALL,56.71B,4.48,8.02,-,0.81,1.80,-,4.63,2.35%,-21.58%,17.07%,-8.59%,10.06%,224.27,-0.20%,"1,809,422"
AALLE,13.20B,20.36,15.84,1.67,3.08,6.23,41.17,19.37,10.05%,9.36%,16.90%,9.48%,8.38%,155.20,1.00%,"698,994"
AALLO,504.42M,-,-,-,108.71,1.16,1.52,-,30.88%,-5.70%,16.08%,13.94%,-,1.46,-2.67%,"4,659,678"
AALLR,15.68M,-,-,-,46.12,4.43,0.58,-,-2.56%,-7.50%,94.60%,-,-,0.99,-1.47%,"46,338"
AALLT,411.19M,38.97,20.76,0.76,3.77,3.45,3.89,13.75,49.28%,16.99%,-,27.17%,-5.58%,8.34,-0.83%,"213,664"
AALLW,-,-,-,-,-,-,-,-,-,-,-,-,-,28.80,0.77%,"511,306"
AALLY,11.44B,8.86,6.04,0.27,0.72,0.85,-,14.43,33.87%,22.10%,-3.80%,22.25%,7.13%,37.62,-0.03%,"4,122,372"
AALM,3.76B,53.18,9.27,-,60.54,9.67,4.35,759.96,218.69%,108.55%,-58.78%,-,4.46%,13.04,-3.55%,"4,890,098"
AALMR,2.24B,-,-,-,-,7.15,8.95,-,-480.00%,45.32%,-,-21.86%,-,32.26,-15.39%,"1,550,855"
AALMS,925.12M,-,-,-,125.02,1.97,1.84,-,-14.16%,13.66%,-,10.01%,-,6.93,1.32%,"1,745,543"
AALMU,253.41M,-,-,-,56.82,4.44,4.52,-,-128.85%,2.52%,-123.99%,-,-,13.12,0.31%,"493,419"
AALNT,1.99B,69.01,35.18,1.78,3.47,6.38,47.36,72.49,26.14%,21.75%,6.71%,19.75%,8.62%,117.24,-1.17%,"157,269"
AALNY,29.97B,37.81,22.29,0.30,6.24,22.12,9.06,37.74,186.16%,50.68%,-,74.81%,49.77%,223.94,1.84%,"1,356,362"
AALOV,376.13M,134.38,-,-,-,1.29,422.62,-,-,-,-,-,-,10.02,0.05%,"4,374"
AALOY,563.68M,-,-,-,198.48,2.93,4.61,-,-,-,-45.99%,-12.42%,-6.31%,8.12,0.12%,"971,034"
AALP,6.23M,-,-,-,-,0.05,34.61,-,93.30%,39.29%,31.15%,-,-,4.02,-8.43%,"543,090"
AALPS,64.18M,-,-,-,-,-,178.28,-,-,-,-11.58%,-,-,0.39,-3.58%,"13,996"
AALPX,147.16M,-,-,-,-,1.28,196.21,-,-,-,-,-,-,9.95,-0.10%,231
AALRG,-,-,-,-,-,-,-,-,-,-,-,-,-,31.82,0.73%,"3,449"
AALRM,2.75B,24.80,18.27,2.32,2.60,3.18,5.67,14.67,10.41%,6.14%,9.96%,7.89%,10.35%,56.11,-0.23%,"289,327"
AALRS,806.65M,30.23,11.48,-,2.41,1.39,-,8.78,8.49%,-6.50%,-23.04%,-,6.04%,32.36,-0.11%,"180,640"
AALSN,9.48B,18.22,10.61,0.53,2.15,4.79,23.75,13.33,12.01%,31.68%,22.82%,19.89%,7.66%,114.75,-0.86%,"683,379"
AALT,519.36M,-,-,-,17312.00,1.09,1.59,-,41.80%,-9.21%,12.17%,14.25%,-65.33%,2.67,0.00%,"7,627,409"
AALTG,220.17M,-,-,-,0.12,-,10.53,100.08,48.55%,25.76%,-23.07%,37.59%,16.01%,6.74,4.50%,"187,588"
AALTI,449.12M,-,7.20,-,1.62,1.31,14.39,365.14,110.57%,207.69%,-472.06%,-,-,2.88,-2.37%,"113,363"
AALTL,-,-,-,-,-,-,-,-,-,-,-,-,-,44.81,0.83%,"4,427"
AALTO,290.88M,5.63,11.48,0.37,0.31,1.12,12.14,5.82,135.42%,-13.27%,-,31.04%,0.46%,3.75,-1.06%,"781,864"
AALTY,-,-,-,-,-,-,-,-,-,-,-,-,-,11.73,0.32%,"43,551"
AALUB,364.23M,-,-,-,-,1.32,607.05,-,-,-,-,-,-,10.14,0.05%,"1,174"
AALV,8.28B,13.31,9.44,0.81,0.75,3.33,21.96,10.94,2.66%,18.44%,34.94%,11.70%,7.75%,113.05,0.87%,"807,822"
AALVO,2.40B,-,26.39,-,4.87,-,16.79,-,85.57%,1712.56%,-,-,-,6.14,0.49%,"1,219,410"
AALX,1.25B,7.43,-,-,5.84,5.61,3.50,46.16,-,-,-7.67%,-,1.37%,245.49,0.11%,"45,974"
AALXO,153.49M,-,-,-,-,1.13,1.11,-,70.56%,2.21%,-8.19%,34.91%,-,1.11,-8.26%,"1,014,121"
AALZN,6.61M,-,-,-,-,1.14,0.87,-,60.08%,17.14%,51.15%,-,-,1.37,-2.84%,"32,054"
AAM,10.03B,25.37,16.20,0.82,7.64,5.16,-,12.94,27.05%,19.41%,-,19.75%,5.33%,21.14,2.82%,"2,260,945"
AAMA,-,-,-,-,-,-,-,-,-,-,-,-,-,27.17,-4.03%,"171,008"
AAMAA,-,-,-,-,-,-,-,-,-,-,-,-,-,29.77,3.81%,"1,021"
AAMAC,355.64M,-,-,-,-,-,-,-,-,-,-,-,-,9.80,0.00%,66
AAMAL,1.42B,12.70,10.32,-,2.94,1.71,-,9.39,10.39%,14.94%,18.19%,-,15.25%,47.65,-0.17%,"144,867"
AAMAN,105.74M,-,-,-,-,1.42,64.87,-,-,-,-,-,-,10.62,0.09%,323
AAMAT,420.82B,45.72,28.31,0.75,13.65,16.42,45.58,74.84,35.96%,46.23%,17.18%,37.60%,10.52%,530.27,-2.21%,"4,884,803"
AAMAU,-,-,-,-,-,-,-,-,-,-,-,-,-,16.48,-4.46%,"412,908"
AAMAX,-,-,-,-,-,-,-,-,-,-,-,-,-,7.51,-0.07%,"19,202"
AAMBA,3.00B,-,64.15,1.91,7.18,4.83,10.99,308.53,29.62%,31.79%,-0.60%,33.50%,11.87%,67.94,-0.47%,"834,548"
AAMBO,4.82M,-,-,-,-,0.61,0.67,-,-,-,-,-,-34.22%,1.84,0.50%,"1,293"
AAMBP,2.65B,85.55,14.59,0.77,0.44,-,14.04,8.62,29.68%,11.77%,-,19.03%,9.76%,4.44,0.00%,"2,151,034"
AAMBQ,1.53B,-,-,-,15.63,3.77,4.17,-,79.48%,59.64%,-8.62%,-,9.21%,63.24,-4.07%,"564,450"
AAMBR,172.02M,-,13.27,-,3.03,1.81,3.59,-,-16.67%,200.00%,-,-,-23.64%,1.99,5.85%,"217,252"
AAMC,2.63B,-,-,-,0.50,-,3.21,-,84.40%,72.06%,67.07%,-,31.30%,2.95,5.73%,"18,322,479"
AAMCI,68.68M,-,-,-,-,6.43,15.13,-,-,-,-,-,-,2.93,-1.35%,"27,213"
AAMCR,19.31B,17.52,-,-,0.82,1.64,17.32,15.01,-,-,-4.62%,-,12.82%,41.77,-0.07%,"3,049,287"
AAMCX,452.92M,-,4.82,-,0.20,0.50,0.98,2.44,-25.66%,51.10%,-18.57%,-26.61%,-3.86%,10.98,-1.44%,"577,059"
AAMD,1060.16B,166.67,40.52,0.52,25.67,15.77,80.79,126.16,83.21%,109.78%,5.13%,77.61%,28.82%,649.42,2.80%,"24,245,863"
AAMDC,-,-,-,-,-,-,-,-,-,-,-,-,-,31.94,5.72%,"6,700"
AAMDD,-,-,-,-,-,-,-,-,-,-,-,-,-,21.18,-2.83%,"426,891"
AAMDG,-,-,-,-,-,-,-,-,-,-,-,-,-,150.54,5.59%,"26,351"
AAMDL,-,-,-,-,-,-,-,-,-,-,-,-,-,88.76,5.59%,"2,797,430"
AAMDW,-,-,-,-,-,-,-,-,-,-,-,-,-,107.66,3.32%,"129,481"
AAMDY,-,-,-,-,-,-,-,-,-,-,-,-,-,53.23,2.17%,"359,163"
AAME,58.17B,37.09,27.18,2.50,7.40,5.17,117.40,32.26,12.46%,11.72%,11.14%,10.87%,10.27%,253.72,0.71%,"892,318"
AAMEI,-,-,-,-,-,-,-,-,-,-,-,-,-,26.29,0.59%,266
AAMEM,-,-,-,-,-,-,-,-,-,-,-,-,-,25.11,-0.40%,"1,478"
AAMG,9.82B,13.25,8.79,0.34,4.32,3.25,23.89,8.81,42.13%,16.62%,39.32%,25.73%,0.54%,379.72,-0.26%,"415,166"
AAMGN,217.66B,25.01,16.45,2.86,5.70,18.62,15.56,21.39,5.66%,6.07%,2.93%,5.76%,7.79%,402.60,-0.09%,"2,036,870"
AAMGR,-,-,-,-,-,-,-,-,-,-,-,-,-,26.39,0.69%,"2,217"
AAMH,10.96B,24.10,38.11,-,5.80,1.61,42.54,14.00,-7.74%,-26.57%,33.63%,-15.31%,9.55%,30.47,1.30%,"2,633,845"
AAMHI,-,-,-,-,-,-,-,-,-,-,-,-,-,23.03,-0.09%,8
AAMID,-,-,-,-,-,-,-,-,-,-,-,-,-,37.25,-0.23%,"4,692"
AAMIX,6.80M,-,-,-,-,0.60,1.97,-,-,-,35.84%,-,-,3.47,-1.98%,"63,769"
AAMJB,-,-,-,-,-,-,-,-,-,-,-,-,-,35.45,0.82%,"23,435"
AAMKL,-,-,-,-,-,-,-,-,-,-,-,-,-,6.84,-5.13%,"144,817"
AAMKR,13.26B,23.96,19.09,0.63,1.78,2.85,5.28,-,71.18%,8.93%,1.52%,30.51%,5.84%,53.39,-2.27%,"2,938,280"
AAMKX,-,-,-,-,-,-,-,-,-,-,-,-,-,11.09,-4.60%,939
AAMLP,-,-,-,-,-,-,-,-,-,-,-,-,-,53.45,0.91%,"1,381,273"
AAMLX,3.52B,-,-,-,-,13.06,14.03,-,1.51%,21.46%,-15.37%,44.87%,-,28.04,0.94%,"1,279,463"
AAMMO,-,-,-,-,-,-,-,-,-,-,-,-,-,24.34,-1.14%,351
AAMN,1.42B,13.71,39.22,-,0.41,1.92,3.70,3.24,141.72%,-71.51%,-,-3.75%,2.67%,36.73,-0.30%,"670,813"
AAMOD,12.32M,-,-,-,1232.00,-,6.16,-,-,-,-,-,-,2.50,-33.86%,"3,497,839"
AAMOM,-,-,-,-,-,-,-,-,-,-,-,-,-,64.09,1.36%,"1,957"
AAMP,43.87B,11.98,9.61,0.71,2.21,6.90,4.28,5.34,18.29%,11.21%,24.35%,13.57%,9.49%,496.61,0.34%,"562,917"
AAMPG,89.83M,-,37.38,-,3.74,1.64,6.87,-,21.21%,130.77%,1.96%,-,48.76%,2.99,0.67%,"718,427"
AAMPH,1.10B,15.18,8.14,6.08,1.51,1.43,3.77,7.21,-8.59%,7.09%,134.65%,1.34%,15.53%,25.91,2.13%,"469,146"
AAMPL,1.85B,-,85.70,1.32,4.93,13.55,13.14,62.75,22.42%,134.96%,-22.85%,64.69%,27.35%,14.79,-0.60%,"2,464,131"
AAMPU,-,-,-,-,-,-,-,-,-,-,-,-,-,1.96,0.51%,"431,358"
AAMPX,1.38B,-,201.49,-,12.66,11.01,18.51,-,78.10%,161.30%,-36.92%,-,73.24%,9.47,0.21%,"4,579,027"
AAMPY,185.72M,9.31,10.42,-,0.87,0.42,8.76,-,-147.45%,192.47%,-,-,5.43%,4.48,1.13%,"332,270"
AAMR,2.24B,-,11.62,-,1.09,1.50,6.63,-,17.74%,527.22%,27.94%,-,8.50%,176.98,1.95%,"232,344"
AAMRC,1.20B,43.56,13.56,0.33,0.59,0.97,5.34,-,37.74%,34.93%,-5.51%,40.78%,13.36%,22.68,5.54%,"385,625"
AAMRN,254.92M,-,-,-,1.37,0.57,0.81,16.39,-565.48%,42.55%,-14.55%,-,-19.12%,12.07,-0.17%,"75,422"
AAMRO,-,-,-,-,-,-,-,-,-,-,0.36%,-,100.88%,-,-,0
AAMRX,6.48B,42.35,17.03,0.83,2.08,196.24,47.56,79.90,23.35%,16.44%,-18.36%,20.50%,8.66%,20.30,-0.27%,"3,591,562"
AAMRZ,20.39B,17.12,13.09,0.89,1.67,1.59,27.97,15.43,16.53%,14.25%,-,14.63%,-,37.28,0.22%,"2,549,577"
AAMS,9.18M,-,-,-,0.30,0.40,1.36,2.59,39.13%,-,27.12%,-,9.50%,1.38,2.22%,"4,812"
AAMSC,1.54B,10.52,24.73,-,4.81,2.70,10.46,75.19,-75.61%,46.70%,-,-26.09%,27.98%,31.85,6.24%,"849,381"
AAMSF,437.45M,9.49,11.73,-,1.30,1.75,-,22.65,-9.82%,1.90%,-11.19%,-6.33%,-1.35%,23.60,1.37%,"378,236"
AAMSS,4.96M,-,-,-,-,-,2.88,-,-,-,-,-,-,0.43,0.47%,"181,564"
AAMST,6.09M,-,-,-,16.92,2.30,2.65,-,-,-,37.84%,-,-11.57%,0.93,-1.29%,"33,167"
AAMT,76.78B,22.66,23.38,1.75,7.02,20.64,40.57,19.39,29.08%,1.11%,7.32%,13.34%,5.77%,164.78,1.55%,"2,185,415"
AAMTB,1.14B,20.85,10.41,0.47,1.84,1.25,-,10.90,26.59%,27.51%,-,22.11%,14.41%,29.06,-0.65%,"206,866"
AAMTD,30.84M,1.16,-,-,0.54,0.05,0.52,-,-,-,-32.81%,-,-4.34%,0.73,-5.96%,"33,426"
AAMTM,4.59B,22.49,7.11,0.71,0.32,0.98,10.00,9.68,10.53%,7.58%,192.57%,9.96%,25.04%,18.77,2.91%,"1,893,161"
AAMTX,129.18M,-,-,-,0.56,-,133.18,-,31.53%,45.09%,5.95%,-,4.67%,1.79,1.70%,"382,576"
AAMUB,-,-,-,-,-,-,-,-,-,-,-,-,-,22.40,0.59%,669
AAMUN,-,-,-,-,-,-,-,-,-,-,-,-,-,25.90,-0.13%,789
AAMUU,-,-,-,-,-,-,-,-,-,-,-,-,-,314.29,5.65%,"39,751"
AAMWL,208.70M,-,-,-,0.96,0.94,1.06,-,56.96%,18.18%,20.73%,38.59%,0.33%,12.27,-3.54%,"91,108"
AAMX,68.44B,13.47,10.82,0.57,1.29,3.12,23.54,8.66,24.77%,15.62%,16.72%,18.84%,4.70%,22.36,0.95%,"2,387,559"
AAMYY,-,-,-,-,-,-,-,-,-,-,-,-,-,13.69,0.55%,"8,748"
AAMZA,-,-,-,-,-,-,-,-,-,-,-,-,-,48.71,1.47%,"36,910"
AAMZD,-,-,-,-,-,-,-,-,-,-,-,-,-,8.51,-1.96%,"9,653,480"
AAMZG,-,-,-,-,-,-,-,-,-,-,-,-,-,15.34,3.97%,"73,312"
AAMZN,2764.42B,20.61,24.11,0.98,3.56,5.01,22.43,-,78.17%,-16.80%,27.96%,24.66%,13.18%,256.29,1.95%,"34,120,787"
AAMZO,-,-,-,-,-,-,-,-,-,-,-,-,-,13.90,-4.01%,"13,223"
AAMZP,-,-,-,-,-,-,-,-,-,-,-,-,-,25.69,2.02%,"22,683"
AAMZU,-,-,-,-,-,-,-,-,-,-,-,-,-,35.89,3.70%,"3,127,307"
AAMZW,-,-,-,-,-,-,-,-,-,-,-,-,-,35.20,2.32%,"13,134"
AAMZY,-,-,-,-,-,-,-,-,-,-,-,-,-,10.48,1.35%,"151,328"
AAMZZ,-,-,-,-,-,-,-,-,-,-,-,-,-,33.69,4.06%,"134,096"
AAN,5.23B,7.33,6.48,0.58,0.19,2.32,42.20,-,5.84%,14.04%,31.69%,11.18%,6.27%,158.14,-2.18%,"723,196"
AANAB,1.43B,7.43,-,-,6.03,134.50,8.72,79.23,-,-,8.82%,-,25.62%,47.89,-2.66%,"627,091"
AANDE,2.26B,12.86,10.43,-,0.21,1.73,34.00,39.76,95.94%,16.77%,64.37%,-,6.42%,66.61,-0.44%,"265,019"
AANDG,6.45B,6.68,25.01,3.22,7.07,-,36.32,38.34,-4.36%,22.10%,-,7.77%,-,57.12,2.00%,"249,823"
AANEL,-,-,-,-,-,-,-,-,-,-,-,-,-,30.56,8.35%,"76,060"
AANET,271.62B,67.90,41.10,1.41,25.77,18.36,20.36,52.69,37.87%,27.55%,40.70%,29.21%,31.19%,215.36,4.09%,"6,977,032"
AANEW,-,-,-,-,-,-,-,-,-,-,-,-,-,54.51,-0.34%,13
AANF,6.00B,12.11,10.93,0.83,1.12,4.43,9.40,10.59,30.66%,0.43%,-,13.24%,11.00%,141.39,-0.01%,"1,102,097"
AANGH,32.36M,-,-,-,0.33,1.18,1.44,-,-,-,-,-,-,3.57,0.28%,"5,196"
AANGI,241.72M,-,13.57,-,0.24,0.35,1.28,-,-696.90%,107.83%,-,-10.44%,-6.83%,5.96,-1.65%,"586,977"
AANGL,-,-,-,-,-,-,-,-,-,-,-,-,-,27.71,0.40%,"1,626,836"
AANGO,606.43M,-,-,-,1.89,3.52,11.26,-,-77.29%,83.08%,-1.46%,-,1.93%,14.42,-7.21%,"847,575"
AANGU,-,-,-,-,-,-,-,-,-,-,-,-,-,25.78,0.61%,"23,690"
AANGX,773.17M,-,-,-,1.87,-,16.09,-,66.15%,39.46%,-,48.50%,-,4.14,-0.48%,"1,448,117"
AANIK,255.88M,-,20.13,0.17,2.12,1.86,6.66,456.93,854.55%,-9.52%,14.76%,118.66%,-2.86%,19.12,-3.09%,"64,738"
AANIP,1.64B,15.44,7.04,0.51,1.68,2.75,4.37,9.50,17.41%,9.74%,-,13.82%,33.48%,71.52,-1.46%,"292,000"
AANIX,104.99M,-,-,-,-,7.22,7.58,-,8.82%,0.00%,5.67%,3.03%,-,3.02,2.37%,"344,956"
AANL,849.24M,-,-,-,46.92,4.33,3.65,-,50.00%,-58.69%,10.50%,-0.28%,-,14.46,-3.86%,"99,766"
AANNA,182.73M,14.09,-,-,4.58,2.76,5.39,17.60,-,-,-,-,-,2.73,1.49%,"129,084"
AANNX,764.00M,-,-,-,-,3.78,3.65,-,21.64%,5.11%,20.17%,43.98%,-,4.03,-4.05%,"2,701,303"
AANPA,29.45M,-,-,-,34.65,46.22,133.86,-,-,-,-,-,-,1.95,-3.47%,"9,229"
AANRO,929.65M,-,-,-,-,3.79,3.81,-,-27.14%,-10.23%,-57.17%,-11.71%,-,23.69,-1.33%,"576,616"
AANTA,60.90M,9.31,-,-,0.74,0.54,0.12,-,-127.33%,100.00%,-,-19.12%,-,2.54,-0.46%,"9,141"
AANTW,-,-,-,-,-,-,-,-,-,-,-,-,-,25.54,1.43%,"69,186"
AANTX,191.32M,-,-,-,-,2.42,2.44,-,22.84%,10.61%,-8.39%,10.92%,-,5.07,-9.63%,"318,215"
AANV,-,-,-,-,-,-,-,-,-,-,-,-,-,25.55,0.04%,"12,659"
AANVS,50.36M,-,-,-,-,-,2.69,-,-0.48%,31.04%,-10.15%,-2.67%,-,1.18,-1.67%,"538,740"
AAOA,-,-,-,-,-,-,-,-,-,-,-,-,-,98.37,0.31%,"138,451"
AAOCT,-,-,-,-,-,-,-,-,-,-,-,-,-,28.00,0.25%,"83,963"
AAOD,1.08B,-,-,-,-,-,-,-,-,-,-,-,-,10.20,1.19%,"470,626"
AAOHY,-,-,-,-,-,-,-,-,-,-,-,-,-,10.74,0.47%,"22,246"
AAOK,-,-,-,-,-,-,-,-,-,-,-,-,-,40.48,0.27%,"331,627"
AAOM,-,-,-,-,-,-,-,-,-,-,-,-,-,48.89,0.35%,"530,767"
AAOMR,171.33M,9.93,5.25,0.16,1.13,0.73,3.29,7.47,110.55%,13.19%,130.86%,32.72%,45.99%,7.38,1.79%,"84,202"
AAON,58.12B,15.11,13.47,1.18,3.31,6.05,45.87,17.89,8.77%,9.58%,15.04%,11.43%,9.34%,273.99,0.71%,"1,382,264"
AAOR,-,-,-,-,-,-,-,-,-,-,-,-,-,69.01,0.29%,"399,913"
AAORT,1.06B,-,75.64,2.51,2.26,2.39,13.77,-,-228.57%,206.94%,-,30.11%,11.75%,21.84,-3.41%,"494,384"
AAOS,7.73B,15.86,13.97,2.95,2.03,4.22,42.65,12.09,-3.06%,9.12%,12.66%,4.73%,5.76%,56.90,-0.12%,"1,118,237"
AAOSL,907.33M,-,95.05,-,1.34,1.14,5.00,-,-28.49%,157.01%,-,-,0.66%,29.94,3.24%,"427,202"
AAOTG,-,-,-,-,-,-,-,-,-,-,-,-,-,69.35,0.19%,"3,636"
AAOUT,203.08M,-,20.90,-,1.03,1.23,6.10,10.59,185.71%,-3.75%,-,-,-7.19%,16.09,-3.07%,"58,595"
AAP,194.60M,-,-,-,0.45,6.24,27.60,-,-,-,-,-,1.78%,9.42,-2.38%,"75,077"
AAPA,15.45B,9.33,9.71,2.22,1.75,2.20,34.80,7.35,64.72%,-26.83%,-,4.37%,15.00%,44.10,0.57%,"3,423,291"
AAPAC,82.68M,78.40,-,-,-,1.39,393.71,-,-,-,-,-,-,10.27,0.00%,403
AAPAM,2.84B,8.69,9.04,-,2.15,5.92,8.09,6.10,-2.54%,1.11%,3.56%,-1.07%,6.88%,35.00,1.74%,"3,341,475"
AAPC,776.35M,-,16.14,2.99,-,3.01,53.32,-,7.60%,-0.04%,-,5.39%,-,16.32,3.49%,"171,497"
AAPCB,-,-,-,-,-,-,-,-,-,-,-,-,-,28.10,0.21%,"29,545"
AAPD,62.57B,-,19.44,2.13,4.97,4.51,63.82,-,11.85%,7.41%,-,9.12%,6.33%,281.00,0.55%,"806,827"
AAPDB,-,-,-,-,-,-,-,-,-,-,-,-,-,26.46,0.34%,13
AAPEI,845.90M,19.02,15.09,0.39,1.27,2.70,3.80,12.07,92.92%,16.72%,1.63%,39.14%,15.06%,46.22,4.08%,"178,167"
AAPG,18.06B,-,20.82,1.37,2.14,5.13,21.22,26.71,16.51%,15.34%,14.03%,15.14%,17.14%,41.40,1.82%,"2,674,418"
AAPH,218.53B,44.37,26.88,0.86,7.53,14.10,40.33,46.36,59.71%,23.62%,27.86%,31.33%,21.85%,88.62,1.55%,"9,355,493"
AAPHG,-,-,-,-,-,-,-,-,-,-,-,-,-,17.03,2.53%,"5,373"
AAPHU,-,-,-,-,-,-,-,-,-,-,-,-,-,29.01,2.54%,"3,772"
AAPI,306.82M,36.05,15.05,-,2.02,0.69,0.89,-,42.40%,92.26%,-,-,1.12%,4.12,-0.72%,"104,972"
AAPIE,-,-,-,-,-,-,-,-,-,-,-,-,-,39.07,-0.18%,"34,003"
AAPLD,7.58B,-,-,-,13.15,4.25,1.91,-,-7.74%,45.75%,-19.33%,-,-,25.34,2.59%,"22,690,488"
AAPLE,3.86B,22.03,21.99,5.09,2.68,1.23,203.44,13.28,-3.58%,4.09%,-,4.32%,18.60%,16.33,-0.43%,"2,961,450"
AAPLM,64.42M,-,-,-,7.58,-,19.64,-,-,-,18.23%,-,-,22.10,-8.41%,"13,177"
AAPLU,-,-,-,-,-,-,-,-,-,-,-,-,-,23.39,0.30%,"183,322"
AAPLX,-,-,-,-,-,-,-,-,-,-,-,-,-,7.35,5.08%,"5,810,387"
AAPLY,-,-,-,-,-,-,-,-,-,-,-,-,-,11.75,0.09%,"84,082"
AAPLZ,-,-,-,-,-,-,-,-,-,-,-,-,-,21.50,-5.12%,"80,268"
AAPMC,199.09M,-,-,-,-,1.36,248.86,-,-,-,-,-,-,9.98,0.10%,10
AAPMD,776.41M,-,-,-,-,-,4.49,-,-,-,-,-,-,18.65,-14.25%,"581,295"
AAPMI,-,-,-,-,-,-,-,-,-,-,-,-,-,17.58,-4.55%,"1,083"
AAPMU,-,-,-,-,-,-,-,-,-,-,-,-,-,24.05,0.12%,"18,743"
AAPNAU,-,-,-,-,-,-,-,-,-,-,-,-,-,-,-,0
AAPO,68.47B,43.86,10.83,0.79,1.90,3.41,2.39,6.82,4.22%,22.56%,65.65%,13.68%,68.23%,115.95,0.52%,"2,706,979"
AAPOC,-,-,-,-,-,-,-,-,-,-,-,-,-,26.73,0.00%,"31,887"
AAPOG,834.73M,12.69,-,-,0.58,1.65,22.85,8.77,-14.70%,-,33.79%,-,2.68%,40.00,12.17%,"1,519,160"
AAPP,93.29B,21.43,13.87,0.37,13.66,29.55,30.56,20.61,61.61%,27.55%,-,37.55%,30.45%,278.78,-1.13%,"4,368,455"
AAPPC,-,-,-,-,-,-,-,-,-,-,-,-,-,8.16,-2.19%,"12,319"
AAPPF,7.20B,46.35,24.13,0.95,6.92,13.69,32.44,26.67,30.43%,22.13%,-2.64%,25.28%,25.12%,203.31,-0.46%,"335,907"
AAPPN,2.67B,-,26.27,0.70,3.35,-,15.89,34.76,77.28%,31.10%,-,37.33%,19.00%,37.25,-2.51%,"793,804"
AAPPS,1.28B,-,11.04,-,2.13,6.66,29.55,41.88,29.46%,31.03%,-,-,12.51%,10.49,-6.42%,"3,330,726"
AAPPX,-,-,-,-,-,-,-,-,-,-,-,-,-,9.90,-1.98%,"1,434,534"
AAPRB,-,-,-,-,-,-,-,-,-,-,-,-,-,27.70,0.11%,"1,122"
AAPRE,8.00M,-,-,-,800.00,0.20,0.19,-,84.97%,-1.15%,47.99%,43.58%,-,0.64,-5.94%,"199,169"
AAPRH,-,-,-,-,-,-,-,-,-,-,-,-,-,24.81,0.06%,"2,705"
AAPRJ,-,-,-,-,-,-,-,-,-,-,-,-,-,24.63,0.04%,"1,804"
AAPRP,-,-,-,-,-,-,-,-,-,-,-,-,-,33.55,0.04%,"11,777"
AAPRT,-,-,-,-,-,-,-,-,-,-,-,-,-,47.34,0.22%,"1,418"
AAPRW,-,-,-,-,-,-,-,-,-,-,-,-,-,38.03,0.14%,"1,070"
AAPRZ,-,-,-,-,-,-,-,-,-,-,-,-,-,41.09,0.56%,112
AAPT,61.14M,14.74,-,-,0.99,0.93,3.23,10.42,-,-,-30.05%,-,-10.45%,5.99,4.17%,"168,058"
AAPTV,9.29B,42.42,6.84,1.78,0.50,1.06,12.14,3.46,-13.23%,13.77%,-35.19%,3.85%,9.32%,44.72,1.89%,"2,579,134"
AAPUE,-,-,-,-,-,-,-,-,-,-,-,-,-,47.99,0.43%,"64,361"
AAPUR,148.33M,-,-,-,-,1.44,329.62,-,-,-,-,-,-,10.07,0.30%,38
AAPUS,10.76M,-,-,-,-,0.10,1.30,-,-,-,-,-,-,7.13,55.34%,"43,840,485"
AAPVO,3.25M,-,-,-,-,0.42,0.33,-,80.47%,61.33%,89.05%,58.56%,-,1.79,-0.28%,"35,399"
AAPWC,26.80M,4.47,-,-,0.05,0.13,0.41,-,-,-,-,-,9.32%,1.30,-4.05%,926
AAPXM,-,-,-,-,-,-,-,-,-,-,-,-,-,32.26,0.14%,"3,985"
AAPXT,466.26M,74.71,-,-,-,1.38,818.00,-,-,-,-,-,-,10.15,0.05%,526
AAPYX,107.21M,-,-,-,1.84,10.05,3.88,-,1.85%,5.03%,4.74%,28.19%,13.78%,2.55,-2.12%,"129,274"
AAQB,4.50M,-,-,-,-,1.60,2.38,-,-,-,11.96%,-,-,0.87,-1.31%,"61,046"
AAQEC,-,-,-,-,-,-,-,-,-,-,-,-,-,25.92,0.47%,"49,535"
AAQLG,-,-,-,-,-,-,-,-,-,-,-,-,-,26.48,0.72%,8
AAQLT,-,-,-,-,-,-,-,-,-,-,-,-,-,32.54,0.79%,"3,929"
AAQMS,7.50M,-,-,-,-,0.78,1.58,-,-,-,29.11%,-,-,2.11,0.24%,"18,752"
AAQN,4.01B,28.11,12.43,1.32,1.59,0.90,72.95,-,5.24%,13.81%,-30.67%,9.44%,7.87%,5.06,-0.20%,"6,420,289"
AAQST,578.61M,-,-,-,10.70,-,5.87,-,37.04%,-1.81%,13.92%,21.87%,-0.58%,4.61,0.88%,"1,208,672"
AAQWA,-,-,-,-,-,-,-,-,-,-,-,-,-,18.14,0.15%,"6,594"
AAR,10.98B,10.25,7.92,0.16,1.86,1.33,-,6.92,149.79%,5.27%,-,50.81%,15.05%,35.72,2.97%,"4,023,834"
AARAI,10.43M,-,-,-,208.60,2.19,2.03,-,-45.00%,46.55%,-,13.38%,-,0.20,-3.08%,"181,774,772"
AARAY,31.23M,-,-,-,0.08,0.75,0.76,-,-,-,-42.36%,-,0.28%,0.26,-13.32%,"1,844,137"
AARB,-,-,-,-,-,-,-,-,-,-,-,-,-,30.01,0.11%,"43,537"
AARBB,7.91M,-,-,-,0.13,0.18,0.99,3.10,-,-,-,-,38.47%,4.48,0.00%,"1,418"
AARBE,76.63M,-,-,-,40.76,1.81,1.14,-,33.33%,19.51%,-,30.95%,25.31%,0.60,1.12%,"1,133,865"
AARBK,31.75M,0.46,-,-,2.04,2.25,14.11,-,-,-,-17.52%,80.15%,-8.54%,2.17,-5.24%,"13,409"
AARCB,2.87B,184.28,13.39,0.29,0.68,2.26,17.02,16.71,86.27%,38.94%,-0.53%,46.74%,6.40%,128.24,-2.21%,"193,218"
AARCC,13.38B,13.86,9.64,-,4.07,0.96,21.45,12.63,-5.20%,1.46%,10.24%,-2.52%,18.46%,18.64,-0.96%,"4,897,887"
AARCI,355.09M,-,-,-,-,1.31,351.57,-,-,-,-,-,-,10.07,-0.22%,"20,808"
AARCL,179.15M,312.50,-,-,-,164.04,180.96,-,-,-,-,-,-,10.00,0.00%,10
AARCM,-,-,-,-,-,-,-,-,-,-,-,-,-,99.96,0.02%,993
AARCO,1.69B,6.66,9.64,-,0.34,2.06,6.27,17.75,-20.99%,5.51%,-,-0.99%,18.71%,8.12,0.25%,"3,014,915"
AARCP,-,-,-,-,-,-,-,-,-,-,-,-,-,24.26,0.08%,"20,009"
AARCT,369.50M,-,-,-,19.74,2.15,1.93,-,-41.56%,-7.67%,7.53%,-12.68%,47.77%,13.00,-11.32%,"885,091"
AARCX,-,-,-,-,-,-,-,-,-,-,-,-,-,8.54,-3.72%,"48,376"
AARDC,273.69M,-,-,-,-,-,-,-,-,-,-,-,-,11.42,0.79%,"111,684"
AARDT,1.51B,19.44,9.17,0.93,0.24,1.12,2.08,4.99,-0.53%,21.97%,-,9.86%,8.73%,10.68,1.23%,"290,317"
AARDX,824.81M,-,13.06,-,1.83,5.53,2.93,-,29.55%,238.33%,24.66%,-,121.90%,3.31,-2.36%,"5,818,809"
AARE,8.00B,-,-,-,2.82,0.50,16.84,6.25,117.89%,-157.64%,-,50.49%,9.93%,45.92,0.09%,"1,736,159"
AAREC,181.85M,-,5.76,-,1818.50,-,34.18,-,13.24%,193.16%,-,-,-,1.70,-2.30%,"1,424,647"
AARES,38.89B,53.69,16.31,0.76,5.55,10.67,20.99,-,22.43%,23.87%,15.13%,21.33%,31.69%,117.74,0.52%,"1,972,490"
AARGT,-,-,-,-,-,-,-,-,-,-,-,-,-,89.69,0.18%,"338,841"
AARGX,58.21B,35.46,24.20,0.68,11.15,6.84,11.23,50.37,47.48%,33.24%,-,35.43%,151.37%,930.52,1.93%,"430,065"
AARHS,1.41B,20.33,17.29,1.65,1.00,3.41,6.18,34.62,10.96%,7.44%,82.33%,10.45%,22.14%,9.92,-1.88%,"1,990,017"
AARI,803.40M,7.92,5.30,-,3.44,0.64,0.65,37.52,-53.33%,140.82%,143.06%,-,15.69%,6.25,0.32%,"2,946,461"
AARIA,-,-,-,-,-,-,-,-,-,-,-,-,-,26.19,1.12%,41
AARIS,3.65B,12.85,5.84,0.15,2.87,2.06,8.57,34.69,66.00%,42.23%,-,38.63%,18.87%,17.66,0.51%,"981,221"
AARKB,-,-,-,-,-,-,-,-,-,-,-,-,-,28.39,-0.07%,"733,857"
AARKD,-,-,-,-,-,-,-,-,-,-,-,-,-,21.61,-1.61%,13
AARKE,-,-,-,-,-,-,-,-,-,-,-,-,-,21.20,-1.81%,611
AARKF,-,-,-,-,-,-,-,-,-,-,-,-,-,46.72,0.47%,"101,473"
AARKG,-,-,-,-,-,-,-,-,-,-,-,-,-,51.75,-8.84%,"14,274,964"
AARKI,-,-,-,-,-,-,-,-,-,-,-,-,-,23.80,-1.77%,18
AARKK,-,-,-,-,-,-,-,-,-,-,-,-,-,90.49,-2.47%,"4,771,000"
AARKO,471.18M,55.34,32.31,1.90,0.06,1.17,1.75,11.79,-26.67%,18.18%,0.14%,16.96%,13.77%,4.20,-0.24%,"504,791"
AARKQ,-,-,-,-,-,-,-,-,-,-,-,-,-,127.20,1.08%,"132,790"
AARKR,16.59M,-,-,-,0.11,0.53,1.75,-,-,-,-18.88%,-,9.25%,4.60,2.22%,"69,469"
AARKT,-,-,-,-,-,-,-,-,-,-,-,-,-,20.11,-1.44%,812
AARKW,-,-,-,-,-,-,-,-,-,-,-,-,-,167.33,0.86%,"62,065"
AARKX,-,-,-,-,-,-,-,-,-,-,-,-,-,33.23,0.97%,"695,932"
AARKY,-,-,-,-,-,-,-,-,-,-,-,-,-,20.49,0.49%,"47,265"
AARL,256.01M,30.66,-,-,5.01,0.42,2.68,78.77,-,-,11.55%,-,-3.26%,15.85,0.51%,"8,422"
AARLI,-,-,-,-,-,-,-,-,-,-,-,-,-,26.01,0.18%,11
AARLO,1.38B,46.23,12.49,0.71,2.35,8.68,9.63,20.60,35.24%,8.29%,-,17.65%,8.18%,12.80,1.67%,"1,017,717"
AARLP,3.17B,12.03,8.41,1.02,1.46,1.79,28.55,8.89,0.52%,21.66%,-,8.26%,10.57%,24.67,-0.48%,"407,373"
AARLU,-,-,-,-,-,-,-,-,-,-,-,-,-,32.95,0.59%,446
AARM,323.13B,310.38,98.75,3.03,62.67,37.44,83.11,214.56,25.90%,37.49%,17.48%,32.59%,19.40%,302.56,-0.11%,"3,400,568"
AARMA,-,-,-,-,-,-,-,-,-,-,-,-,-,15.61,-0.13%,"9,111"
AARMG,-,-,-,-,-,-,-,-,-,-,-,-,-,22.81,-0.13%,"1,299,672"
AARMH,-,-,-,-,-,-,-,-,-,-,-,-,-,12.88,-0.46%,"28,558"
AARMK,14.62B,38.67,19.72,0.89,0.74,4.31,25.71,33.77,23.71%,23.55%,-,22.17%,7.60%,55.45,0.40%,"1,776,841"
AARMP,143.15M,-,-,-,25.84,-,5.98,-,61.15%,22.52%,-28.83%,38.99%,42.90%,3.85,5.19%,"114,691"
AARMS,-,-,-,-,-,-,-,-,-,-,-,-,-,24.49,0.16%,643
AARMW,-,-,-,-,-,-,-,-,-,-,-,-,-,46.74,-0.26%,"48,491"
AARMY,-,-,-,-,-,-,-,-,-,-,-,-,-,22.92,-1.19%,"15,486"
AAROC,5.41B,16.56,15.04,1.66,3.59,3.48,2702.84,18.56,-6.01%,19.19%,-,9.08%,11.23%,30.83,2.43%,"1,839,329"
AAROW,689.08M,11.96,8.63,-,2.76,1.38,-,15.43,32.49%,22.71%,1.92%,-,10.91%,37.20,-0.48%,"54,046"
AARP,-,-,-,-,-,-,-,-,-,-,-,-,-,34.46,0.60%,"3,386"
AARQ,89.52M,-,122.98,-,0.73,0.52,98.37,-,99.15%,253.56%,-2.40%,-,12.30%,2.05,1.49%,"177,486"
AARQQ,407.74M,-,-,-,374.07,13.63,14.13,-,-,-,-285.78%,-,-,23.43,-1.06%,"157,377"
AARQT,3.01B,115.50,18.04,-,6.48,13.62,12.59,76.80,482.42%,166.67%,49.34%,-,-,23.92,-4.89%,"2,573,025"
AARR,1.91B,3.62,4.65,-,1.89,0.71,4.39,5.98,-4.63%,-0.54%,-,-1.83%,-,13.49,-0.30%,"5,396,574"
AARRY,625.27M,-,4.59,0.36,0.53,-,2.03,4.64,11.47%,18.38%,-,12.91%,8.03%,4.06,4.10%,"6,727,103"
AARTC,348.16M,105.93,-,-,-,-,150.72,-,-,-,-,-,-,10.00,-0.10%,138
AARTL,1.90M,-,-,-,-,0.32,0.45,-,-,-,35.60%,-,-,3.46,-1.42%,"74,661"
AARTNA,348.20M,14.73,13.86,2.92,2.98,1.36,35.53,-,2.71%,7.05%,4.28%,4.75%,5.08%,33.69,0.75%,"20,224"
AARTV,355.43M,-,-,-,-,1.02,1.02,-,24.37%,-4.23%,-27.38%,3.97%,-,7.27,1.96%,"665,416"
AARTW,17.11M,-,-,-,0.66,1.24,1711.00,-,-,-,-,-,0.50%,3.29,-0.30%,"10,190"
AARTY,-,-,-,-,-,-,-,-,-,-,-,-,-,81.24,0.54%,"434,594"
AARVN,477.97M,45.57,-,-,1.51,0.85,0.84,-,96.43%,-8053.92%,17.70%,-,64.50%,7.31,-2.01%,"585,799"
AARVR,-,-,-,-,-,-,-,-,-,-,-,-,-,59.05,0.07%,"3,601"
AARW,12.24B,15.36,9.80,0.28,0.34,1.75,50.03,14.83,97.88%,12.53%,8.02%,35.14%,1.48%,240.40,0.07%,"568,245"
AARWG,-,-,-,-,-,-,-,-,-,-,-,-,-,26.32,0.38%,436
AARWR,8.69B,-,-,-,12.98,18.66,5.43,-,-35408.46%,-35.19%,57.10%,-,56.63%,61.54,-1.30%,"1,675,592"
AARX,4.29B,-,21.19,2.41,5.70,5.97,-,-,-4.98%,4.34%,-,8.80%,-,19.73,0.00%,"1,545,593"
AARXS,21.32B,-,52.44,0.95,-,4.62,43.10,-,56.40%,94.66%,-,55.21%,-,49.49,-1.28%,"843,060"
AAS,16.15B,29.01,16.97,0.63,2.17,2.34,22.42,-,33.77%,26.03%,-,27.14%,21.83%,27.76,1.06%,"4,856,031"
AASA,1.05B,-,-,-,-,-,-,-,-,-,-,-,-,57.06,1.35%,"19,719"
AASAN,2.13B,-,20.43,0.73,2.57,20.54,6.24,19.00,38.14%,21.92%,9.45%,27.91%,28.35%,9.29,1.64%,"3,200,362"
AASB,5.46B,10.10,8.61,0.85,2.13,1.00,-,9.38,6.68%,12.01%,8.22%,10.11%,15.79%,28.90,-0.41%,"1,664,370"
AASBH,-,-,-,-,-,-,-,-,-,-,-,-,-,18.01,0.56%,"101,102"
AASBP,12.29M,-,-,-,122.90,0.96,1.01,-,-,-,-,-,-,8.76,-1.35%,"27,743"
AASC,768.83M,7.29,7.66,1.29,2.09,1.10,15.97,50.81,255.79%,-27.32%,-,5.95%,7.11%,18.82,-2.69%,"539,283"
AASCE,-,-,-,-,-,-,-,-,-,-,-,-,-,33.51,-0.39%,"196,162"
AASCI,-,-,-,-,-,-,-,-,-,-,-,-,-,37.20,0.46%,"1,097"
AASD,-,-,-,-,-,-,-,-,-,-,-,-,-,26.33,-0.06%,460
AASEA,-,-,-,-,-,-,-,-,-,-,-,-,-,21.10,0.00%,"31,397"
AASEC,-,-,-,-,-,-,-,-,-,-,-,-,-,49.00,-0.44%,21
AASG,331.33M,-,-,-,-,-,-,-,-,-,-,-,-,5.20,0.78%,"521,843"
AASGI,617.56M,-,-,-,-,-,-,-,-,-,-,-,-,19.52,0.88%,"238,335"
AASGM,-,-,-,-,-,-,-,-,-,-,-,-,-,33.50,0.17%,155
AASH,3.25B,62.78,16.59,1.27,1.76,1.74,6.67,13.10,3.82%,21.94%,-15.51%,13.02%,-1.98%,70.97,3.18%,"1,081,338"
AASHR,-,-,-,-,-,-,-,-,-,-,-,-,-,32.65,0.00%,"1,363,868"
AASHS,-,-,-,-,-,-,-,-,-,-,-,-,-,40.34,-0.16%,457
AASIA,-,-,-,-,-,-,-,-,-,-,-,-,-,42.32,-0.46%,518
AASIC,1.22B,11.90,10.15,0.43,2.37,1.84,-,7.23,39.38%,11.99%,-,23.76%,-,25.51,-0.86%,"42,996"
AASIX,450.92M,-,7.00,-,0.29,0.57,62.45,-,-91.89%,1189.19%,1.96%,-,5.62%,16.70,1.33%,"195,653"
AASLE,237.20M,-,18.75,2.24,0.78,0.57,107.82,-,-53.03%,70.97%,-2.26%,8.37%,9.92%,4.97,0.40%,"380,559"
AASLV,-,-,-,-,-,-,-,-,-,-,-,-,-,30.26,0.72%,"1,461"
AASM,946.06M,20.91,9.66,0.25,7.79,3.35,6.53,55.00,102.94%,67.15%,-,39.35%,40.96%,5.57,-0.18%,"2,539,347"
AASMB,451.60M,-,-,-,6.03,1.44,1.41,-,-10.58%,-401.32%,51.83%,-,-1.78%,22.18,-2.46%,"349,444"
AASMF,-,-,-,-,-,-,-,-,-,-,-,-,-,27.64,-0.02%,"2,316"
AASMG,-,-,-,-,-,-,-,-,-,-,-,-,-,50.90,-2.70%,"33,432"
AASMH,-,-,-,-,-,-,-,-,-,-,-,-,-,12.75,-1.94%,"8,997"
AASML,706.90B,57.10,30.28,0.79,17.16,28.33,81.55,62.41,48.17%,38.38%,23.58%,38.44%,18.27%,1834.10,-1.39%,"1,627,464"
AASMU,-,-,-,-,-,-,-,-,-,-,-,-,-,33.17,-2.92%,"138,040"
AASMZ,-,-,-,-,-,-,-,-,-,-,-,-,-,21.79,-3.03%,"1,023"
AASND,14.84B,17.22,21.92,-,12.16,9.04,15.99,38.18,475.58%,-35.13%,14.76%,-,152.45%,226.05,-0.87%,"1,091,809"
AASO,3.22B,8.72,7.42,0.72,0.52,1.49,10.80,9.72,16.06%,5.05%,10.32%,10.35%,1.25%,52.31,0.63%,"1,640,958"
AASPC,25.22M,2452.27,-,-,-,60.48,315.25,-,-,-,-,-,-,10.79,-0.19%,"3,297"
AASPI,436.93M,-,-,-,14.16,1.40,1.69,-,-,-,-129.60%,-,-,2.85,-2.73%,"4,241,633"
AASPN,487.14M,-,-,-,2.41,2.53,3.18,14.17,84.09%,76.41%,-41.75%,-,22.01%,5.87,3.16%,"603,777"
AASPS,68.98M,-,5.12,0.06,0.40,-,2.85,-,90.00%,55.26%,-,79.93%,-15.07%,6.04,-3.97%,"11,349"
AASR,6.67B,13.04,10.21,1.41,3.14,3.04,10.01,25.85,2.72%,13.02%,42.88%,7.26%,26.99%,240.79,0.97%,"82,667"
AASRV,74.71M,8.65,-,-,0.83,0.61,-,-,-,-,4.73%,-,6.94%,4.40,-0.45%,"32,584"
AASST,2.90B,-,54.59,0.88,509.39,3.77,15.42,-,75.58%,123.34%,-,61.87%,131.15%,29.75,-1.69%,"7,429,714"
AASSX,-,-,-,-,-,-,-,-,-,-,-,-,-,27.29,-3.36%,"91,576"
AASTC,14.42M,-,-,-,15.85,0.85,1.27,-,-,-,3.94%,-,22.28%,6.84,1.94%,"31,668"
AASTE,949.91M,49.08,10.37,0.81,0.61,1.38,12.09,29.05,-1.43%,21.25%,-3.91%,12.77%,6.60%,41.26,-0.83%,"180,467"
AASTG,-,-,-,-,-,-,-,-,-,-,-,-,-,7.99,15.80%,"104,951"
AASTH,1.84B,45.15,18.68,0.24,0.48,2.19,4.56,19.45,206.52%,40.49%,-14.74%,78.99%,35.87%,37.00,0.52%,"227,130"
AASTI,24.05M,-,-,-,126.58,1.57,1.65,-,70.55%,30.77%,-,85.21%,2.88%,2.45,-0.41%,"243,266"
AASTL,459.62M,-,-,-,0.41,2.21,10.42,-,-,-,-75.55%,-,1.92%,4.35,-2.25%,"333,600"
AASTN,-,-,-,-,-,-,-,-,-,-,-,-,-,15.83,-15.44%,"881,734"
AASTS,24.56B,-,-,-,213.05,9.99,10.71,-,-135.80%,45.84%,-23.49%,-,64.06%,63.12,8.01%,"17,612,157"
AASTT,-,-,-,-,-,-,-,-,-,-,-,-,-,17.73,16.57%,"1,985"
AASTX,-,-,-,-,-,-,-,-,-,-,-,-,-,10.92,16.05%,"7,620,508"
AASTY,-,-,-,-,-,-,-,-,-,-,-,-,-,5.82,15.71%,"180,087"
AASUP,-,-,-,-,-,-,-,-,-,-,-,-,-,7.46,16.58%,"20,278"
AASUR,215.44M,-,6.92,-,1.39,1.09,10.95,23.09,22.70%,25.18%,14.14%,-,16.49%,7.46,-5.45%,"87,232"
AASX,102.86B,54.73,26.45,0.45,4.49,8.40,31.02,-,106.87%,52.30%,6.47%,59.22%,5.04%,46.78,-1.58%,"4,434,372"
AASYS,310.94M,67.53,20.30,-,3.81,2.69,3.74,35.58,115.09%,173.44%,-44.25%,-,3.93%,17.76,-0.39%,"273,281"
AAT,-,-,-,-,-,-,-,-,-,-,-,-,-,20.74,-0.67%,"8,750"
AATAT,3.64B,15.87,11.46,0.57,2.17,8.91,4.31,11.07,24.45%,20.65%,-,20.23%,43.10%,32.21,0.25%,"738,874"
AATC,-,-,-,-,-,-,-,-,-,-,-,-,-,25.15,-0.46%,"2,739"
AATCH,27.68M,36.46,-,-,1.38,1.29,0.69,-,-400.00%,-,-,-,-,0.18,2.42%,"1,503,529"
AATCL,-,-,-,-,-,-,-,-,-,-,-,-,-,24.61,0.35%,"43,694"
AATCX,13.42M,-,-,-,122.00,1.71,2.22,-,23.67%,36.43%,-12.12%,-,-,2.64,-4.00%,"46,254"
AATEC,1.63B,-,17.29,0.11,2.00,-,13.72,704.72,553.31%,86.61%,4.12%,160.23%,39.46%,10.54,-1.68%,"1,914,345"
AATEN,2.08B,48.85,24.12,1.65,6.69,8.70,5.81,34.05,15.94%,13.54%,20.80%,14.66%,5.20%,28.58,1.38%,"1,381,092"
AATER,166.94M,-,-,-,4.88,0.55,47.03,-,-,-,44.17%,-,-17.97%,0.64,1.09%,"187,339"
AATEX,1.64B,23.81,-,-,232.34,5.71,13.64,153.87,-118.08%,-75.19%,-,-,47.82%,83.41,-2.57%,"219,111"
AATFV,-,-,-,-,-,-,-,-,-,-,-,-,-,41.68,0.80%,"16,578"
AATGL,79.02M,-,-,-,69.32,42.78,32.65,-,-,-,-185.14%,-,16.09%,4.80,0.00%,"6,025"
AATHE,64.37M,-,-,-,-,2.06,2.49,-,-225.68%,-30.09%,66.10%,-,-,3.37,4.66%,"21,856"
AATHM,2.40B,18.07,16.25,-,3.07,0.75,0.89,-,-37.48%,16.48%,-16.03%,-7.93%,-6.48%,20.72,0.53%,"392,839"
AATHR,38.17M,-,-,-,28.27,37.56,15.84,-,-37.93%,47.50%,-,-,-,3.12,-1.29%,"18,716"
AATI,26.51B,56.92,31.14,0.99,5.62,14.13,33.86,50.37,55.97%,23.71%,-,31.40%,9.00%,194.69,0.83%,"815,350"
AATII,316.61M,-,-,-,-,3.23,772.22,-,-,-,-,-,-,10.70,0.00%,"52,969"
AATKR,3.20B,-,14.94,2.50,1.09,2.51,9.24,61.13,-6.03%,11.52%,-,5.97%,10.06%,94.72,-0.06%,"404,249"
AATLC,1.41B,12.08,7.18,0.16,0.53,2.01,2.19,1.51,61.51%,34.75%,8.55%,45.48%,28.43%,93.07,0.23%,"99,811"
AATLO,285.82M,12.46,11.44,-,2.82,1.34,-,13.61,33.33%,3.68%,0.75%,-,5.96%,32.27,0.91%,"15,103"
AATLQ,283.77M,-,-,-,-,1.64,443.39,-,-,-,-,-,-,9.97,0.00%,"107,627"
AATLX,74.95M,-,-,-,681.36,1.58,2.08,-,3.90%,-,-17.96%,-,31.58%,2.49,-3.11%,"346,511"
AATMP,-,-,-,-,-,-,-,-,-,-,-,-,-,35.35,1.20%,"12,734"
AATMU,3.75B,17.58,14.02,1.45,1.97,8.25,14.48,19.70,8.42%,10.75%,7.88%,9.66%,7.44%,45.96,-0.48%,"450,397"
AATNI,436.53M,2.75,26.24,-,0.59,0.73,1.31,10.55,990.58%,-91.21%,-9.27%,-,9.83%,28.34,0.85%,"55,994"
AATNM,34.90M,3.11,-,-,0.99,1.15,0.96,-,116.21%,-420.75%,9.91%,20.23%,-,1.11,-7.50%,"439,586"
AATO,26.99B,19.02,17.66,1.87,5.48,1.77,51.34,-,13.33%,6.98%,8.82%,9.42%,10.76%,159.74,1.07%,"1,046,823"
AATOM,174.05M,-,-,-,756.74,4.69,4.54,-,26.15%,-,3.79%,-,0.95%,4.46,-3.46%,"330,269"
AATOS,24.45M,-,-,-,-,0.91,0.93,-,7.26%,25.71%,32.87%,-,-,2.45,0.00%,"54,638"
AATPC,2.08M,-,-,-,1.96,0.09,0.08,-,-,-,-,-,-15.09%,2.08,-1.89%,"4,847"
AATR,7.65B,21.73,19.14,2.56,1.94,2.91,38.76,24.63,-3.96%,13.94%,12.87%,7.47%,5.22%,120.25,-0.30%,"721,557"
AATRA,97.87M,-,10.36,-,15.81,-,9.92,-,-126.90%,236.15%,-,-,-,9.75,3.72%,"47,598"
AATRC,2.73B,247.94,127.61,-,4.79,5.29,16.27,51.41,145.15%,288.17%,26.83%,-,20.95%,53.68,-4.77%,"863,662"
AATRO,2.97B,36.65,21.97,-,3.15,15.01,329.21,48.35,69.60%,15.72%,-,-,11.40%,69.16,1.10%,"334,229"
AATS,1.79B,52.93,13.03,1.30,0.84,1.39,12.74,9.86,-7.21%,23.42%,0.14%,10.01%,14.79%,18.25,-1.51%,"195,301"
AATTO,798.90M,-,-,-,-,-,6.94,-,-,-,-,-,-,17.50,-2.75%,"521,652"
AATTR,-,-,-,-,-,-,-,-,-,-,-,-,-,96.61,0.19%,"1,822"
AATTT,15.33M,2.97,-,-,0.84,0.43,1.54,-,-,-,-4.51%,-,33.27%,2.61,0.00%,"10,687"
AATXG,8.56M,-,-,-,1.07,0.13,0.67,-,-,-,21.38%,-,-26.32%,3.26,-4.12%,"3,276"
AATYR,27.80M,-,-,-,146.32,0.57,0.48,-,43.12%,2.47%,14.76%,22.90%,-55.14%,0.28,-2.28%,"1,022,950"
AAU,47.24B,12.52,10.18,0.42,4.00,5.27,16.83,11.16,66.30%,2.86%,17.92%,24.29%,17.45%,93.55,-0.98%,"1,938,597"
AAUAU,-,-,-,-,-,-,-,-,-,-,-,-,-,37.94,0.71%,888
AAUB,5.45B,11.41,9.46,0.88,2.46,1.05,-,-,9.35%,7.20%,0.94%,10.75%,21.54%,38.14,-0.57%,"909,083"
AAUBN,93.87M,11.23,-,-,2.08,1.00,-,9.18,-,-,-0.14%,-,5.51%,26.94,2.20%,222
AAUC,192.74M,-,-,-,160.62,2.32,126.80,-,-,-,30.22%,-,13.22%,8.71,3.08%,"2,088"
AAUDC,260.93M,42.77,17.02,-,1.05,1.89,4.23,11.18,0.00%,4.92%,-18.64%,-,2.15%,10.89,0.83%,"126,362"
AAUGC,-,-,-,-,-,-,-,-,-,-,-,-,-,25.66,0.87%,8
AAUGM,-,-,-,-,-,-,-,-,-,-,-,-,-,35.58,0.21%,114
AAUGO,7.26B,24.59,10.01,0.16,5.64,15.92,28.84,46.61,184.59%,23.59%,-,63.56%,25.18%,86.67,1.76%,"795,505"
AAUGP,-,-,-,-,-,-,-,-,-,-,-,-,-,34.32,0.20%,"11,304"
AAUGT,-,-,-,-,-,-,-,-,-,-,-,-,-,39.71,0.43%,129
AAUGU,-,-,-,-,-,-,-,-,-,-,-,-,-,32.61,0.63%,318
AAUGW,-,-,-,-,-,-,-,-,-,-,-,-,-,35.04,0.27%,"1,997"
AAUGZ,-,-,-,-,-,-,-,-,-,-,-,-,-,46.69,0.50%,20
AAUID,6.47M,-,-,-,5.09,3.17,4.79,-,-,-,22.72%,-,-0.95%,0.39,-22.87%,"1,507,719"
AAUMI,-,-,-,-,-,-,-,-,-,-,-,-,-,92.10,0.92%,871
AAUNA,378.95M,93.77,5.06,12.65,0.28,0.69,2.68,3.22,-39.21%,31.54%,-,0.40%,24.38%,5.12,1.19%,"122,881"
AAUPH,2.09B,6.86,13.32,-,6.70,3.39,4.71,11.99,-54.40%,24.79%,-,-11.46%,41.38%,15.69,-0.19%,"699,165"
AAUR,11.52B,-,-,-,2304.77,5.88,9.44,-,-11.98%,6.83%,-18.39%,7.88%,-,5.75,0.00%,"19,373,025"
AAURA,639.86M,-,-,-,-,2.03,1.98,-,5.38%,8.84%,-11.28%,12.07%,-,6.17,-0.80%,"607,526"
AAURE,40.64M,-,-,-,22.70,0.31,19.63,-,-,-,-,-,-6.97%,1.05,-1.87%,"85,907"
AAUSF,-,-,-,-,-,-,-,-,-,-,-,-,-,49.14,0.14%,"97,180"
AAUSM,-,-,-,-,-,-,-,-,-,-,-,-,-,24.83,-0.02%,"2,487"
AAUST,13.69M,-,-,-,-,2.08,7.24,-,-,-,-17.33%,-,-,1.00,2.57%,"9,367"
AAUTL,476.43M,-,-,-,4.06,8.49,2.35,-,27.48%,20.13%,17.04%,26.28%,215.43%,1.79,-2.19%,"1,682,568"
AAUUD,6.67M,-,-,-,667.00,0.62,0.70,-,-,-,48.36%,-,-,1.15,-13.53%,"751,820"
AAUXX,495.83M,-,-,-,-,4.49,6.66,-,-,-,30.41%,-,-,4.90,9.38%,"30,772"
AAV,-,-,-,-,-,-,-,-,-,-,-,-,-,25.33,0.60%,814
AAVA,2.95B,12.72,12.58,1.71,1.54,1.04,117.89,-,9.37%,7.46%,4.60%,7.35%,8.24%,35.19,0.17%,"634,279"
AAVAH,2.67B,9.94,13.47,0.72,1.02,9.28,27.44,17.11,37.41%,10.04%,-,18.75%,10.23%,12.22,-1.21%,"3,304,844"
AAVAL,1.88B,12.41,8.06,0.33,0.15,1.10,-,3.06,33.22%,21.42%,-9.10%,24.35%,0.83%,4.97,0.40%,"224,040"
AAVAT,90.50M,-,-,-,58.39,0.81,26.85,-,-,-,-,-,-,2.07,10.11%,"1,638,076"
AAVAV,7.29B,-,31.80,1.53,3.64,1.66,12.57,-,-0.90%,37.58%,-,20.76%,38.00%,143.54,3.04%,"1,577,838"
AAVAZ,-,-,-,-,-,-,-,-,-,-,-,-,-,19.88,9.67%,"7,754"
AAVBC,443.34M,23.42,14.70,-,2.90,1.14,-,9.43,900.00%,4.86%,-,-,-,22.20,1.23%,"135,731"
AAVBH,344.85M,-,8.13,0.49,3.45,1.17,-,-,20.43%,14.59%,-,16.52%,10.80%,31.42,0.26%,"29,125"
AAVBP,744.05M,-,-,-,-,1.99,1.99,-,2.04%,7.66%,-29.43%,15.48%,-,15.09,-46.98%,"19,752,235"
AAVD,50.45M,-,-,-,0.10,0.27,1.15,-,-,-,-,-,2.35%,1.71,-0.58%,"111,396"
AAVDE,-,-,-,-,-,-,-,-,-,-,-,-,-,90.58,0.24%,"963,751"
AAVDS,-,-,-,-,-,-,-,-,-,-,-,-,-,78.18,0.22%,"19,697"
AAVDV,-,-,-,-,-,-,-,-,-,-,-,-,-,109.20,0.10%,"519,540"
AAVEE,-,-,-,-,-,-,-,-,-,-,-,-,-,70.48,0.24%,"50,540"
AAVEM,-,-,-,-,-,-,-,-,-,-,-,-,-,96.14,-0.54%,"1,302,757"
AAVES,-,-,-,-,-,-,-,-,-,-,-,-,-,66.45,0.12%,"66,938"
AAVEX,1.92B,19.37,22.61,-,2.76,-,8.92,-,340.62%,46.53%,-,-,-,15.15,1.47%,"1,406,945"
AAVGB,-,-,-,-,-,-,-,-,-,-,-,-,-,49.76,0.17%,"3,584"
AAVGC,-,-,-,-,-,-,-,-,-,-,-,-,-,23.64,7.21%,"7,446"
AAVGE,-,-,-,-,-,-,-,-,-,-,-,-,-,100.07,0.22%,"85,158"
AAVGG,-,-,-,-,-,-,-,-,-,-,-,-,-,25.08,7.18%,"727,019"
AAVGO,1793.98B,47.98,19.47,0.30,20.13,18.00,74.83,45.53,71.19%,65.31%,49.76%,65.03%,21.74%,375.81,3.67%,"30,834,299"
AAVGU,-,-,-,-,-,-,-,-,-,-,-,-,-,32.02,7.59%,"398,636"
AAVGV,-,-,-,-,-,-,-,-,-,-,-,-,-,85.68,0.21%,"52,320"
AAVGW,-,-,-,-,-,-,-,-,-,-,-,-,-,34.47,4.39%,"47,528"
AAVGX,-,-,-,-,-,-,-,-,-,-,-,-,-,43.03,7.07%,"1,790,727"
AAVIE,-,-,-,-,-,-,-,-,-,-,-,-,-,78.60,0.24%,"1,637"
AAVIG,-,-,-,-,-,-,-,-,-,-,-,-,-,39.35,-0.05%,"3,098,374"
AAVIR,406.64M,-,-,-,-,1.99,1.85,-,-2.32%,25.44%,-71.02%,12.05%,-,5.07,-1.17%,"229,378"
AAVIV,-,-,-,-,-,-,-,-,-,-,-,-,-,79.56,0.03%,"72,404"
AAVK,516.10M,-,-,-,-,-,-,-,-,-,-,-,-,11.69,1.30%,"275,902"
AAVL,-,-,-,-,-,-,-,-,-,-,-,-,-,40.75,7.15%,"2,677,298"
AAVLC,-,-,-,-,-,-,-,-,-,-,-,-,-,92.27,0.54%,"70,433"
AAVLN,1.13B,-,-,-,-,2.83,3.20,-,13.10%,9.65%,-,7.23%,-,25.43,-5.92%,"260,611"
AAVLV,-,-,-,-,-,-,-,-,-,-,-,-,-,92.34,0.46%,"947,154"
AAVMA,-,-,-,-,-,-,-,-,-,-,-,-,-,72.58,0.28%,"8,010"
AAVMC,-,-,-,-,-,-,-,-,-,-,-,-,-,78.21,0.36%,"71,810"
AAVMU,-,-,-,-,-,-,-,-,-,-,-,-,-,42.96,-0.14%,"83,686"
AAVMV,-,-,-,-,-,-,-,-,-,-,-,-,-,78.15,0.54%,"36,205"
AAVNC,-,-,-,-,-,-,-,-,-,-,-,-,-,50.30,0.06%,86
AAVNM,-,-,-,-,-,-,-,-,-,-,-,-,-,83.79,0.14%,"51,355"
AAVNT,3.81B,22.45,11.75,1.02,1.14,1.56,8.94,20.36,13.40%,10.46%,-9.29%,11.53%,0.11%,41.49,-0.26%,"572,635"
AAVNV,-,-,-,-,-,-,-,-,-,-,-,-,-,85.02,0.17%,"5,143"
AAVNW,271.32M,108.99,6.29,-,0.62,0.98,3.72,44.55,53.36%,31.72%,-53.96%,-,9.85%,21.10,2.73%,"55,993"
AAVO,1.12B,371.72,16.35,-,0.84,1.46,23.14,-,-20.25%,23.81%,5.30%,-1.28%,10.04%,12.75,0.39%,"558,251"
AAVOS,-,-,-,-,-,-,-,-,-,-,-,-,-,27.13,0.42%,17
AAVPT,3.09B,46.20,30.19,1.24,6.62,7.06,7.39,30.56,33.68%,9.54%,-,24.43%,22.59%,14.59,-0.48%,"3,732,238"
AAVR,687.08M,-,-,-,306.73,2.73,2.67,-,52.20%,3.69%,-,28.88%,-,7.05,-6.62%,"2,643,333"
AAVRE,-,-,-,-,-,-,-,-,-,-,-,-,-,44.33,0.84%,"96,484"
AAVRY,-,-,-,-,-,-,-,-,-,-,-,-,-,25.39,0.45%,"5,067"
AAVS,-,-,-,-,-,-,-,-,-,-,-,-,-,7.69,-3.60%,"13,641,671"
AAVSC,-,-,-,-,-,-,-,-,-,-,-,-,-,70.46,-0.25%,"119,204"
AAVSD,-,-,-,-,-,-,-,-,-,-,-,-,-,79.83,0.35%,"20,854"
AAVSE,-,-,-,-,-,-,-,-,-,-,-,-,-,81.09,-0.43%,"5,859"
AAVSF,-,-,-,-,-,-,-,-,-,-,-,-,-,45.54,-0.31%,"99,723"
AAVSU,-,-,-,-,-,-,-,-,-,-,-,-,-,89.70,0.48%,"26,442"
AAVT,8.73B,26.66,8.21,0.23,0.32,1.74,56.18,-,104.80%,11.61%,15.77%,35.06%,7.18%,106.37,0.17%,"1,020,545"
AAVTM,-,-,-,-,-,-,-,-,-,-,-,-,-,55.85,0.49%,"2,743"
AAVTR,10.44B,-,17.53,8.19,1.59,1.85,34.02,22.95,-9.77%,8.38%,-,2.14%,0.49%,15.43,-2.40%,"11,388,001"
AAVTX,728.83M,-,-,-,12147.17,1.60,1.82,-,50.07%,-2.13%,70.20%,16.97%,-61.19%,13.59,-6.92%,"955,580"
AAVUQ,-,-,-,-,-,-,-,-,-,-,-,-,-,69.31,0.50%,"17,413"
AAVUS,-,-,-,-,-,-,-,-,-,-,-,-,-,130.76,0.39%,"970,273"
AAVUV,-,-,-,-,-,-,-,-,-,-,-,-,-,120.47,-0.22%,"1,438,347"
AAVX,43.79M,-,-,-,6.31,0.37,2.60,-,-,-,82.54%,-,-,5.92,-6.33%,"323,401"
AAVXC,-,-,-,-,-,-,-,-,-,-,-,-,-,84.46,-0.34%,"18,583"
AAVXL,148.31M,-,-,-,-,1.32,1.25,-,-,-,-3.79%,-,-,1.60,-2.74%,"1,435,117"
AAVXX,-,-,-,-,-,-,-,-,-,-,-,-,-,21.53,6.33%,"116,596"
AAVY,12.77B,18.44,15.06,1.57,1.38,5.50,46.47,12.01,6.85%,9.84%,5.86%,9.59%,4.90%,168.45,-0.91%,"783,947"
AAWAY,-,-,-,-,-,-,-,-,-,-,-,-,-,16.75,-0.50%,852
AAWF,830.39M,-,-,-,-,-,-,-,-,-,-,-,-,9.63,1.58%,"324,243"
AAWI,6.97B,22.59,17.21,1.41,4.11,7.89,88.65,28.24,13.84%,13.55%,-,12.21%,11.59%,164.87,0.86%,"398,742"
AAWK,25.45B,22.17,19.43,2.47,4.82,2.18,103.86,-,6.98%,8.25%,7.90%,7.88%,6.36%,128.04,0.16%,"2,067,457"
AAWP,312.26M,-,-,-,-,-,-,-,-,-,-,-,-,10.12,0.80%,"116,519"
AAWR,3.23B,22.32,21.33,2.88,4.63,2.88,149.25,155.79,8.80%,4.27%,7.62%,7.40%,6.15%,81.56,-0.24%,"267,810"
AAWRE,23.34M,-,-,-,1.42,1.12,1.39,-,-,-,4.81%,-,8.87%,1.07,-0.93%,"21,418"
AAWX,9.75M,8.16,-,-,0.11,0.26,2.04,7.68,-,-,86.99%,-,7.31%,2.50,2.04%,"8,600"
AAX,5.06B,10.50,8.23,-,2.31,1.60,-,19.47,14.11%,11.82%,18.94%,-,24.64%,89.03,0.59%,"299,188"
AAXG,21.63M,-,-,-,6.01,6.59,8.90,-,-,-,-35.10%,-,88.17%,0.11,6.67%,"168,808,932"
AAXGN,2.13B,-,53.59,1.06,8.48,7.60,18.78,247.72,54.37%,51.35%,10.54%,50.51%,14.93%,36.31,-2.44%,"2,354,877"
AAXIL,42.10M,18.90,6.63,-,1.36,3.06,5.31,-,112.12%,32.86%,-,-,79.98%,6.17,1.31%,"60,407"
AAXIN,282.07M,35.45,-,-,-,1.07,742.29,-,-,-,-,-,-,10.35,0.05%,"23,342"
AAXON,34.01B,173.37,39.50,1.50,10.56,9.25,48.28,255.33,12.35%,37.70%,-,26.28%,32.48%,418.62,1.65%,"1,477,458"
AAXP,205.67B,18.48,15.14,1.05,2.45,6.00,4.55,13.54,15.00%,13.73%,32.49%,14.37%,16.08%,304.55,0.17%,"2,332,708"
AAXR,112.57M,19.34,15.32,-,2.74,0.80,2.30,-,-59.69%,79.22%,14.94%,-7.74%,5.69%,21.14,-0.19%,"5,150"
AAXS,7.02B,6.83,7.17,1.78,1.03,1.18,-,41.42,-5.17%,9.43%,-,4.03%,5.92%,96.16,0.56%,"775,989"
AAXSM,9.13B,-,38.64,-,11.76,109.45,28.55,-,26.61%,267.06%,-5.89%,-,-,174.34,-1.55%,"1,367,835"
AAXTA,7.15B,20.58,11.68,1.55,1.39,2.83,11.24,14.47,5.77%,8.56%,27.59%,7.55%,6.48%,33.40,2.20%,"2,732,855"
AAXTC,-,-,-,-,-,-,-,-,-,-,-,-,-,24.11,-5.23%,"4,250"
AAXTI,5.51B,4519.35,37.93,-,43.92,6.24,12.24,-,308.78%,158.88%,-,-,-1.52%,84.06,-3.00%,"6,154,589"
AAXTL,-,-,-,-,-,-,-,-,-,-,-,-,-,3.90,-6.25%,"904,306"
AAXTQ,-,-,-,-,-,-,-,-,-,-,-,-,-,19.68,5.52%,"362,538"
AAXTU,-,-,-,-,-,-,-,-,-,-,-,-,-,54.25,-5.80%,"72,405"
AAXTX,-,-,-,-,-,-,-,-,-,-,-,-,-,40.32,-6.60%,"2,102,563"
AAYA,3.96B,35.98,-,-,11.53,8.08,21.64,27.28,-,-,-,-,71.00%,27.51,1.78%,"989,087"
AAYI,9.07B,17.73,12.99,1.77,1.95,3.20,14.25,12.13,7.42%,9.11%,15.30%,7.35%,6.05%,302.98,-0.61%,"392,342"
AAYTU,22.28M,-,7.59,-,0.39,0.62,0.85,6.86,46.26%,143.32%,55.93%,-,-2.59%,2.05,0.49%,"21,625"
AAZ,262.84M,-,9.63,-,18.24,4.13,5.56,-,52.60%,236.26%,-2.27%,-,49.22%,5.97,-4.17%,"730,934"
AAZI,74.31M,-,-,-,1.03,-,172.81,-,-,-,1.46%,-,16.26%,1.12,-1.75%,"44,510"
AAZIO,20.31M,-,-,-,2.21,-,145.07,-,-,-,95.40%,-,131.81%,1.18,0.85%,"171,365"
AAZN,245.99B,23.70,13.81,1.18,4.01,4.89,49.51,22.63,12.07%,11.84%,22.05%,11.69%,16.31%,158.61,1.33%,"2,050,657"
AAZO,47.32B,18.97,15.14,1.26,2.33,-,145.10,28.97,11.89%,12.17%,9.89%,12.04%,6.81%,2898.57,3.24%,"287,055"
AAZTA,1.72B,-,79.23,5.12,2.81,1.14,5.25,174.48,-33.33%,46.08%,-,15.46%,8.85%,39.35,-7.91%,"2,544,088"
AAZTD,-,-,-,-,-,-,-,-,-,-,-,-,-,31.05,0.46%,23
AAZTR,7.88M,-,-,-,-,1.07,1.17,-,91.11%,70.00%,67.17%,70.12%,-,0.13,-4.83%,"413,233"
AAZUL,1.38B,-,4.71,-,0.34,-,5.64,-,445.09%,92.15%,-,-,28.31%,7.50,-0.13%,"150,319"
AAZYY,-,-,-,-,-,-,-,-,-,-,-,-,-,14.39,0.14%,"2,512"
AAZZ,4.25B,21.56,-,-,2.54,3.09,4014.14,25.15,14.22%,-,47.17%,10.44%,14.49%,141.59,1.75%,"204,807"
BB,67.02B,10.47,10.12,0.46,3.24,2.45,11.31,11.95,45.97%,13.95%,17.48%,22.18%,6.13%,40.72,1.80%,"7,828,883"
BBA,150.03B,86.45,49.96,0.57,1.60,24.60,7.49,-,-185.76%,472.31%,-,87.76%,8.99%,189.82,-1.50%,"7,710,263"
BBAB,-,-,-,-,-,-,-,-,-,-,-,-,-,25.34,0.28%,"269,870"
BBABA,271.81B,25.73,12.04,0.29,1.82,1.70,4.31,-,61.01%,40.99%,-4.77%,42.18%,6.38%,109.26,-1.39%,"7,389,205"
BBABC,-,-,-,-,-,-,-,-,-,-,-,-,-,22.74,-2.82%,7
BBABO,-,-,-,-,-,-,-,-,-,-,-,-,-,7.14,-1.01%,"30,203"
BBABU,-,-,-,-,-,-,-,-,-,-,-,-,-,8.96,-2.87%,"30,151"
BBABW,-,-,-,-,-,-,-,-,-,-,-,-,-,19.34,-1.64%,"3,119"
BBABX,-,-,-,-,-,-,-,-,-,-,-,-,-,16.70,-2.74%,"515,579"
BBAC,378.24B,12.45,10.36,0.67,1.94,1.37,-,4.60,19.77%,14.46%,15.28%,15.46%,15.40%,54.09,0.17%,"25,380,111"
BBACC,292.62M,66.52,-,-,-,1.46,1463.10,-,-,-,-,-,-,10.47,-0.10%,296
BBAER,35.22M,-,-,-,0.31,-,4.86,-,-27.78%,52.48%,-302.51%,-,-,0.60,-9.15%,"551,863"
BBAFE,-,-,-,-,-,-,-,-,-,-,-,-,-,30.15,0.25%,"101,796"
BBAFN,195.75M,-,-,-,2.46,1.16,-,1.32,-,-,-,-,-5.94%,7.26,-6.32%,"66,701"
BBAGX,-,-,-,-,-,-,-,-,-,-,-,-,-,102.64,0.20%,956
BBAGY,-,-,-,-,-,-,-,-,-,-,-,-,-,23.98,0.03%,"1,461"
BBAH,8.20B,10.70,10.12,2.41,0.74,6.82,15.18,7.34,-2.26%,5.78%,9.61%,4.20%,7.37%,68.14,-0.69%,"1,621,776"
BBAI,-,-,-,-,-,-,-,-,-,-,-,-,-,49.73,0.59%,"2,040,782"
BBAIG,-,-,-,-,-,-,-,-,-,-,-,-,-,11.05,-3.11%,"14,159"
BBAIV,-,-,-,-,-,-,-,-,-,-,-,-,-,27.55,0.51%,"192,962"
BBAK,288.13M,-,-,-,0.02,-,0.25,-,119.31%,-212.64%,-6.36%,44.99%,2.21%,1.67,3.73%,"870,925"
BBALI,-,-,-,-,-,-,-,-,-,-,-,-,-,34.89,0.35%,"2,171,364"
BBALL,15.20B,16.34,12.71,1.05,1.05,2.64,30.46,18.38,12.67%,12.38%,13.53%,12.08%,2.31%,57.43,0.56%,"1,805,727"
BBALQ,-,-,-,-,-,-,-,-,-,-,-,-,-,58.48,0.63%,"32,133"
BBALT,-,-,-,-,-,-,-,-,-,-,-,-,-,35.07,0.23%,"594,641"
BBALY,706.57M,-,-,-,0.24,1.06,1.45,-,30.35%,38.65%,-141.69%,22.47%,48.11%,14.00,1.52%,"87,836"
BBAM,74.06B,26.09,20.90,1.38,12.91,9.86,49.28,30.19,11.36%,17.73%,-,15.17%,-,45.21,1.07%,"1,925,506"
BBAMA,-,-,-,-,-,-,-,-,-,-,-,-,-,37.12,0.31%,"1,046"
BBAMB,-,-,-,-,-,-,-,-,-,-,-,-,-,24.94,0.16%,"2,313"
BBAMD,-,-,-,-,-,-,-,-,-,-,-,-,-,32.65,0.27%,"5,426"
BBAMG,-,-,-,-,-,-,-,-,-,-,-,-,-,46.02,0.89%,"4,443"
BBAMO,-,-,-,-,-,-,-,-,-,-,-,-,-,35.01,0.38%,724
BBAMU,-,-,-,-,-,-,-,-,-,-,-,-,-,25.24,0.00%,"35,421"
BBAMV,-,-,-,-,-,-,-,-,-,-,-,-,-,36.52,0.25%,"4,997"
BBAMY,-,-,-,-,-,-,-,-,-,-,-,-,-,26.67,0.45%,"1,955"
BBANC,2.76B,-,8.21,0.28,1.78,0.95,-,7.23,-122.82%,895.33%,-,28.85%,42.45%,17.43,-0.68%,"2,269,298"
BBAND,1.93B,-,31.32,1.18,2.33,5.11,11.07,28.70,22.38%,9.62%,25.10%,26.58%,17.05%,60.09,-3.90%,"636,745"
BBANF,3.59B,14.40,13.45,-,3.74,1.83,-,14.84,8.39%,3.03%,18.85%,-,15.06%,106.79,-0.73%,"108,370"
BBANL,9.42M,-,-,-,0.06,1.81,3.45,6.12,-,-,-,-,17.67%,4.49,-1.75%,"4,346"
BBANR,2.46B,11.07,10.06,1.31,2.78,1.14,-,8.62,5.56%,12.04%,11.56%,7.67%,7.38%,67.12,-0.42%,"153,991"
BBANX,191.55M,-,-,-,-,-,-,-,-,-,-,-,-,19.96,-1.04%,"27,486"
BBAOS,8.03M,-,-,-,14.09,0.11,4.93,-,-,-,-,-,-45.57%,0.24,1.52%,"136,659"
BBAP,30.59B,14.25,11.61,0.80,3.30,2.74,-,23.87,15.36%,14.14%,81.27%,14.45%,8.79%,385.14,1.87%,"279,748"
BBAPR,-,-,-,-,-,-,-,-,-,-,-,-,-,55.06,0.20%,"7,499"
BBAR,-,-,-,-,-,-,-,-,-,-,-,-,-,41.04,0.74%,"118,070"
BBARK,73.80M,-,-,-,0.20,1.06,3.33,-,-5.38%,27.37%,25.39%,-,0.84%,8.17,0.86%,"17,381"
BBASG,-,-,-,-,-,-,-,-,-,-,-,-,-,29.20,0.73%,"23,425"
BBASV,-,-,-,-,-,-,-,-,-,-,-,-,-,30.53,0.90%,"21,508"
BBATL,59.00M,-,-,-,0.36,-,0.67,-,-,-,30.87%,-,2.36%,1.03,-1.90%,"1,416,041"
BBATRA,3.37B,-,-,-,4.49,7.21,18.81,-,-59.80%,5.51%,-15.30%,8.43%,6.77%,57.75,0.02%,"23,591"
BBATRK,3.37B,-,-,-,4.49,6.54,18.81,-,-71.62%,0.00%,-15.30%,5.04%,6.77%,52.41,0.46%,"395,979"
BBATT,-,-,-,-,-,-,-,-,-,-,-,-,-,14.84,1.02%,"59,245"
BBAUG,-,-,-,-,-,-,-,-,-,-,-,-,-,56.00,0.41%,"1,760"
BBAVA,-,-,-,-,-,-,-,-,-,-,-,-,-,31.23,5.56%,"2,489"
BBAX,12.59B,-,11.92,-,1.10,2.03,5.86,15.45,-7.18%,-0.35%,-,-0.63%,-0.75%,24.36,0.58%,"6,523,548"
BBAY,-,-,-,-,-,-,-,-,-,-,-,-,-,31.08,0.35%,313
BBB,5.62B,73.69,-,-,9.16,7.10,14.90,60.85,29.17%,-,-,23.31%,-9.27%,9.58,5.51%,"21,717,410"
BBBAG,-,-,-,-,-,-,-,-,-,-,-,-,-,43.71,0.24%,"56,482"
BBBAI,1.24B,-,-,-,9.40,1.61,3.85,-,67.89%,35.44%,-310.83%,-,-,2.58,-1.15%,"14,810,270"
BBBAR,2.78B,13.28,5.51,0.08,0.56,0.98,-,0.33,123.67%,42.37%,3.33%,66.47%,18.61%,13.59,2.41%,"678,435"
BBBAX,-,-,-,-,-,-,-,-,-,-,-,-,-,61.80,0.32%,"325,194"
BBBB,-,-,-,-,-,-,-,-,-,-,-,-,-,32.78,0.42%,"1,806"
BBBBI,-,-,-,-,-,-,-,-,-,-,-,-,-,48.65,0.27%,"46,832"
BBBBL,-,-,-,-,-,-,-,-,-,-,-,-,-,43.74,0.42%,"6,930"
BBBBS,-,-,-,-,-,-,-,-,-,-,-,-,-,49.82,0.16%,"7,770"
BBBC,-,-,-,-,-,-,-,-,-,-,-,-,-,43.26,-3.04%,"27,905"
BBBCA,-,-,-,-,-,-,-,-,-,-,-,-,-,101.72,0.75%,"596,104"
BBBCB,-,-,-,-,-,-,-,-,-,-,-,-,-,42.91,0.25%,"75,261"
BBBCP,500.91M,59.34,30.74,-,1.18,1.87,11.65,32.15,111.11%,70.18%,-,-,5.24%,9.94,1.12%,"68,692"
BBBD,25.17B,10.36,7.86,0.70,0.34,1.36,-,0.69,12.19%,10.57%,5.95%,11.24%,9.98%,4.51,4.16%,"92,150,809"
BBBDC,891.06M,10.25,8.43,-,3.37,0.78,12.75,5.57,-7.18%,-2.85%,41.92%,-7.66%,50.04%,8.51,-0.47%,"543,060"
BBBEM,-,-,-,-,-,-,-,-,-,-,-,-,-,78.00,-0.67%,"9,398"
BBBEU,-,-,-,-,-,-,-,-,-,-,-,-,-,75.54,0.35%,"198,511"
BBBGI,20.67M,-,0.21,0.01,0.11,0.48,3.09,-,-,-,-54.24%,35.09%,-0.02%,10.07,-2.89%,"48,025"
BBBH,-,-,-,-,-,-,-,-,-,-,-,-,-,236.30,-1.76%,"16,034"
