Ticker,Beta,ATR,SMA20,SMA50,SMA200,52WHigh,52WLow,RSI,Price,Change,ChangefromOpen,Gap,Volume
AACNT,0.49,0.30,-5.47%,-7.38%,-6.54%,-22.15%,17.62%,30.43,13.95,-1.06%,-1.06%,0.00%,"39,509"
AACOG,2.23,0.56,-1.98%,-2.35%,26.74%,-14.20%,93.33%,47.10,8.70,-3.33%,-5.23%,2.00%,"88,393"
AACOM,-,0.22,-0.28%,3.68%,7.81%,-2.57%,24.86%,55.75,24.08,0.96%,0.27%,0.69%,268
AACON,1.21,0.18,-3.31%,-0.43%,-24.03%,-79.72%,25.13%,46.90,2.44,1.24%,-0.41%,1.66%,"7,146"
AACP,0.79,0.09,-5.12%,-10.07%,-16.02%,-23.98%,0.23%,30.88,4.42,-0.67%,-0.23%,-0.45%,"1,291,132"
AACQQ,-,0.30,0.78%,1.28%,1.28%,-2.86%,5.00%,49.80,24.91,-1.84%,0.57%,-2.40%,"1,285"
AACR,1.10,0.63,-13.47%,-23.41%,-40.13%,-55.83%,9.63%,27.55,10.87,-1.72%,-1.27%,-0.45%,"59,576"
AACRE,1.25,0.12,-9.80%,-13.70%,-19.83%,-34.30%,1.04%,25.13,3.87,0.78%,0.52%,0.26%,"1,055,619"
AACRS,0.88,0.38,-19.39%,-23.03%,-0.75%,-33.18%,153.45%,31.03,4.41,-16.16%,-14.86%,-1.52%,"5,177,064"
AACRT,-,0.20,-4.22%,-5.93%,-5.93%,-10.53%,-1.99%,19.10,22.51,-1.99%,0.00%,-1.99%,143
AACRV,1.93,0.13,0.50%,4.83%,10.49%,-43.54%,58.27%,50.45,2.01,-1.95%,-0.50%,-1.46%,"316,874"
AACSG,-,0.46,-1.78%,-4.52%,2.32%,-9.93%,21.66%,36.57,46.12,0.24%,0.12%,0.11%,882
AACSI,0.96,0.55,-2.73%,-2.93%,4.84%,-5.00%,18.45%,36.06,74.71,-0.45%,0.22%,-0.67%,313
AACSM,-,0.33,0.17%,0.17%,0.17%,-0.15%,0.34%,-,39.58,0.34%,0.97%,-0.63%,906
AACSP,-,0.56,-9.72%,-10.24%,-10.24%,-14.62%,-8.15%,23.59,21.68,-9.59%,0.64%,-10.17%,"4,935"
AACSV,-,0.34,-2.05%,-4.54%,2.45%,-8.06%,23.37%,34.13,47.10,0.87%,1.40%,-0.53%,161
AACT,0.50,1.15,-8.06%,-8.75%,1.15%,-12.68%,27.45%,26.57,44.15,2.06%,2.36%,-0.30%,"604,904"
AACTG,0.51,0.11,-1.83%,-3.63%,-2.40%,-17.27%,37.11%,42.59,4.36,1.16%,1.40%,-0.23%,"254,255"
AACTU,1.20,0.15,-8.92%,-20.69%,-67.85%,-89.53%,47.17%,44.71,0.89,14.04%,11.48%,2.30%,"494,408"
AACU,0.41,1.79,1.33%,4.29%,31.56%,-2.65%,77.89%,57.89,63.15,-0.43%,-0.36%,-0.06%,"20,366"
AACV,1.42,0.67,-5.65%,-8.70%,-10.23%,-17.46%,1.71%,23.04,23.97,-0.87%,-0.54%,-0.33%,"26,759"
AACVA,1.76,0.25,8.86%,24.75%,51.93%,-0.48%,157.07%,77.22,10.45,0.19%,0.10%,0.10%,"6,423,289"
AACVF,0.96,0.40,0.01%,-0.57%,5.09%,-3.82%,17.70%,48.57,54.73,0.57%,0.01%,0.55%,"5,977"
AACVT,0.44,0.10,-0.85%,-0.99%,2.57%,-2.44%,9.33%,38.26,28.17,-0.21%,0.00%,-0.21%,122
AACVU,0.71,0.23,-1.78%,-2.78%,4.33%,-4.76%,20.92%,35.24,31.03,-0.10%,0.84%,-0.94%,"19,795"
AACWI,0.93,1.48,-0.78%,-0.53%,4.91%,-2.49%,18.77%,45.19,158.74,-0.02%,-0.11%,0.10%,"2,861,723"
AACWV,0.51,0.77,-1.77%,-2.14%,0.68%,-4.30%,5.10%,33.66,122.93,0.16%,0.08%,0.08%,"147,081"
AACWX,0.78,0.88,-2.10%,-2.01%,2.41%,-4.60%,17.58%,40.04,75.16,-0.61%,-0.42%,-0.19%,"2,955,812"
AACXP,-2.05,0.06,-7.73%,-11.12%,-42.11%,-84.89%,2.44%,32.85,1.26,0.00%,-0.79%,0.79%,"64,944"
AACYN,-,0.08,-0.32%,-0.09%,0.33%,-5.35%,4.12%,43.50,20.70,-0.77%,-0.14%,-0.62%,"2,810,346"
AACYQ,-,0.19,-0.25%,0.86%,1.65%,-4.87%,7.41%,48.77,20.90,-1.51%,0.10%,-1.60%,"107,140"
AACYS,-,0.11,-0.38%,-0.29%,0.03%,-2.97%,1.69%,43.06,20.42,-0.78%,-0.34%,-0.44%,"570,309"
AAD,0.29,0.88,-5.99%,-4.60%,-8.35%,-25.78%,18.38%,35.21,34.17,1.33%,1.09%,0.24%,"261,132"
AADAC,-,0.03,0.41%,0.61%,1.33%,-5.59%,2.84%,61.13,10.13,0.40%,0.20%,0.20%,"48,711"
AADAG,0.54,0.30,-9.41%,-18.02%,-12.32%,-39.59%,125.38%,37.54,2.93,-8.44%,-6.09%,-2.50%,"278,281"
AADAM,1.26,0.23,-11.47%,-16.08%,-8.82%,-24.90%,20.71%,13.36,7.78,0.00%,0.39%,-0.39%,"1,181,529"
AADBE,1.42,9.33,-3.28%,-6.47%,-7.36%,-33.66%,26.91%,43.25,241.28,0.56%,-1.89%,2.50%,"4,764,485"
AADBG,1.88,0.31,-7.71%,-15.68%,-27.92%,-66.99%,45.00%,41.73,3.77,0.80%,-3.33%,4.28%,"2,355,859"
AADBT,-,0.49,-18.91%,-88.90%,-88.90%,-98.91%,55.21%,2.61,0.14,17.77%,19.42%,-1.39%,"73,199,004"
AADBU,-,1.53,-8.01%,-16.01%,-11.49%,-34.82%,45.04%,41.56,21.18,0.93%,-4.01%,5.15%,"11,442"
AADC,0.42,1.14,-5.92%,-10.97%,-13.41%,-20.77%,-2.21%,15.97,65.03,-2.66%,-3.01%,0.35%,"2,388,244"
AADCT,1.86,0.10,-9.05%,-5.07%,-60.11%,-78.31%,38.53%,42.23,1.08,-11.48%,-10.00%,-1.64%,"862,282"
AADDS,-,0.34,3.30%,4.03%,2.41%,-6.11%,10.85%,59.88,25.89,0.53%,0.33%,0.20%,"2,632"
AADEA,2.19,1.11,-0.77%,-4.17%,1.46%,-26.21%,118.26%,47.18,25.34,-1.02%,-0.74%,-0.27%,"1,334,756"
AADGM,0.01,0.07,-61.56%,-69.54%,-81.53%,-93.96%,29.89%,23.17,0.16,1.96%,0.00%,1.96%,"7,729,847"
AADI,1.23,10.86,7.33%,7.97%,12.75%,-9.26%,81.05%,67.07,404.60,1.99%,1.93%,0.06%,"3,162,643"
AADIG,-,1.44,-11.15%,-17.20%,-17.20%,-41.98%,3.63%,36.55,17.98,0.33%,-0.06%,0.39%,"689,341"
AADIL,1.50,0.52,-17.56%,-13.03%,19.68%,-61.58%,215.27%,40.95,4.13,2.99%,0.24%,2.74%,"13,388"
AADIU,-,0.47,14.36%,14.40%,8.51%,-23.44%,31.14%,66.27,12.38,3.86%,1.56%,2.27%,"5,657"
AADIV,0.64,0.18,-1.52%,-1.56%,2.79%,-4.67%,12.65%,40.33,19.41,-0.26%,0.15%,-0.41%,"1,177"
AADM,0.63,2.21,-5.02%,-3.03%,7.02%,-10.40%,43.07%,38.41,79.52,0.18%,0.51%,-0.33%,"2,396,771"
AADMA,0.69,0.37,4.82%,5.89%,-15.85%,-51.46%,37.72%,57.74,9.93,-1.00%,-1.39%,0.40%,"3,969,777"
AADME,0.81,0.41,-0.05%,0.14%,4.61%,-1.85%,16.69%,49.39,56.29,0.05%,0.31%,-0.26%,"12,146"
AADNT,1.61,0.87,-3.26%,-8.31%,-15.61%,-35.69%,5.08%,44.96,17.57,4.33%,4.65%,-0.30%,"1,305,828"
AADP,0.84,5.75,-1.79%,-2.62%,10.90%,-10.11%,40.28%,43.95,263.96,2.29%,0.18%,2.10%,"1,532,234"
AADPT,2.10,1.27,1.62%,7.46%,47.19%,-8.64%,128.08%,53.22,27.37,-5.29%,-5.24%,-0.05%,"6,018,788"
AADPV,0.93,0.46,-1.85%,-3.07%,-2.79%,-12.59%,12.65%,40.16,43.45,0.50%,0.67%,-0.17%,"27,412"
AADRX,-,2.73,-1.86%,-1.86%,-1.86%,-15.81%,5.62%,-,19.54,-2.01%,-2.25%,0.25%,"962,225"
AADSE,0.35,0.51,-6.73%,-9.60%,-9.89%,-22.59%,13.59%,31.46,10.45,-5.00%,-3.42%,-1.64%,"13,760"
AADSK,1.33,8.27,-2.10%,-9.42%,-11.73%,-35.22%,13.91%,41.48,211.31,1.11%,-1.22%,2.35%,"2,334,428"
AADT,1.06,0.17,-7.91%,-13.04%,-13.55%,-29.84%,2.64%,28.39,6.23,2.47%,1.96%,0.49%,"8,876,090"
AADTN,1.49,0.33,-0.78%,-9.17%,-37.58%,-64.61%,5.05%,42.82,7.07,3.44%,2.32%,1.10%,"1,863,644"
AADUR,1.46,0.61,-5.03%,-13.49%,-7.71%,-33.37%,34.67%,33.78,12.12,-2.96%,-2.49%,-0.48%,"370,328"
AADUS,0.83,2.95,-3.60%,-4.39%,5.71%,-10.23%,27.00%,39.04,111.70,1.05%,0.76%,0.29%,"207,258"
AADV,2.19,2.10,-14.60%,-18.33%,-7.51%,-42.61%,122.60%,33.02,27.23,4.89%,5.71%,-0.77%,"73,438"
AADVB,0.04,0.80,-7.09%,-20.39%,11.57%,-71.48%,91.41%,44.64,6.91,10.91%,10.74%,0.16%,"20,120"
AADVE,0.67,0.45,-0.78%,-0.00%,4.49%,-2.97%,24.76%,48.32,46.40,0.21%,0.53%,-0.31%,117
AADX,0.96,0.29,-0.52%,-0.64%,5.34%,-3.28%,22.86%,46.64,25.69,0.08%,-0.19%,0.27%,"224,616"
AADXN,1.52,0.37,-11.70%,-33.50%,-55.11%,-75.10%,16.41%,36.70,2.98,7.97%,5.30%,2.54%,"6,907"
AAEAQ,-,0.01,-0.00%,0.46%,1.05%,-0.19%,3.12%,56.93,10.09,-0.05%,-0.19%,0.14%,11
AAEBI,2.59,0.56,-8.74%,-13.19%,-15.00%,-32.63%,20.67%,31.36,10.73,1.42%,2.19%,-0.76%,"471,907"
AAEC,1.70,0.26,-11.06%,-18.19%,-35.36%,-73.10%,6.33%,35.29,3.36,2.75%,2.13%,0.61%,"13,327"
AAEE,0.45,1.57,-2.90%,-6.28%,-7.61%,-15.79%,3.18%,29.53,99.64,0.26%,0.83%,-0.56%,"2,296,376"
AAEF,1.07,0.23,-3.75%,-0.24%,7.82%,-7.89%,49.20%,43.77,9.34,-1.16%,-1.58%,0.42%,"123,198"
AAEG,0.87,0.14,-5.20%,-7.23%,3.05%,-11.65%,25.78%,26.98,8.49,-1.62%,-0.24%,-1.39%,"5,878,728"
AAEHG,-,1.56,15.19%,-2.71%,-2.01%,-58.73%,92.92%,52.33,9.26,4.28%,3.70%,0.56%,"1,401,224"
AAEHL,1.04,2.01,21.93%,41.90%,-75.36%,-97.57%,240.40%,56.95,10.16,-1.07%,4.31%,-5.16%,"97,883"
AAEHR,3.48,8.54,8.79%,6.04%,46.82%,-31.07%,443.32%,55.41,101.60,1.99%,1.99%,0.00%,"1,631,199"
AAEI,1.47,0.09,-22.59%,-35.05%,-57.96%,-81.10%,0.28%,29.87,0.75,-0.94%,0.28%,-1.21%,"49,701"
AAEIS,1.31,13.71,7.45%,1.62%,-3.50%,-26.00%,75.87%,57.67,294.11,4.36%,4.20%,0.15%,"453,014"
AAELV,0.66,0.13,-1.74%,-2.36%,3.45%,-4.45%,17.68%,36.15,26.09,0.12%,0.00%,0.12%,16
AAEM,0.64,6.82,-7.93%,-3.42%,-4.45%,-29.25%,34.39%,38.47,180.59,-1.46%,-1.49%,0.03%,"1,822,316"
AAEMC,-,0.11,0.18%,-0.08%,-0.08%,-2.72%,1.19%,45.30,19.77,1.19%,0.00%,1.19%,12
AAEMD,1.21,0.69,53.24%,95.05%,-23.00%,-83.97%,370.21%,73.76,6.63,1.69%,1.84%,-0.15%,"64,211"
AAEMG,-,0.15,1.96%,1.79%,1.79%,-1.43%,3.88%,51.87,19.81,1.51%,0.00%,1.51%,11
AAEMV,-,0.13,-0.92%,-1.25%,-1.25%,-3.81%,1.22%,41.20,19.36,1.22%,0.95%,0.26%,212
AAENT,0.44,0.35,-13.57%,-18.07%,-30.41%,-49.89%,1.15%,33.76,4.41,-4.13%,-3.29%,-0.87%,"20,151"
AAEO,1.26,0.74,10.84%,7.44%,-6.81%,-36.86%,27.85%,63.30,17.97,1.07%,0.84%,0.22%,"7,047,079"
AAEON,0.69,0.04,9.63%,10.57%,-61.95%,-80.00%,63.66%,54.86,0.29,-3.33%,-3.33%,0.00%,"6,635,958"
AAEP,0.47,1.99,-1.10%,-3.55%,-5.73%,-14.82%,7.18%,42.54,119.75,0.94%,1.28%,-0.34%,"4,139,534"
AAER,0.98,2.97,0.34%,-2.29%,-0.23%,-9.37%,20.99%,47.64,143.93,0.29%,0.85%,-0.56%,"1,103,539"
AAERO,-,0.75,-3.68%,-2.47%,-11.35%,-35.27%,21.70%,44.44,14.92,-5.51%,-5.21%,-0.32%,"558,797"
AAERT,0.65,0.42,2.50%,4.91%,37.51%,-9.05%,247.68%,53.44,7.24,-1.90%,1.40%,-3.25%,"10,967"
AAES,0.95,0.05,0.60%,0.92%,1.63%,-15.47%,12.94%,69.78,14.92,0.13%,0.13%,0.00%,"9,168,942"
AAESB,-,0.11,-0.43%,-0.58%,-0.58%,-2.97%,0.68%,41.25,19.51,0.50%,0.00%,0.50%,8
AAESG,-,0.13,0.11%,-0.03%,-0.03%,-3.14%,1.62%,42.71,19.56,0.35%,0.24%,0.11%,309
AAESI,1.16,0.86,-9.53%,-5.19%,-12.53%,-41.93%,52.98%,42.74,11.69,-2.66%,-4.96%,2.41%,"2,856,195"
AAESL,-,0.11,-0.80%,-1.00%,-1.00%,-2.95%,0.76%,40.71,19.47,0.76%,0.00%,0.76%,7
AAESP,-,0.01,0.18%,0.58%,0.60%,0.00%,1.42%,68.11,9.99,0.00%,0.16%,-0.16%,9
AAESR,1.07,0.21,0.22%,0.22%,6.12%,-4.31%,26.62%,50.29,19.97,0.45%,0.55%,-0.10%,"42,652"
AAETH,2.37,0.53,-1.35%,7.36%,9.07%,-22.02%,32.90%,53.48,37.57,-0.01%,0.22%,-0.22%,"2,419"
AAEVA,2.41,1.12,-4.76%,-17.49%,-17.39%,-54.35%,61.83%,40.60,14.29,1.78%,0.28%,1.50%,"1,057,641"
AAEXA,0.44,0.19,-1.07%,-2.54%,-2.04%,-7.26%,6.01%,35.53,11.12,-0.18%,-0.18%,0.00%,"57,551"
AAEYE,0.84,0.46,-4.93%,1.23%,-5.68%,-57.66%,30.70%,47.39,6.94,3.27%,2.81%,0.45%,"50,609"
AAFB,0.70,0.14,-5.34%,-10.12%,-12.70%,-17.30%,2.48%,22.58,9.51,-0.21%,0.11%,-0.31%,"187,454"
AAFCG,1.04,0.13,-0.90%,7.26%,18.46%,-12.98%,69.17%,51.76,3.48,-3.19%,-3.99%,0.83%,"75,622"
AAFDM,0.82,0.92,-2.92%,-3.38%,1.73%,-5.95%,17.10%,33.92,88.15,-0.83%,-0.06%,-0.77%,"63,636"
AAFEM,0.84,1.23,-1.18%,0.68%,8.27%,-3.17%,32.29%,46.85,97.64,-0.32%,0.00%,-0.32%,"23,125"
AAFG,0.58,2.16,-1.97%,-3.22%,2.32%,-7.15%,12.18%,38.06,138.08,0.97%,1.07%,-0.10%,"323,359"
AAFGR,1.27,0.30,1.87%,2.59%,7.72%,-0.36%,26.68%,61.99,38.10,0.44%,0.15%,0.29%,"1,945"
AAFIF,0.12,0.07,-0.98%,-1.40%,-1.59%,-6.19%,1.31%,29.36,9.25,0.33%,0.33%,0.00%,"89,280"
AAFIX,0.06,0.11,-1.43%,-2.52%,-4.66%,-7.42%,0.40%,31.50,23.64,0.31%,0.53%,-0.22%,"9,730"
AAFJK,0.91,0.42,3.15%,3.88%,-60.92%,-90.34%,86.52%,52.77,12.59,3.96%,2.78%,1.16%,"6,572"
AAFK,0.74,0.62,-6.52%,-4.69%,-2.03%,-12.77%,17.00%,31.72,26.91,-2.25%,-0.92%,-1.34%,"73,703"
AAFL,0.56,1.76,-3.42%,-6.61%,-3.35%,-14.62%,5.46%,29.23,111.18,-0.54%,-0.50%,-0.04%,"1,471,091"
AAFLG,0.95,0.35,-0.20%,-0.29%,5.63%,-2.16%,18.82%,48.99,44.44,0.66%,0.18%,0.48%,"87,005"
AAFMC,1.00,0.39,-0.55%,-1.83%,4.11%,-4.87%,23.60%,44.71,40.08,1.18%,0.96%,0.21%,"32,185"
AAFNXU,-,-,-,-,-,-,-,-,-,-,-,-,0
AAFOS,1.37,0.58,-0.00%,0.02%,9.50%,-5.58%,48.65%,50.23,45.32,1.05%,1.17%,-0.12%,"7,628"
AAFRI,0.38,0.36,-0.86%,1.24%,7.07%,-7.66%,35.30%,49.62,11.00,0.27%,0.55%,-0.27%,"23,615"
AAFRM,3.82,3.43,-0.45%,-3.93%,5.50%,-22.13%,67.31%,47.43,70.43,1.73%,1.51%,0.22%,"4,033,556"
AAFRU,6.87,0.79,-2.96%,-12.55%,-11.67%,-54.73%,115.33%,45.01,8.71,2.96%,3.69%,-0.71%,"22,324"
AAFSC,0.84,0.48,-0.78%,-3.30%,5.30%,-8.26%,27.14%,40.25,36.75,0.39%,0.00%,0.39%,46
AAFSM,1.04,0.43,-0.50%,-1.55%,7.02%,-4.88%,28.83%,45.85,39.60,1.05%,1.46%,-0.40%,"128,943"
AAFYA,0.37,0.48,-10.06%,-12.62%,-15.75%,-25.25%,3.96%,28.17,12.08,0.33%,-0.41%,0.75%,"296,115"
AAG,0.97,0.94,-8.72%,-6.70%,-12.41%,-44.87%,73.31%,39.91,17.66,-0.17%,0.00%,-0.17%,"8,936,918"
AAGBK,-,0.22,-12.32%,-14.45%,-27.52%,-55.36%,-3.88%,27.97,5.45,-5.38%,-4.22%,-1.22%,"284,206"
AAGCC,-,0.86,7.71%,4.11%,4.58%,-41.30%,312.57%,58.26,15.10,3.78%,-2.14%,6.05%,"7,983"
AAGCO,1.08,4.19,-7.60%,-1.66%,-3.92%,-22.24%,13.84%,40.32,111.81,-2.12%,-1.44%,-0.69%,"984,087"
AAGD,0.93,0.20,-3.32%,-5.22%,-5.08%,-17.81%,10.37%,35.84,11.49,-1.96%,-1.88%,-0.09%,"88,330"
AAGEM,1.06,0.88,-2.19%,-0.80%,6.39%,-6.19%,33.39%,44.45,48.31,0.44%,0.65%,-0.22%,"28,117"
AAGEN,1.33,0.66,3.34%,8.60%,82.09%,-19.20%,207.38%,52.13,8.33,-16.11%,-16.28%,0.20%,"1,951,997"
AAGG,0.26,0.44,-1.42%,-2.47%,-4.38%,-6.93%,0.10%,25.64,94.42,-0.13%,0.49%,-0.61%,"17,711,134"
AAGGA,0.11,0.08,-0.83%,-1.53%,-2.72%,-5.11%,0.23%,30.38,24.42,0.18%,0.31%,-0.13%,"6,318"
AAGGH,0.19,0.15,-2.02%,-3.43%,-6.05%,-9.08%,0.11%,26.09,18.88,-0.26%,0.16%,-0.42%,"1,707,418"
AAGGM,0.25,0.36,-1.08%,-2.08%,-4.02%,-6.61%,0.05%,26.61,99.39,-0.07%,0.44%,-0.52%,"13,140"
AAGGS,0.12,0.15,-1.56%,-2.63%,-4.35%,-7.52%,-0.05%,24.43,38.97,-0.05%,1.22%,-1.26%,"2,076"
AAGGY,0.30,0.21,-1.65%,-2.73%,-4.97%,-7.96%,0.40%,26.57,41.27,0.22%,0.56%,-0.34%,"150,079"
AAGI,0.59,1.29,-9.02%,-6.04%,-18.32%,-42.45%,17.89%,37.26,31.89,-1.54%,-1.57%,0.03%,"3,185,765"
AAGIG,1.40,0.10,-18.21%,-7.52%,-39.56%,-85.77%,16.10%,36.06,0.96,-11.60%,-13.96%,2.75%,"261,697"
AAGIO,0.63,1.34,-2.81%,-3.12%,4.81%,-29.39%,46.04%,43.44,32.48,-2.32%,-2.32%,0.00%,"1,703,750"
AAGIQ,1.48,0.39,2.23%,5.61%,14.68%,-1.16%,38.03%,61.05,26.74,0.12%,-0.72%,0.85%,"2,721"
AAGIX,1.95,0.87,2.91%,6.21%,18.37%,-3.28%,55.54%,60.32,48.04,1.07%,0.29%,0.78%,"74,413"
AAGL,2.99,5.93,-4.90%,-9.62%,42.22%,-38.15%,1000.00%,42.66,82.28,3.38%,3.69%,-0.30%,"262,325"
AAGM,1.07,5.61,-4.93%,-6.21%,12.59%,-15.75%,53.17%,34.78,209.19,1.10%,1.39%,-0.29%,"97,975"
AAGMB,-,1.15,-28.84%,-33.43%,-31.08%,-51.46%,-1.14%,28.94,8.65,-22.07%,-22.84%,0.99%,"639,376"
AAGMH,2.58,0.11,-14.45%,-24.12%,-44.69%,-92.79%,41.74%,34.91,0.68,-4.19%,-6.78%,2.79%,"102,279"
AAGMI,0.71,1.84,-7.65%,-5.03%,-3.33%,-25.25%,41.82%,38.76,68.62,-0.90%,0.33%,-1.22%,699
AAGNC,1.34,0.22,-9.91%,-14.46%,-16.54%,-26.58%,-1.10%,16.83,8.95,-1.32%,-1.00%,-0.33%,"51,031,976"
AAGNG,0.60,0.36,-2.45%,-3.96%,-1.05%,-8.52%,7.52%,33.17,36.12,-1.36%,-0.95%,-0.41%,"5,323"
AAGNT,2.06,0.22,-5.99%,-12.17%,-40.80%,-70.88%,4.71%,39.24,3.56,-3.00%,-2.47%,-0.54%,"1,781,976"
AAGO,0.72,1.54,-4.03%,-9.63%,-15.84%,-26.11%,1.14%,30.94,68.27,0.81%,1.13%,-0.31%,"553,427"
AAGOX,1.09,0.52,0.28%,-0.59%,5.62%,-6.51%,30.49%,49.21,33.47,0.32%,1.27%,-0.94%,"36,196"
AAGPU,3.68,1.06,-0.61%,14.14%,81.30%,-24.62%,1008.74%,52.31,11.42,0.44%,-1.64%,2.11%,"304,274"
AAGQ,1.01,4.55,-10.77%,-10.91%,-44.29%,-84.18%,18.42%,40.41,68.27,2.05%,-0.19%,2.24%,"2,205,196"
AAGQI,0.52,0.13,-1.84%,-2.40%,1.62%,-4.48%,14.70%,37.01,18.11,-0.30%,-0.27%,-0.03%,"3,208"
AAGRO,-0.05,0.44,-11.54%,-6.44%,-8.04%,-37.51%,44.12%,34.83,9.93,-2.07%,-1.59%,-0.49%,"592,974"
AAGRW,1.29,0.22,1.19%,1.89%,7.56%,-1.87%,26.35%,57.46,33.09,0.27%,0.54%,-0.28%,316
AAGRZ,-,0.68,-25.48%,-36.25%,-63.37%,-97.76%,7.67%,31.10,3.23,3.53%,6.60%,-2.88%,"32,701"
AAGX,0.55,21.12,-2.28%,-19.91%,-26.48%,-52.89%,48.51%,39.06,379.58,0.43%,0.51%,-0.08%,"293,161"
AAGYS,0.36,3.99,-2.76%,-6.88%,8.18%,-30.94%,63.11%,42.68,100.31,3.33%,1.56%,1.74%,"377,081"
AAGZ,0.11,0.33,-0.73%,-1.41%,-2.51%,-4.03%,0.04%,27.96,106.53,-0.01%,0.31%,-0.32%,"65,292"
AAGZD,0.07,0.12,-0.34%,-0.33%,-0.30%,-1.63%,1.89%,40.02,22.51,-0.15%,0.21%,-0.35%,"456,378"
AAHBM,-,0.84,3.51%,5.06%,5.06%,-1.59%,12.57%,56.56,26.39,3.06%,2.47%,0.58%,703
AAHCO,1.42,0.27,-2.79%,-14.01%,-41.06%,-57.71%,9.02%,41.16,5.68,0.71%,0.53%,0.18%,"2,028,338"
AAHD,-,0.25,-0.01%,0.56%,2.28%,-10.97%,7.96%,51.50,26.50,0.09%,-0.30%,0.40%,"28,322"
AAHG,-1.01,0.12,28.80%,-3.00%,-33.14%,-59.20%,49.76%,60.94,1.02,13.33%,26.30%,-10.27%,"237,889"
AAHLT,-0.12,0.29,1.82%,4.58%,7.80%,-0.99%,28.28%,64.99,31.07,-0.03%,-0.64%,0.61%,"4,674"
AAHMA,-,0.13,-1.13%,-8.24%,-71.12%,-96.61%,77.25%,46.86,1.34,-2.19%,-2.19%,0.00%,"18,993"
AAHR,0.80,1.05,-4.12%,-7.05%,-0.60%,-13.65%,26.72%,30.35,50.69,-1.11%,-1.46%,0.35%,"2,880,079"
AAHRT,1.12,0.17,-1.58%,-6.69%,-5.90%,-16.33%,19.49%,42.70,6.13,0.49%,0.82%,-0.33%,"2,148,625"
AAHT,1.82,0.12,-21.28%,-28.06%,-32.12%,-63.64%,-6.38%,10.94,2.20,-7.17%,-6.78%,-0.42%,"50,970"
AAHYB,0.40,0.19,-1.22%,-1.97%,-3.10%,-4.78%,0.11%,25.38,44.81,0.11%,0.30%,-0.19%,"6,712"
AAI,2.10,0.51,3.90%,9.21%,8.12%,-45.05%,44.76%,59.25,11.11,1.09%,1.18%,-0.09%,"5,844,368"
AAIA,0.88,2.56,0.73%,3.43%,14.95%,-5.15%,59.22%,54.11,143.06,0.63%,0.27%,0.35%,"52,442"
AAIAI,-,0.59,-5.84%,-24.20%,-61.51%,-83.14%,9.09%,41.52,3.30,2.80%,0.92%,1.87%,"294,823"
AAIB,4.97,0.20,6.33%,-0.82%,14.93%,-75.80%,1251.11%,51.83,1.52,14.29%,8.57%,5.26%,"6,398,518"
AAIBD,-3.26,1.53,-7.02%,-13.30%,-36.04%,-61.75%,0.47%,36.31,42.72,-1.45%,0.52%,-1.96%,"2,951"
AAIBF,-,0.13,-1.09%,-1.09%,-1.09%,-1.84%,-0.49%,-,24.71,-0.49%,-0.54%,0.04%,"37,760"
AAIBU,4.13,2.18,6.17%,11.73%,31.70%,-8.34%,119.91%,62.61,72.37,1.37%,-0.25%,1.62%,"2,268"
AAIBZ,-,0.38,-4.47%,-22.55%,-5.25%,-59.12%,115.98%,39.46,4.19,0.72%,0.48%,0.24%,"218,816"
AAICH,-,0.61,-5.23%,-5.23%,-5.23%,-11.33%,0.41%,-,25.11,0.29%,0.49%,-0.20%,"8,456"
AAIDX,-,0.05,-16.11%,-17.99%,-72.70%,-99.18%,2.22%,34.44,0.41,-6.32%,-4.95%,-1.44%,"51,989"
AAIEQ,1.17,0.38,-1.65%,-2.49%,2.53%,-5.24%,16.62%,36.55,48.86,-0.53%,-0.66%,0.13%,"5,187"
AAIFA,2.45,0.29,28.61%,54.82%,82.57%,-26.01%,191.95%,73.05,4.39,4.64%,3.17%,1.43%,"77,332"
AAIFC,1.93,0.04,-3.66%,0.45%,-50.10%,-83.98%,38.33%,46.26,0.50,2.62%,2.41%,0.21%,"530,694"
AAIFD,1.75,0.93,3.85%,5.80%,18.64%,-5.08%,62.85%,62.62,54.86,1.30%,0.76%,0.54%,"6,358"
AAIFF,0.52,0.17,16.15%,25.25%,6.42%,-53.65%,136.44%,55.98,1.46,-4.58%,-2.01%,-2.61%,"407,959"
AAIFR,-,0.65,4.08%,4.08%,4.08%,-1.88%,13.79%,63.71,26.36,1.93%,0.98%,0.94%,"3,665"
AAIFU,1.09,2.97,-7.81%,-49.51%,-68.74%,-90.53%,36.10%,41.46,11.12,9.99%,13.35%,-2.97%,"12,245"
AAIG,0.53,1.46,0.26%,-1.59%,-2.25%,-13.59%,5.87%,49.67,75.43,1.36%,1.19%,0.16%,"5,352,224"
AAIHY,-,0.36,0.52%,3.75%,4.00%,-3.24%,17.69%,54.54,21.82,-0.68%,-1.36%,0.68%,"24,365"
AAII,0.01,0.92,0.14%,7.29%,30.64%,-4.30%,59.60%,55.68,25.84,3.40%,4.45%,-1.00%,"91,772"
AAIIA,-,0.03,0.70%,0.96%,2.24%,-0.19%,4.77%,67.47,10.32,0.49%,0.00%,0.49%,113
AAIIO,2.11,0.14,-21.44%,-45.79%,-59.61%,-97.77%,129.59%,22.95,1.24,-6.06%,-5.34%,-0.76%,"516,052"
AAIIR,-0.21,0.76,3.52%,9.59%,-13.33%,-49.74%,45.37%,54.55,7.69,0.65%,-4.11%,4.97%,"48,942"
AAIM,1.27,0.02,-10.52%,-19.91%,-69.15%,-93.48%,13.14%,36.34,0.19,7.26%,5.15%,2.00%,"848,092"
AAIMD,2.48,0.12,-8.01%,-8.48%,-23.15%,-70.72%,8.33%,40.78,1.30,2.36%,2.36%,0.00%,"41,898"
AAIMG,-,0.48,4.66%,4.66%,4.66%,0.04%,12.54%,60.56,20.72,2.74%,0.65%,2.08%,479
AAIMS,-,0.20,-0.93%,-2.94%,1.48%,-8.28%,18.07%,40.98,27.17,0.44%,-0.19%,0.63%,"5,799"
AAIN,1.17,1.87,-2.31%,-5.99%,-2.91%,-23.31%,43.50%,42.21,59.05,-0.94%,-1.06%,0.12%,"190,243"
AAINF,-,0.35,4.44%,6.40%,6.40%,-3.63%,13.30%,59.77,20.42,0.60%,-0.42%,1.03%,"1,743"
AAINP,0.12,0.09,-1.46%,-2.35%,-3.74%,-5.69%,0.28%,25.41,24.06,0.11%,0.43%,-0.31%,"7,414"
AAINT,-,0.66,10.74%,15.68%,26.51%,1.10%,53.31%,77.19,35.92,1.49%,0.86%,0.63%,"2,204"
AAIO,1.25,0.58,0.28%,-1.71%,2.83%,-12.03%,23.59%,48.55,25.16,1.17%,0.60%,0.56%,"85,244"
AAIOO,0.13,0.08,0.06%,0.13%,1.53%,-1.30%,3.93%,52.79,26.47,0.19%,-0.38%,0.57%,"36,199"
AAIOS,1.94,1.17,-9.87%,-9.35%,-25.47%,-86.68%,83.33%,41.69,11.99,-3.31%,-0.33%,-2.98%,"103,455"
AAIOT,1.40,0.13,-3.86%,-12.88%,-26.50%,-52.38%,9.80%,41.86,2.80,-1.41%,-1.41%,0.00%,"1,467,032"
AAIP,1.90,1.29,5.69%,-4.76%,-2.20%,-52.23%,137.72%,51.57,24.01,1.57%,0.38%,1.18%,"694,024"
AAIPI,1.12,0.42,1.11%,2.53%,1.58%,-16.64%,16.67%,56.70,37.58,0.45%,0.03%,0.43%,"236,470"
AAIPO,1.98,0.73,-0.33%,-1.74%,1.11%,-18.19%,37.80%,48.16,28.46,0.92%,0.67%,0.25%,"1,618,417"
AAIQ,1.36,1.03,1.53%,4.10%,14.72%,-6.53%,47.71%,57.64,65.67,0.78%,-0.30%,1.08%,"1,212,392"
AAIQD,-,1.78,-12.72%,-27.10%,-33.74%,-55.50%,-0.91%,33.40,38.43,-2.83%,-1.76%,-1.09%,261
AAIQU,-,0.96,11.25%,22.24%,24.34%,-13.87%,84.50%,64.32,21.79,2.77%,1.82%,0.93%,"6,121"
AAIR,1.13,5.84,-14.94%,-23.37%,-14.79%,-35.13%,31.27%,26.21,99.90,-1.55%,-1.50%,-0.05%,"980,026"
AAIRE,-2.58,0.11,-8.36%,-11.21%,-73.80%,-95.97%,4.80%,36.27,1.31,-0.76%,-2.24%,1.52%,"20,362"
AAIRG,0.92,0.30,-18.47%,-20.85%,-22.47%,-44.50%,41.67%,22.76,4.25,-14.31%,-14.31%,0.00%,"267,093"
AAIRI,0.04,0.10,1.01%,1.60%,-11.57%,-32.91%,15.22%,52.52,2.65,3.92%,3.53%,0.38%,"29,406"
AAIRJ,0.89,0.23,-6.02%,-16.60%,-0.11%,-41.33%,78.38%,35.97,3.96,1.54%,0.51%,1.03%,"1,023,036"
AAIRO,2.05,0.40,-7.83%,-13.75%,-23.10%,-70.89%,14.54%,36.18,6.54,-1.06%,-1.06%,0.00%,"371,199"
AAIRR,1.28,2.16,-1.30%,-7.44%,-10.86%,-22.71%,15.32%,38.00,104.38,1.10%,0.95%,0.15%,"680,787"
AAIRS,2.30,0.21,-24.35%,-44.38%,-46.75%,-85.83%,12.58%,28.23,1.70,-3.41%,-2.30%,-1.14%,"1,405,458"
AAIRT,0.21,1.94,-0.73%,-0.48%,23.01%,-14.69%,62.72%,50.15,29.86,5.21%,1.56%,3.59%,"31,352"
AAIS,3.00,2.35,5.44%,9.37%,29.23%,-14.25%,128.31%,59.83,76.14,1.90%,1.30%,0.59%,"1,219,772"
AAISP,0.63,0.15,13.63%,11.75%,-10.78%,-69.17%,31.75%,64.24,2.22,19.35%,11.00%,7.53%,"41,942,015"
AAIT,0.85,7.59,4.02%,0.52%,12.03%,-9.45%,42.40%,58.64,339.39,2.14%,2.45%,-0.31%,"188,654"
AAIUP,-,0.55,4.77%,8.97%,19.42%,-1.04%,44.04%,67.16,32.49,0.86%,1.11%,-0.25%,"2,110"
AAIV,1.20,0.07,-12.02%,-19.50%,-29.81%,-36.85%,3.65%,15.47,1.99,0.51%,-0.50%,1.01%,"5,223,915"
AAIVC,1.30,2.22,3.96%,6.28%,27.43%,-5.56%,91.98%,60.85,117.32,2.02%,1.63%,0.39%,"4,799"
AAIVI,0.62,0.49,-3.62%,-4.12%,0.84%,-6.37%,16.90%,29.88,57.01,-1.37%,-0.73%,-0.64%,"2,721"
AAIVL,0.80,0.73,-1.87%,-3.49%,2.52%,-6.09%,16.00%,28.99,127.99,0.04%,0.61%,-0.57%,"29,620"
AAIX,-,0.31,3.27%,6.50%,5.89%,-1.29%,18.85%,62.33,25.11,0.50%,0.74%,-0.23%,"1,002"
AAIXI,14.82,0.63,-45.90%,-73.54%,-97.27%,-99.68%,-10.00%,27.60,1.22,-12.59%,-7.95%,-5.04%,"339,870"
AAIYY,1.54,0.26,-0.89%,-1.80%,-29.56%,-73.78%,7.91%,47.72,7.50,0.00%,-0.40%,0.40%,"75,282"
AAIZ,0.53,5.56,-3.48%,-5.04%,6.38%,-12.40%,29.22%,37.01,266.24,1.04%,1.04%,0.00%,"386,101"
AAJAN,0.20,0.05,0.19%,0.25%,1.52%,-0.13%,4.39%,56.56,28.62,0.13%,0.08%,0.05%,853
AAJG,0.55,6.37,-3.54%,-7.29%,-0.55%,-26.07%,21.53%,39.84,231.82,1.63%,1.04%,0.58%,"2,862,702"
AAJUL,0.25,0.09,0.13%,0.08%,2.00%,-0.66%,6.32%,52.33,30.28,0.22%,0.33%,-0.11%,"24,123"
AAKA,1.38,0.39,-0.12%,-0.09%,2.23%,-33.76%,28.86%,49.90,10.85,-0.28%,3.33%,-3.49%,792
AAKAF,0.65,0.19,-3.16%,-4.92%,-2.68%,-8.34%,12.35%,28.72,30.96,0.07%,0.00%,0.07%,11
AAKAL,-,1.90,-5.27%,-10.60%,-10.60%,-32.77%,6.62%,43.36,17.87,0.68%,0.06%,0.62%,"53,494"
AAKAM,0.62,6.37,-1.82%,-4.56%,-4.16%,-35.37%,50.99%,45.36,106.93,0.55%,-0.21%,0.76%,"5,590,409"
AAKAN,14.18,0.44,-25.97%,-48.18%,-76.76%,-98.94%,-3.70%,28.87,2.21,-14.01%,-14.01%,0.00%,"288,134"
AAKBA,0.18,0.05,-6.70%,-12.15%,-29.47%,-72.78%,7.00%,41.12,0.87,-5.33%,-4.80%,-0.55%,"4,518,288"
AAKO-A,0.48,0.97,-1.94%,0.94%,5.81%,-12.72%,27.74%,48.63,23.53,-3.96%,0.00%,-3.96%,192
AAKO-B,0.62,0.94,-3.91%,-4.92%,-1.63%,-15.37%,30.40%,41.19,28.66,-1.26%,-1.26%,0.00%,"4,471"
AAKR,1.13,0.37,-4.29%,-9.20%,-10.41%,-18.89%,0.38%,20.84,18.68,-0.32%,-0.37%,0.05%,"1,320,784"
AAKRE,-,1.01,-4.49%,-7.58%,-6.25%,-21.60%,4.78%,33.07,53.45,1.48%,0.64%,0.84%,"1,027,060"
AAKTS,-,1.25,-16.27%,-21.16%,-13.92%,-45.83%,25.82%,26.30,18.52,-4.88%,-4.59%,-0.31%,"305,224"
AAKTX,1.44,1.16,-12.92%,-1.95%,-5.30%,-80.00%,193.20%,41.72,8.84,-4.95%,-5.45%,0.54%,"28,609"
AALA,-,1.29,21.82%,22.79%,15.65%,-41.26%,92.94%,57.45,14.38,-0.09%,-0.13%,0.04%,"7,655"
AALAB,3.69,21.95,12.34%,15.65%,48.48%,-28.64%,264.10%,60.79,356.42,0.13%,-1.16%,1.30%,"4,080,050"
AALAI,1.89,0.73,2.06%,4.24%,16.09%,-1.47%,51.60%,58.78,46.76,0.62%,-0.04%,0.67%,"32,278"
AALAR,1.72,0.19,-11.23%,-9.13%,-72.26%,-90.22%,39.66%,39.61,1.62,1.25%,4.52%,-3.13%,"37,336"
AALB,1.36,4.67,-8.85%,-14.67%,-32.45%,-52.48%,28.13%,33.31,105.03,-0.71%,0.89%,-1.59%,"1,948,172"
AALBG,-,0.40,-18.52%,-30.12%,-62.84%,-80.00%,-0.08%,32.45,4.20,-2.02%,3.77%,-5.58%,"27,174"
AALC,0.88,1.22,-3.78%,-8.11%,-12.82%,-27.04%,3.40%,32.03,63.94,-1.25%,-1.08%,-0.17%,"2,216,099"
AALCO,0.93,0.85,-2.59%,-2.79%,-4.50%,-14.89%,22.32%,39.22,38.31,-0.70%,-0.49%,-0.21%,"12,298"
AALDB,-,0.09,0.17%,0.61%,1.55%,-0.89%,3.96%,53.51,25.83,0.04%,0.11%,-0.08%,609
AALDF,0.04,0.01,0.19%,0.72%,2.45%,-0.09%,3.64%,64.72,10.82,0.00%,0.19%,-0.18%,622
AALDX,1.20,0.10,-5.36%,-12.16%,-52.09%,-78.25%,20.56%,43.57,1.29,4.88%,2.38%,2.44%,"1,211,432"
AALEC,0.62,0.15,-9.82%,-7.48%,-6.55%,-45.29%,70.64%,41.12,1.86,0.54%,2.20%,-1.62%,"774,594"
AALF,0.02,0.04,0.59%,0.67%,1.70%,-0.64%,3.61%,57.89,10.92,0.92%,0.00%,0.92%,119
AALG,1.08,5.05,-5.48%,-5.15%,-8.88%,-28.89%,7.27%,35.44,156.36,1.03%,1.16%,-0.14%,"176,173"
AALGM,1.98,1.70,2.81%,-6.02%,-9.51%,-49.31%,62.34%,48.50,36.38,0.08%,0.08%,0.00%,"2,794,366"
AALGN,1.67,4.66,-2.93%,-9.53%,-14.71%,-27.49%,16.36%,38.73,145.35,-0.00%,0.24%,-0.24%,"619,792"
AALGS,2.36,0.46,0.17%,-4.47%,-18.35%,-59.82%,38.19%,45.66,5.50,-2.31%,-3.34%,1.07%,"28,258"
AALGT,1.54,3.60,-2.87%,-10.40%,-15.38%,-38.96%,32.13%,40.49,75.46,-0.44%,-0.04%,-0.40%,"519,417"
AALH,-,0.68,-1.90%,-10.65%,-9.70%,-24.80%,13.89%,36.81,21.23,-0.33%,0.05%,-0.38%,"1,656,616"
AALHC,1.14,0.72,-22.53%,-39.51%,-57.19%,-69.19%,5.02%,23.12,7.74,-5.15%,-5.03%,-0.12%,"19,648,693"
AALIL,0.62,0.31,-0.08%,-2.33%,-0.18%,-8.82%,11.60%,46.31,30.42,1.26%,1.66%,-0.39%,551
AALIS,-,0.03,0.03%,0.75%,2.17%,-0.87%,4.67%,56.09,10.31,0.00%,0.00%,0.00%,"13,432"
AALIT,1.69,0.92,-23.47%,-35.70%,-52.35%,-86.62%,2.84%,28.94,9.06,1.57%,1.91%,-0.34%,"782,745"
AALK,1.33,1.57,-2.37%,-9.12%,-13.19%,-34.87%,19.56%,42.40,39.49,2.04%,2.41%,-0.36%,"2,863,588"
AALKS,0.32,1.46,-7.57%,-14.06%,3.88%,-27.18%,50.15%,28.14,40.54,0.05%,1.35%,-1.28%,"2,626,368"
AALKT,0.60,0.92,-19.08%,-24.44%,-22.39%,-43.64%,6.32%,28.02,14.04,2.56%,1.45%,1.10%,"1,847,525"
AALL,0.14,5.53,-7.65%,-11.74%,-0.12%,-19.05%,19.32%,28.72,224.41,1.15%,0.61%,0.53%,"2,944,791"
AALLE,0.82,3.26,0.21%,-2.54%,2.63%,-15.74%,23.42%,48.63,154.28,0.33%,0.61%,-0.27%,"1,084,537"
AALLO,0.56,0.09,-10.65%,-18.03%,-22.75%,-65.47%,48.08%,27.33,1.54,-3.75%,-3.75%,0.00%,"4,606,898"
AALLR,0.57,0.10,-9.96%,-17.79%,-15.91%,-43.46%,35.29%,38.13,1.04,-0.95%,-1.89%,0.95%,"74,353"
AALLT,1.48,0.31,3.85%,7.00%,3.19%,-29.53%,37.25%,57.41,8.40,-0.47%,-1.64%,1.18%,"228,029"
AALLW,0.49,0.30,-2.75%,-3.46%,-2.52%,-6.20%,4.17%,30.92,28.61,0.12%,0.51%,-0.39%,"715,592"
AALLY,1.10,0.93,-6.63%,-10.73%,-11.81%,-20.38%,4.82%,23.86,37.65,0.08%,1.07%,-0.98%,"5,166,693"
AALM,1.40,1.11,-11.12%,-12.16%,-15.87%,-46.01%,142.50%,40.35,13.18,0.15%,1.62%,-1.44%,"6,612,408"
AALMR,-,2.20,3.52%,6.14%,22.58%,-15.78%,72.25%,53.02,32.46,-4.73%,-4.30%,-0.44%,"379,207"
AALMS,-0.36,0.92,-15.16%,-60.26%,-67.45%,-77.00%,84.16%,21.87,7.21,-2.44%,-2.57%,0.14%,"2,131,438"
AALMU,0.35,0.93,-3.30%,-13.69%,-28.39%,-60.43%,22.85%,42.75,12.58,1.78%,1.04%,0.73%,"298,790"
AALNT,1.58,5.60,12.63%,16.48%,48.77%,-2.29%,177.72%,65.30,115.95,3.90%,3.90%,0.00%,"210,141"
AALNY,0.27,10.39,-7.40%,-4.66%,-23.89%,-53.35%,16.87%,39.52,231.18,-6.31%,-6.86%,0.60%,"2,017,406"
AALOV,-,0.02,0.14%,0.46%,0.63%,-0.30%,1.93%,55.36,10.01,-0.30%,0.00%,-0.30%,"24,908"
AALOY,1.38,0.69,-7.73%,-18.97%,-28.04%,-69.85%,36.99%,39.21,8.11,-0.73%,-0.12%,-0.61%,"2,039,596"
AALP,0.63,0.74,-0.64%,-35.60%,-73.69%,-99.31%,47.78%,39.10,4.74,-1.97%,-1.97%,0.00%,"19,014"
AALPS,-0.52,0.02,-1.25%,0.49%,-47.52%,-97.40%,70.12%,46.56,0.39,-2.01%,-2.01%,0.00%,"7,228"
AALPX,-,0.01,0.13%,0.53%,0.53%,-0.40%,1.52%,70.44,9.96,0.00%,0.00%,0.00%,"272,011"
AALRG,0.93,0.15,-0.11%,0.07%,6.97%,-2.00%,21.17%,49.13,31.16,-0.11%,0.00%,-0.11%,17
AALRM,0.76,1.31,0.43%,-0.88%,11.33%,-5.65%,32.22%,52.03,54.86,0.72%,-0.05%,0.77%,"522,201"
AALRS,0.71,0.74,-2.76%,-3.82%,13.82%,-7.76%,56.23%,37.52,31.73,0.47%,0.83%,-0.35%,"306,759"
AALSN,0.98,3.91,-3.34%,-4.87%,-0.99%,-15.51%,52.98%,43.03,116.28,2.67%,3.31%,-0.63%,"802,717"
AALT,0.06,0.14,-13.34%,-10.64%,-20.53%,-57.14%,7.81%,32.34,2.76,-3.50%,-3.16%,-0.35%,"3,593,558"
AALTG,1.76,0.37,5.56%,-1.03%,-0.99%,-27.27%,52.11%,53.84,6.32,3.95%,4.98%,-0.99%,"204,530"
AALTI,0.74,0.16,-6.24%,-18.00%,-22.09%,-45.27%,8.36%,35.20,2.98,-0.33%,-0.67%,0.33%,"78,529"
AALTL,0.80,0.30,-2.78%,-5.06%,-4.67%,-15.65%,9.36%,22.19,43.67,-0.07%,0.71%,-0.78%,"11,376"
AALTO,0.15,0.17,-5.33%,-11.84%,-12.00%,-39.72%,271.60%,34.81,3.68,-0.27%,0.82%,-1.08%,"1,444,272"
AALTY,0.60,0.08,-2.32%,-3.82%,-4.08%,-6.58%,0.83%,20.73,11.75,-0.07%,-0.49%,0.42%,"5,330"
AALUB,-,0.01,0.15%,0.48%,0.94%,-0.29%,2.42%,60.79,10.14,0.00%,0.00%,0.00%,"73,162"
AALV,1.40,2.78,-3.87%,-5.96%,-5.03%,-14.45%,14.03%,39.84,113.07,1.05%,1.29%,-0.23%,"654,835"
AALVO,0.20,0.30,1.57%,19.90%,34.49%,-37.87%,91.16%,56.73,5.62,-3.10%,-3.27%,0.17%,"1,201,560"
AALX,0.77,5.32,-2.61%,-6.95%,-2.23%,-15.76%,21.14%,31.90,243.83,-1.08%,-0.55%,-0.53%,"24,229"
AALXO,0.48,0.12,-22.53%,-30.51%,-29.41%,-51.13%,23.81%,27.04,1.30,-6.47%,-5.11%,-1.44%,"1,481,501"
AALZN,0.27,0.12,-25.49%,-17.58%,-15.99%,-50.93%,56.55%,29.36,1.32,-23.99%,-23.55%,-0.58%,"150,749"
AAM,0.69,0.48,-5.49%,-7.27%,-4.67%,-15.00%,19.46%,29.65,20.26,0.50%,-0.10%,0.60%,"2,395,983"
AAMA,-,1.84,27.78%,12.00%,-5.56%,-56.39%,62.50%,64.77,27.04,6.96%,5.13%,1.74%,"349,182"
AAMAA,-,0.83,-3.71%,-8.14%,-6.96%,-27.46%,18.91%,42.98,27.96,-1.20%,0.78%,-1.96%,"1,464"
AAMAC,-,0.03,-0.18%,-0.18%,-0.18%,-2.00%,0.10%,31.21,9.80,0.10%,0.10%,0.00%,"42,774"
AAMAL,0.81,1.10,0.42%,-1.73%,13.16%,-7.27%,90.37%,50.55,47.84,0.57%,1.31%,-0.74%,"307,938"
AAMAN,-,0.13,-0.36%,1.13%,2.97%,-1.39%,6.61%,51.02,10.64,-0.37%,1.33%,-1.69%,765
AAMAT,1.59,19.65,14.13%,8.56%,24.17%,-28.44%,160.23%,66.94,529.30,3.50%,2.45%,1.03%,"6,089,343"
AAMAU,-,1.13,27.67%,12.10%,-6.75%,-56.13%,62.31%,64.68,16.41,6.84%,5.26%,1.50%,"369,506"
AAMAX,0.49,0.09,-1.07%,-1.11%,-4.42%,-12.12%,1.63%,44.36,7.47,1.22%,1.08%,0.14%,"20,829"
AAMBA,2.38,4.02,4.79%,-2.56%,3.17%,-27.29%,45.55%,52.44,70.30,1.14%,1.14%,0.00%,"580,923"
AAMBO,0.83,0.11,-9.34%,-10.58%,-21.23%,-72.44%,26.53%,36.18,1.86,-2.11%,-2.10%,-0.01%,"1,627"
AAMBP,0.53,0.13,-5.48%,-10.40%,-1.21%,-19.74%,33.43%,31.64,4.39,1.15%,0.92%,0.23%,"1,089,201"
AAMBQ,5.32,3.92,7.21%,9.02%,35.27%,-24.52%,212.61%,56.92,69.15,1.44%,0.32%,1.11%,"584,584"
AAMBR,0.67,0.21,28.30%,41.89%,0.65%,-45.22%,127.77%,64.31,1.89,6.18%,5.59%,0.56%,"154,718"
AAMC,2.00,0.21,0.62%,4.38%,50.00%,-18.82%,196.77%,50.17,2.76,-8.00%,-7.38%,-0.67%,"34,093,967"
AAMCI,0.31,0.36,-4.12%,-23.23%,-44.15%,-80.03%,27.60%,39.92,3.19,-3.92%,-2.15%,-1.81%,"30,753"
AAMCR,0.58,0.95,-2.37%,-7.09%,-2.32%,-17.92%,15.34%,37.70,41.81,-0.12%,0.41%,-0.53%,"3,029,742"
AAMCX,1.39,0.49,-6.39%,-4.92%,19.04%,-13.19%,73.42%,38.93,11.22,-3.77%,-3.44%,-0.34%,"970,540"
AAMD,2.45,23.78,10.42%,20.34%,65.26%,-3.64%,283.66%,66.96,615.73,0.65%,0.49%,0.15%,"17,134,533"
AAMDC,-,1.62,19.56%,38.50%,32.56%,-6.01%,88.81%,65.56,28.91,1.36%,3.12%,-1.71%,"2,544"
AAMDD,-2.52,1.13,-11.92%,-20.58%,-60.56%,-84.61%,3.71%,31.67,22.35,-0.53%,-0.58%,0.04%,"422,570"
AAMDG,10.40,8.87,19.40%,38.00%,102.24%,-6.46%,643.72%,65.49,136.17,1.16%,0.26%,0.89%,"21,249"
AAMDL,8.34,5.62,19.10%,37.67%,101.94%,-7.40%,686.97%,65.62,80.04,1.21%,1.23%,-0.03%,"1,284,908"
AAMDW,6.34,4.69,10.08%,17.41%,41.05%,-11.31%,168.38%,62.43,102.79,0.61%,1.35%,-0.73%,"128,633"
AAMDY,2.15,1.83,6.01%,10.00%,17.96%,-14.81%,73.42%,59.73,50.90,-1.07%,0.87%,-1.92%,"295,899"
AAME,0.96,5.12,3.25%,2.25%,8.29%,-4.62%,38.97%,58.90,249.09,0.55%,0.34%,0.21%,"2,009,858"
AAMEI,-,0.22,-0.06%,-1.41%,-1.24%,-6.50%,4.48%,45.27,25.71,-0.27%,0.13%,-0.39%,"1,578"
AAMEM,-,0.57,-1.05%,-2.77%,-1.74%,-53.59%,7.22%,46.96,24.60,-0.57%,0.00%,-0.57%,127
AAMG,1.07,10.98,2.99%,2.27%,15.16%,-5.34%,61.65%,56.79,371.95,1.73%,1.85%,-0.11%,"176,242"
AAMGN,0.41,10.50,1.50%,-0.39%,11.84%,-8.89%,43.91%,50.03,407.27,-3.38%,-3.43%,0.05%,"2,501,030"
AAMGR,-,0.33,1.44%,1.36%,1.65%,-8.11%,5.78%,57.09,25.65,-0.11%,-0.40%,0.29%,"1,913"
AAMH,0.79,0.50,-2.56%,-7.16%,-3.61%,-12.95%,12.18%,28.22,30.53,0.46%,0.59%,-0.13%,"2,785,145"
AAMHI,-,0.10,-1.75%,-4.11%,-5.02%,-7.80%,1.20%,29.04,23.22,0.43%,0.00%,0.43%,64
AAMID,1.02,0.33,1.26%,0.60%,4.45%,-3.17%,17.30%,57.03,36.62,0.86%,1.13%,-0.27%,"4,790"
AAMIX,-0.94,0.55,-6.56%,-29.38%,-49.38%,-87.96%,60.66%,40.81,3.92,2.35%,2.08%,0.26%,"134,800"
AAMJB,0.41,0.74,-5.37%,-6.39%,-0.18%,-10.12%,23.75%,34.42,34.65,0.46%,0.96%,-0.50%,"122,140"
AAMKL,-,0.68,6.44%,-5.05%,-50.45%,-79.42%,33.54%,49.08,6.79,1.95%,0.59%,1.35%,"221,721"
AAMKR,2.22,2.64,4.23%,1.92%,-7.54%,-45.28%,87.79%,52.46,52.90,0.99%,0.40%,0.59%,"3,619,439"
AAMKX,-,0.74,6.64%,-3.70%,-18.94%,-58.44%,33.42%,50.20,10.93,1.80%,2.47%,-0.65%,382
AAMLP,0.52,0.74,-3.92%,-4.54%,-0.10%,-7.39%,17.07%,29.78,52.26,0.75%,0.75%,0.00%,"1,344,590"
AAMLX,-0.09,1.64,-11.66%,-3.60%,52.28%,-31.75%,159.28%,38.03,28.08,-3.51%,-1.89%,-1.65%,"1,354,104"
AAMMO,-,0.32,-1.52%,-5.95%,-5.64%,-15.50%,0.77%,38.89,24.22,0.48%,0.56%,-0.08%,"2,060"
AAMN,0.40,1.21,4.47%,4.99%,38.94%,-3.65%,139.55%,61.26,35.86,-0.03%,0.70%,-0.72%,"733,070"
AAMOD,0.58,0.26,-37.30%,-62.29%,-90.90%,-97.75%,-19.87%,21.35,1.17,-24.52%,-23.53%,-1.29%,"17,429,545"
AAMOM,1.23,0.85,3.61%,5.90%,12.91%,-3.68%,37.05%,63.19,62.07,1.59%,1.41%,0.18%,"9,426"
AAMP,1.16,13.76,-6.67%,-9.05%,0.34%,-13.58%,17.15%,31.77,494.82,0.50%,1.13%,-0.62%,"595,524"
AAMPG,-0.26,0.21,-7.92%,-24.10%,-20.36%,-69.44%,88.41%,33.80,3.09,-1.59%,-1.59%,0.00%,"711,210"
AAMPH,0.90,0.95,3.33%,13.47%,13.39%,-14.13%,52.30%,59.11,25.35,-1.78%,-0.98%,-0.81%,"530,991"
AAMPL,1.50,0.68,7.34%,16.32%,56.82%,-3.12%,159.53%,63.18,14.30,3.25%,1.20%,2.02%,"1,428,725"
AAMPU,-,0.27,-2.91%,-18.29%,-62.98%,-90.76%,16.67%,41.67,2.03,-2.40%,0.50%,-2.88%,"404,944"
AAMPX,2.34,0.61,-0.11%,-5.26%,-28.54%,-60.33%,24.64%,45.68,9.61,-0.72%,-0.10%,-0.62%,"5,325,040"
AAMPY,0.08,0.17,-3.98%,-1.98%,-11.47%,-35.49%,20.00%,45.79,4.38,4.04%,3.79%,0.24%,"493,060"
AAMR,0.85,10.09,-10.99%,-6.21%,-10.22%,-32.91%,27.42%,39.57,170.29,1.23%,2.15%,-0.90%,"304,175"
AAMRC,2.62,1.27,-7.04%,-9.46%,-23.74%,-53.26%,14.29%,41.22,21.00,1.40%,1.69%,-0.29%,"588,072"
AAMRN,0.77,0.39,-6.74%,-8.46%,-12.63%,-39.14%,-1.85%,29.70,12.72,-2.15%,-2.15%,0.00%,"77,327"
AAMRO,-,-,-,-,-,-,-,-,-,-,-,-,0
AAMRX,1.22,0.80,7.93%,9.84%,34.08%,-5.22%,109.94%,63.13,20.07,-0.35%,-0.30%,-0.05%,"3,936,370"
AAMRZ,0.20,1.13,-5.22%,-15.17%,-28.37%,-42.81%,1.03%,31.13,37.25,-0.37%,-0.40%,0.03%,"4,985,558"
AAMS,0.29,0.05,-0.95%,-3.08%,-15.95%,-49.11%,14.40%,46.57,1.43,0.70%,0.00%,0.70%,"7,688"
AAMSC,3.33,1.37,0.23%,-2.01%,-17.26%,-58.15%,18.62%,47.85,29.50,1.34%,0.85%,0.48%,"664,979"
AAMSF,0.25,0.62,-3.56%,-10.88%,-26.79%,-44.68%,2.07%,28.00,23.68,0.21%,-0.21%,0.42%,"494,703"
AAMSS,-,0.11,-35.63%,-51.39%,-75.36%,-97.46%,-1.93%,25.36,0.43,-8.91%,-8.99%,0.08%,"559,765"
AAMST,0.99,0.07,-7.96%,-6.90%,-35.10%,-75.56%,23.79%,36.22,0.95,-3.74%,-4.68%,0.99%,"58,626"
AAMT,0.88,3.88,-6.72%,-6.87%,-8.99%,-17.86%,0.62%,29.66,161.06,-1.61%,-1.56%,-0.04%,"2,649,223"
AAMTB,0.81,0.79,0.09%,0.82%,21.39%,-4.05%,87.96%,52.84,29.36,2.41%,3.16%,-0.73%,"425,738"
AAMTD,0.58,0.05,4.51%,2.67%,-17.75%,-53.08%,10.60%,56.04,0.77,-0.76%,-0.10%,-0.65%,"15,780"
AAMTM,0.31,0.62,-5.07%,-11.48%,-27.87%,-51.51%,3.30%,36.16,18.48,1.99%,1.43%,0.55%,"1,724,508"
AAMTX,1.82,0.13,-8.80%,-4.05%,-12.19%,-54.47%,33.08%,42.44,1.73,-2.81%,-2.81%,0.00%,"780,985"
AAMUB,0.54,0.33,-4.66%,-5.60%,0.83%,-10.44%,23.99%,28.45,21.89,0.84%,0.00%,0.84%,38
AAMUN,-,0.05,-0.36%,-0.41%,-0.49%,-1.41%,0.23%,28.60,25.93,-0.21%,-0.08%,-0.13%,"10,339"
AAMUU,10.11,19.07,19.41%,38.15%,103.66%,-6.80%,689.86%,65.47,284.10,1.28%,1.35%,-0.07%,"33,703"
AAMWL,1.68,0.70,-3.48%,2.78%,58.84%,-9.65%,245.55%,48.11,12.82,-5.60%,-5.04%,-0.59%,"116,282"
AAMX,0.54,0.49,-7.65%,-11.52%,-14.21%,-27.16%,5.20%,17.83,20.73,-2.17%,-1.85%,-0.33%,"3,040,765"
AAMYY,1.13,0.21,0.55%,-2.56%,-17.78%,-48.67%,4.20%,46.98,13.62,0.59%,0.44%,0.16%,"35,297"
AAMZA,0.70,0.97,-3.99%,-3.80%,3.55%,-7.54%,25.41%,37.19,47.67,2.01%,1.23%,0.77%,"30,075"
AAMZD,-1.22,0.19,1.29%,2.19%,-7.42%,-25.32%,15.06%,54.61,8.79,0.46%,1.50%,-1.03%,"11,638,249"
AAMZE,1.74,0.03,-49.22%,-68.22%,-95.60%,-99.67%,4.92%,20.71,0.07,0.00%,0.00%,0.00%,0
AAMZG,-,0.63,-3.50%,-8.27%,-7.83%,-27.71%,13.44%,42.65,14.43,-0.62%,-1.97%,1.38%,"30,991"
AAMZN,1.46,5.66,-1.50%,-3.11%,2.91%,-13.57%,26.65%,44.20,248.23,-0.37%,-1.34%,0.99%,"33,243,918"
AAMZO,-,0.57,2.84%,3.29%,-9.89%,-46.19%,31.56%,54.25,14.84,0.88%,2.70%,-1.77%,"5,686"
AAMZP,1.54,0.53,-2.05%,-5.34%,-6.78%,-21.79%,12.38%,42.07,24.85,-0.58%,-1.48%,0.92%,"4,765"
AAMZU,2.52,1.59,-3.88%,-8.38%,-4.43%,-28.45%,37.45%,42.31,33.73,-0.72%,-2.82%,2.16%,"2,175,091"
AAMZW,2.20,0.90,-3.26%,-7.30%,-11.84%,-34.60%,5.07%,39.49,34.01,-0.86%,-2.52%,1.71%,"12,222"
AAMZY,0.93,0.18,-1.41%,-4.21%,-11.66%,-33.91%,3.17%,41.58,10.25,-0.10%,-0.39%,0.29%,"162,991"
AAMZZ,3.43,1.43,-3.50%,-7.74%,-2.30%,-26.70%,42.27%,43.18,31.60,-1.15%,-2.70%,1.59%,"60,691"
AAN,0.81,7.55,-10.10%,-16.54%,-17.03%,-30.03%,7.94%,33.66,164.99,4.80%,4.27%,0.51%,"805,631"
AANAB,0.91,2.44,-9.21%,-11.76%,-0.15%,-32.79%,147.48%,28.64,48.63,-3.24%,-2.62%,-0.64%,"512,334"
AANDE,0.65,2.04,-5.11%,-4.79%,-3.79%,-20.24%,66.94%,38.02,65.49,-0.32%,0.15%,-0.47%,"326,900"
AANDG,-,2.37,5.01%,11.31%,60.91%,-0.45%,216.56%,62.04,57.36,5.44%,4.88%,0.53%,"1,270,352"
AANEL,6.04,1.70,4.30%,8.60%,38.43%,-13.08%,142.51%,55.16,27.59,0.17%,0.32%,-0.15%,"44,174"
AANET,1.60,7.07,2.73%,6.06%,29.01%,-4.84%,78.56%,57.42,204.49,0.44%,-0.10%,0.54%,"4,107,696"
AANEW,1.02,0.34,-0.89%,-0.01%,6.06%,-2.99%,21.07%,44.93,53.58,-0.73%,0.00%,-0.73%,15
AANF,1.01,5.69,-2.21%,9.84%,34.57%,-12.15%,108.34%,54.04,136.36,1.24%,1.28%,-0.04%,"1,136,269"
AANGH,1.07,0.22,-1.94%,0.90%,4.41%,-54.75%,58.67%,47.87,3.57,-5.09%,0.00%,-5.09%,"1,204"
AANGI,1.71,0.34,12.76%,14.34%,-21.55%,-64.46%,37.55%,64.53,5.86,1.74%,0.17%,1.56%,"662,946"
AANGL,0.44,0.14,-2.73%,-3.90%,-5.12%,-7.27%,-0.70%,15.42,27.61,-0.72%,0.15%,-0.86%,"1,734,891"
AANGO,0.30,0.51,-1.88%,-1.58%,21.27%,-7.18%,61.02%,43.26,15.12,-1.69%,-1.56%,-0.13%,"685,132"
AANGU,-,0.19,-0.01%,-0.13%,-0.13%,-1.56%,1.82%,49.34,25.32,0.11%,0.13%,-0.02%,"12,105"
AANGX,-0.21,0.31,-14.43%,-7.13%,11.84%,-57.06%,106.85%,37.97,4.23,-9.42%,-9.23%,-0.21%,"2,635,774"
AANIK,0.21,0.75,-6.15%,-4.25%,29.67%,-15.38%,123.26%,37.34,19.36,-1.53%,-0.97%,-0.56%,"111,909"
AANIP,0.50,2.29,-0.44%,-3.29%,-7.13%,-24.78%,4.86%,45.64,72.96,0.43%,0.58%,-0.15%,"316,691"
AANIX,0.48,0.17,-1.28%,-13.34%,-7.83%,-49.24%,19.40%,41.41,2.77,-5.46%,-5.46%,0.00%,"290,391"
AANL,1.11,1.01,1.73%,10.66%,53.33%,-8.64%,1693.76%,55.94,15.76,-1.50%,-1.50%,0.00%,"124,785"
AANNA,-1.60,0.19,-12.28%,-8.17%,-22.06%,-75.19%,14.29%,38.81,2.64,0.19%,-1.49%,1.71%,"83,794"
AANNX,1.33,0.26,-1.00%,-13.80%,-23.14%,-42.62%,62.20%,43.69,4.12,-2.60%,-1.44%,-1.18%,"3,919,070"
AANPA,1.30,0.29,-15.76%,-40.76%,-87.55%,-98.86%,11.35%,32.47,2.06,8.99%,1.00%,7.92%,"14,221"
AANRO,1.34,1.85,-16.38%,-18.19%,6.89%,-32.47%,532.75%,26.49,25.31,-0.86%,-0.75%,-0.12%,"575,818"
AANTA,2.30,0.39,-21.03%,-27.72%,-63.34%,-81.48%,24.88%,34.45,2.56,-2.29%,-0.78%,-1.53%,"17,209"
AANTW,-,0.56,-0.30%,0.79%,0.79%,-5.66%,6.24%,48.59,24.85,0.36%,-0.20%,0.57%,"68,169"
AANTX,-0.98,0.38,5.85%,2.13%,49.74%,-21.84%,462.00%,58.62,5.62,5.64%,6.24%,-0.56%,"509,439"
AANV,-,0.16,0.35%,0.38%,1.53%,-1.49%,5.10%,55.33,25.50,-0.25%,-1.03%,0.78%,"25,431"
AANVS,1.23,0.10,-4.96%,-25.02%,-46.48%,-78.73%,12.50%,37.01,1.17,-7.87%,-7.87%,0.00%,"1,201,845"
AAOA,0.77,0.76,-0.99%,-1.06%,2.78%,-2.82%,13.17%,42.09,97.21,-0.06%,-0.09%,0.03%,"205,636"
AAOCT,0.18,0.07,0.83%,1.11%,3.12%,0.32%,7.27%,76.80,27.90,0.40%,0.25%,0.14%,"223,468"
AAOD,0.91,0.14,-3.52%,-4.58%,-1.47%,-7.28%,14.84%,31.38,10.06,-0.98%,-0.98%,0.00%,"462,080"
AAOHY,0.21,0.06,-2.06%,-2.87%,-3.59%,-5.40%,-0.09%,15.63,10.66,-0.09%,0.76%,-0.84%,"71,284"
AAOK,0.45,0.21,-1.00%,-1.62%,-1.17%,-3.00%,2.71%,37.16,40.38,0.12%,0.47%,-0.35%,"362,627"
AAOM,0.51,0.28,-0.99%,-1.39%,-0.22%,-2.77%,4.66%,38.89,48.77,0.06%,0.25%,-0.18%,"728,310"
AAOMR,1.25,0.22,-7.52%,-13.29%,-15.61%,-24.27%,0.14%,26.83,7.27,-0.41%,-0.27%,-0.14%,"179,382"
AAON,0.69,7.70,-6.50%,-16.59%,-16.94%,-27.83%,2.58%,27.51,275.95,-0.30%,-0.55%,0.26%,"2,009,656"
AAOR,0.64,0.47,-0.97%,-1.20%,1.32%,-2.78%,8.86%,40.76,68.53,0.01%,0.19%,-0.18%,"696,092"
AAORT,1.22,0.97,-8.89%,-15.55%,-31.06%,-54.55%,14.46%,29.25,21.93,-3.90%,-4.11%,0.22%,"501,699"
AAOS,1.11,1.36,-1.94%,-5.87%,-12.03%,-30.78%,4.63%,39.31,56.67,0.53%,0.93%,-0.39%,"2,114,205"
AAOSL,2.64,1.39,10.00%,1.89%,-3.99%,-46.93%,69.55%,57.99,28.84,4.87%,4.76%,0.11%,"464,544"
AAOTG,1.45,1.00,1.86%,5.08%,16.58%,-1.98%,50.25%,58.46,67.93,0.84%,0.78%,0.06%,"1,626"
AAOUT,0.15,0.79,2.13%,19.44%,51.34%,-9.32%,156.26%,59.24,16.04,-0.99%,-0.99%,0.00%,"159,972"
AAP,1.37,0.44,5.76%,3.43%,7.59%,-29.82%,413.60%,56.32,8.99,1.58%,1.35%,0.23%,"122,269"
AAPA,0.42,1.54,-1.25%,4.60%,22.97%,-8.64%,100.37%,51.76,43.34,4.33%,4.80%,-0.45%,"6,931,070"
AAPAC,-,0.01,0.32%,0.78%,1.83%,0.00%,4.04%,67.60,10.27,0.00%,0.00%,0.00%,"392,025"
AAPAM,1.68,0.96,-3.49%,-9.79%,-7.36%,-21.18%,6.60%,34.60,36.20,0.22%,0.56%,-0.33%,"1,246,061"
AAPC,-,0.71,-14.91%,-19.39%,-20.60%,-30.80%,3.66%,22.95,15.03,1.14%,1.14%,0.00%,"237,253"
AAPCB,0.21,0.13,-1.16%,-2.17%,-4.07%,-6.57%,0.27%,29.74,28.15,0.16%,0.39%,-0.23%,"58,594"
AAPD,0.76,5.80,-4.91%,-7.69%,-4.27%,-13.19%,19.30%,29.90,273.33,-1.76%,0.20%,-1.96%,"1,568,734"
AAPDB,-,0.15,-0.01%,0.49%,1.31%,-3.66%,3.52%,50.53,26.22,0.11%,0.00%,0.11%,12
AAPEI,1.41,1.84,-0.30%,-5.62%,-11.22%,-29.60%,43.58%,47.18,43.36,2.80%,1.88%,0.90%,"405,608"
AAPG,1.58,1.14,4.76%,0.23%,-4.44%,-19.96%,19.36%,59.50,40.01,3.65%,3.49%,0.16%,"3,533,922"
AAPH,1.24,2.80,4.90%,5.79%,15.72%,-4.02%,45.19%,61.41,85.67,1.63%,0.79%,0.83%,"11,889,413"
AAPHG,-,0.70,9.38%,9.17%,7.75%,-14.42%,40.58%,60.05,16.05,3.51%,3.77%,-0.26%,"2,949"
AAPHU,-,1.24,8.92%,8.85%,18.82%,-14.32%,87.72%,59.97,27.22,3.18%,0.81%,2.35%,"3,532"
AAPI,0.75,0.13,-0.13%,-1.19%,0.34%,-24.66%,31.85%,48.17,4.14,-0.96%,-0.96%,0.00%,"74,630"
AAPIE,0.72,0.46,-1.99%,-2.47%,1.07%,-4.90%,12.44%,38.31,38.23,-0.62%,-0.65%,0.03%,"45,318"
AAPLD,6.00,1.64,-7.53%,-11.53%,-24.73%,-52.37%,27.12%,41.19,24.16,-0.86%,-1.15%,0.29%,"17,333,511"
AAPLE,0.92,0.31,3.82%,1.71%,15.95%,-5.27%,50.88%,60.97,16.37,1.30%,1.61%,-0.31%,"2,382,798"
AAPLM,1.54,1.90,-3.11%,4.25%,24.22%,-44.76%,132.53%,48.57,23.27,-6.75%,1.16%,-7.81%,"1,165"
AAPLU,0.10,0.14,-1.58%,-2.75%,-4.93%,-8.54%,0.91%,31.64,23.41,0.47%,0.60%,-0.13%,"39,377"
AAPLX,11.15,1.06,-16.96%,-28.09%,-65.65%,-88.82%,3.31%,39.36,6.71,-2.19%,-2.04%,-0.15%,"3,804,312"
AAPLY,0.65,0.20,-1.77%,-1.61%,-4.99%,-18.37%,4.98%,43.11,11.60,-1.40%,0.17%,-1.57%,"58,334"
AAPLZ,-,2.57,9.71%,5.53%,-49.51%,-84.69%,112.96%,54.18,24.00,1.92%,1.70%,0.21%,"122,130"
AAPMC,-,0.01,0.08%,0.41%,0.42%,-0.30%,0.91%,59.16,9.97,0.00%,0.10%,-0.10%,"36,533"
AAPMD,-,2.85,-11.16%,-15.91%,-15.91%,-36.13%,39.83%,42.66,22.54,2.88%,2.64%,0.23%,"747,560"
AAPMI,-,0.83,28.56%,13.31%,4.30%,-35.71%,61.18%,66.23,17.68,6.94%,0.49%,6.42%,496
AAPMU,0.19,0.10,-0.83%,-1.95%,-3.50%,-7.41%,1.28%,35.32,24.07,0.44%,0.15%,0.29%,"13,808"
AAPNAU,-,-,-,-,-,-,-,-,-,-,-,-,0
AAPO,1.58,3.98,-8.78%,-11.22%,-9.82%,-25.41%,14.85%,27.56,114.34,-1.48%,-1.75%,0.27%,"4,251,265"
AAPOC,0.23,0.09,0.30%,0.61%,1.50%,-0.86%,4.43%,71.49,26.66,0.08%,-0.15%,0.23%,"246,898"
AAPOG,1.10,1.09,-4.18%,-9.99%,-6.23%,-29.82%,16.13%,36.37,35.71,0.96%,0.96%,0.00%,"274,047"
AAPP,2.56,15.74,-10.62%,-15.61%,-38.61%,-61.88%,-3.12%,32.01,281.31,-3.14%,-3.33%,0.20%,"8,021,715"
AAPPC,-,0.83,-20.54%,-32.45%,-49.61%,-78.55%,-5.42%,31.91,8.46,-5.58%,-1.32%,-4.32%,"2,751"
AAPPF,0.89,7.86,-2.75%,-0.70%,9.90%,-26.46%,43.27%,46.42,204.24,1.86%,1.09%,0.75%,"187,584"
AAPPN,0.92,2.04,2.54%,7.56%,34.85%,-18.00%,102.74%,54.31,37.77,7.09%,3.56%,3.40%,"886,408"
AAPPS,3.03,0.85,2.03%,4.59%,65.16%,-24.68%,321.53%,52.75,11.55,4.05%,-0.77%,4.86%,"3,855,347"
AAPPX,7.24,1.34,-21.23%,-33.33%,-75.00%,-93.31%,-6.28%,31.26,10.14,-6.46%,-6.54%,0.09%,"4,708,467"
AAPRB,-,0.06,0.24%,0.76%,4.42%,-0.16%,10.83%,61.85,27.53,0.04%,0.27%,-0.23%,"2,649"
AAPRE,1.67,0.07,-5.71%,-0.52%,-8.35%,-57.19%,32.03%,44.13,0.72,-3.53%,-5.24%,1.80%,"779,689"
AAPRH,0.17,0.10,-1.69%,-1.56%,-1.06%,-3.05%,1.27%,16.64,24.79,-0.04%,0.20%,-0.24%,"4,094"
AAPRJ,0.12,0.07,-1.32%,-1.18%,-0.94%,-2.24%,0.67%,26.10,24.64,0.18%,0.18%,0.00%,"8,396"
AAPRP,0.45,0.08,0.23%,0.78%,5.87%,-0.22%,15.68%,57.71,33.39,0.03%,-0.02%,0.05%,"6,749"
AAPRT,0.59,0.10,0.23%,0.77%,6.06%,-0.22%,16.47%,58.07,47.03,0.04%,0.19%,-0.15%,237
AAPRW,0.35,0.06,0.16%,0.59%,4.12%,-0.13%,12.92%,59.80,37.85,-0.03%,0.02%,-0.06%,"41,646"
AAPRZ,0.71,0.31,-0.12%,-0.08%,4.21%,-2.11%,16.31%,48.53,40.42,0.04%,4.85%,-4.58%,"4,709"
AAPT,0.86,0.17,-2.30%,-2.44%,-0.14%,-32.40%,16.82%,45.45,5.07,-0.98%,-0.98%,0.00%,"15,416"
AAPTV,1.49,1.45,-1.28%,-8.25%,-25.71%,-43.98%,2.45%,43.51,43.97,2.21%,2.26%,-0.05%,"2,583,153"
AAPUE,1.01,0.38,-0.14%,-0.04%,6.29%,-2.26%,21.43%,48.70,47.08,0.21%,-0.06%,0.28%,"93,694"
AAPUR,-,0.01,0.26%,0.80%,0.80%,0.00%,1.62%,66.34,10.04,0.00%,0.00%,0.00%,906
AAPUS,-0.37,1.18,34.31%,0.64%,-68.23%,-93.13%,171.52%,51.71,4.10,-18.00%,-16.33%,-2.00%,"146,526"
AAPVO,1.68,0.15,-3.18%,-36.03%,-68.27%,-95.06%,28.47%,32.82,1.76,-3.30%,-3.31%,0.02%,"25,083"
AAPWC,0.61,0.06,-2.04%,-8.20%,-14.13%,-42.11%,4.35%,37.93,1.32,0.00%,0.00%,0.00%,"4,802"
AAPXM,0.04,0.04,0.15%,0.43%,2.32%,-0.08%,4.83%,60.05,32.15,-0.01%,0.00%,-0.01%,117
AAPXT,-,0.01,0.14%,0.26%,1.39%,-0.39%,2.84%,60.38,10.15,0.20%,0.10%,0.10%,"132,264"
AAPYX,1.45,0.20,-13.39%,-22.65%,-32.69%,-50.79%,21.36%,32.81,2.50,2.04%,1.63%,0.41%,"294,900"
AAQB,1.48,0.10,-14.27%,-19.86%,-8.69%,-69.15%,17.57%,34.27,0.91,-1.72%,-1.07%,-0.66%,"62,414"
AAQEC,-,0.19,-1.21%,-1.40%,1.55%,-4.18%,10.65%,41.81,25.46,-0.47%,-0.51%,0.04%,"18,527"
AAQLG,-,0.11,-1.20%,-1.48%,-0.32%,-3.82%,4.70%,39.70,25.95,-0.17%,0.00%,-0.17%,8
AAQLT,0.93,0.26,0.35%,0.40%,5.43%,-2.08%,19.49%,51.17,31.90,-0.05%,-0.37%,0.31%,"12,966"
AAQMS,0.32,0.19,-4.13%,-9.51%,-39.30%,-93.93%,10.65%,43.14,2.39,-3.24%,-3.23%,-0.01%,"32,949"
AAQN,0.77,0.10,-4.74%,-10.09%,-16.96%,-29.20%,2.44%,26.79,5.03,0.00%,0.80%,-0.80%,"4,688,000"
AAQST,1.48,0.24,-8.47%,-2.24%,2.15%,-41.19%,51.54%,40.55,4.44,-4.10%,-3.48%,-0.65%,"2,686,549"
AAQWA,0.87,0.18,-2.05%,-5.07%,-6.87%,-14.29%,-0.03%,30.50,17.93,-0.29%,0.17%,-0.46%,"6,247"
AAR,0.54,1.14,-6.56%,-7.08%,-6.31%,-25.62%,16.94%,38.19,34.03,1.92%,2.50%,-0.57%,"2,381,124"
AARAI,4.21,0.02,-6.74%,-11.20%,-77.72%,-96.86%,16.42%,42.65,0.22,-0.69%,-2.88%,2.26%,"380,429"
AARAY,1.42,0.03,7.14%,1.36%,-39.59%,-87.28%,24.22%,53.09,0.27,-1.07%,7.31%,-7.81%,"2,671,411"
AARB,0.07,0.18,-1.60%,-1.35%,-0.32%,-9.64%,3.71%,27.25,29.35,-1.97%,-2.00%,0.03%,"260,912"
AARBB,1.26,0.28,4.01%,5.80%,-5.96%,-56.89%,23.99%,53.33,4.60,4.07%,3.60%,0.45%,"5,252"
AARBE,1.16,0.05,-12.63%,-14.82%,-32.96%,-79.44%,7.27%,36.42,0.59,-4.52%,-4.52%,0.00%,"1,366,887"
AARBK,1.93,0.17,-15.09%,-19.98%,-32.63%,-98.90%,4.65%,23.51,2.25,-0.88%,1.81%,-2.64%,"7,677"
AARCB,1.70,4.81,-1.76%,-5.59%,8.46%,-26.64%,118.09%,44.61,129.61,1.70%,2.41%,-0.69%,"150,486"
AARCC,0.66,0.27,-1.60%,-1.97%,-0.17%,-9.37%,10.11%,41.96,19.16,0.31%,0.37%,-0.05%,"7,675,425"
AARCI,-,0.02,-0.15%,0.10%,1.00%,-0.98%,2.75%,49.32,10.10,0.20%,0.20%,0.00%,"48,821"
AARCL,-,0.02,0.10%,0.60%,0.63%,-0.25%,1.52%,54.94,10.00,0.29%,0.00%,0.29%,918
AARCM,0.01,0.06,-0.21%,-0.27%,-0.34%,-1.36%,0.55%,31.89,99.89,0.06%,0.07%,-0.01%,"1,544"
AARCO,0.49,0.21,-9.50%,-12.67%,-15.60%,-29.13%,5.66%,22.14,6.91,-3.36%,-2.68%,-0.70%,"6,639,244"
AARCP,-,0.08,-1.62%,-2.53%,-2.53%,-3.69%,0.02%,24.04,24.25,0.01%,0.14%,-0.14%,"26,044"
AARCT,2.48,1.23,-10.61%,13.52%,55.98%,-45.35%,140.18%,46.51,13.21,-3.51%,-2.08%,-1.46%,"497,333"
AARCX,6.21,1.19,-16.63%,-23.82%,-53.28%,-93.57%,17.59%,37.54,10.04,1.95%,1.95%,0.00%,"12,529"
AARDC,0.62,0.15,-3.57%,-5.87%,-9.16%,-18.41%,1.06%,23.62,11.48,-0.17%,-0.61%,0.43%,"109,274"
AARDT,0.72,0.38,-4.16%,-5.60%,5.71%,-33.79%,32.94%,39.79,10.25,-0.87%,0.29%,-1.16%,"333,155"
AARDX,0.68,0.13,-4.03%,-15.29%,-40.18%,-59.76%,2.11%,32.61,3.38,-1.17%,-2.31%,1.17%,"4,107,365"
AARE,1.17,1.80,-8.35%,-7.82%,-6.50%,-44.91%,19.34%,35.51,47.03,-0.91%,-0.34%,-0.57%,"3,204,024"
AAREC,1.17,0.12,-11.96%,-19.36%,-27.23%,-74.29%,23.93%,32.32,1.80,0.56%,0.00%,0.56%,"1,214,777"
AARES,1.55,4.49,-8.06%,-12.55%,-10.43%,-35.66%,21.68%,30.89,116.57,0.34%,0.05%,0.29%,"2,330,470"
AARGT,0.94,1.86,-8.57%,-9.28%,-8.91%,-18.88%,26.85%,22.41,84.34,-2.14%,-2.37%,0.24%,"150,678"
AARGX,0.45,24.65,-4.80%,-2.18%,10.00%,-12.75%,41.42%,39.28,936.00,-2.39%,-2.22%,-0.18%,"302,247"
AARHS,2.29,0.48,14.30%,12.96%,19.71%,-14.27%,77.20%,63.67,9.87,4.22%,5.11%,-0.84%,"2,416,397"
AARI,1.46,0.11,-3.07%,-5.78%,-9.80%,-16.35%,2.11%,32.55,6.28,1.29%,1.45%,-0.16%,"4,875,787"
AARIA,-,0.32,-1.36%,-0.11%,-0.11%,-4.28%,4.38%,47.51,25.61,0.23%,0.00%,0.23%,35
AARIS,0.76,0.90,-8.55%,-4.13%,-3.33%,-25.63%,97.94%,40.66,17.32,-0.46%,-0.40%,-0.06%,"2,390,598"
AARKB,2.14,0.75,4.31%,14.80%,14.30%,-33.20%,45.79%,65.06,28.05,1.30%,1.37%,-0.07%,"1,340,983"
AARKD,-,0.21,0.67%,3.75%,7.01%,-2.15%,18.65%,54.58,21.36,-0.49%,0.00%,-0.49%,61
AARKE,-,0.21,0.80%,3.86%,4.41%,-2.05%,12.96%,54.88,21.02,-0.39%,-0.35%,-0.03%,"2,515"
AARKF,2.01,1.07,-1.08%,2.76%,7.06%,-23.06%,27.16%,49.63,45.55,0.04%,0.11%,-0.07%,"100,320"
AARKG,1.70,1.82,6.21%,14.91%,50.91%,-3.85%,116.14%,64.63,53.17,-1.94%,-1.88%,-0.06%,"3,879,598"
AARKI,-,0.27,0.77%,4.29%,6.85%,-2.38%,18.00%,54.73,23.47,-0.52%,0.00%,-0.52%,121
AARKK,2.01,2.17,1.34%,7.11%,13.99%,-4.39%,40.73%,55.36,88.58,-0.58%,-0.85%,0.27%,"3,721,324"
AARKO,0.93,0.18,-6.26%,-21.57%,-32.27%,-53.06%,10.78%,31.44,4.11,-0.24%,0.00%,-0.24%,"617,761"
AARKQ,1.52,2.26,-0.77%,-0.74%,-2.48%,-15.92%,23.47%,46.17,121.43,0.15%,-0.32%,0.47%,"111,032"
AARKR,0.36,0.18,-1.58%,-11.55%,-26.67%,-51.05%,5.68%,43.41,4.65,3.22%,3.33%,-0.11%,409
AARKT,-,0.14,-0.05%,2.47%,5.38%,-7.30%,15.97%,52.18,19.87,-0.47%,0.00%,-0.47%,109
AARKW,2.01,3.09,0.54%,5.12%,12.91%,-12.30%,41.58%,54.20,160.50,0.22%,-0.56%,0.79%,"68,351"
AARKX,1.39,0.59,-0.64%,-1.42%,-1.43%,-15.62%,27.02%,45.22,31.97,0.22%,-0.22%,0.44%,"718,270"
AARKY,-,0.35,0.08%,0.33%,0.33%,-18.24%,2.15%,47.07,20.44,0.89%,0.84%,0.05%,"101,334"
AARL,0.72,0.82,5.12%,8.32%,4.99%,-31.59%,34.62%,56.44,16.72,3.21%,0.00%,3.21%,623
AARLI,-,0.17,-2.46%,-3.28%,-1.81%,-5.17%,3.61%,33.93,25.72,-0.88%,0.00%,-0.88%,10
AARLO,1.60,0.54,-3.48%,-6.44%,-5.42%,-35.96%,15.57%,43.96,12.77,2.98%,1.51%,1.45%,"1,383,766"
AARLP,0.31,0.50,-5.50%,-5.47%,-4.33%,-17.35%,5.83%,28.50,24.34,0.21%,-0.45%,0.66%,"625,671"
AARLU,0.83,0.19,-0.23%,-0.18%,3.74%,-2.21%,16.34%,47.63,32.33,-0.08%,0.22%,-0.30%,"1,136"
AARM,3.79,18.49,4.99%,10.19%,36.05%,-35.42%,192.28%,54.25,292.34,0.93%,-0.63%,1.56%,"3,278,976"
AARMA,-,1.50,6.47%,12.84%,2.13%,-48.83%,55.37%,51.73,14.83,2.85%,2.13%,0.70%,"8,378"
AARMG,7.01,2.73,5.07%,11.03%,19.52%,-67.55%,361.70%,51.47,21.40,1.86%,-0.74%,2.62%,"1,435,562"
AARMH,2.69,0.68,6.25%,12.01%,38.38%,-34.16%,192.88%,55.36,12.55,1.46%,0.64%,0.81%,"8,384"
AARMK,1.11,1.22,-3.08%,-5.07%,13.03%,-12.86%,55.66%,39.69,54.59,1.94%,1.89%,0.06%,"2,737,495"
AARMP,1.41,0.47,-25.88%,-29.95%,-54.78%,-79.74%,12.59%,31.04,3.31,-9.81%,-9.81%,0.00%,"76,414"
AARMS,-,0.07,-1.41%,-2.09%,-2.09%,-3.00%,0.16%,26.01,24.46,0.13%,0.04%,0.09%,"10,044"
AARMW,-,3.45,3.51%,4.52%,4.64%,-55.41%,97.24%,51.25,45.82,1.26%,0.68%,0.57%,"59,675"
AARMY,0.59,0.43,-3.02%,-8.96%,-10.44%,-20.91%,8.32%,27.61,22.90,-1.03%,-0.94%,-0.09%,"20,230"
AAROC,0.91,0.98,-2.80%,-6.88%,-9.73%,-27.97%,32.95%,40.79,30.42,0.43%,0.83%,-0.40%,"1,371,857"
AAROW,0.74,0.84,-2.35%,-3.76%,2.44%,-12.72%,44.01%,41.00,37.27,1.14%,1.36%,-0.22%,"97,209"
AARP,0.50,0.20,-0.72%,0.68%,4.04%,-1.76%,12.81%,47.37,34.07,0.07%,0.47%,-0.40%,"31,361"
AARQ,2.09,0.12,-9.29%,-10.63%,-28.32%,-74.37%,22.73%,36.12,1.89,-4.30%,-4.55%,0.25%,"202,146"
AARQQ,2.79,1.74,10.45%,13.94%,26.37%,-61.37%,107.90%,58.81,23.95,-0.46%,-0.21%,-0.25%,"130,120"
AARQT,1.58,1.27,-0.42%,-1.74%,0.26%,-20.40%,34.59%,47.58,25.29,-4.31%,-3.10%,-1.25%,"1,637,458"
AARR,1.40,0.33,-7.81%,-12.82%,-18.74%,-28.48%,0.36%,19.46,13.81,-0.14%,-0.22%,0.07%,"5,049,294"
AARRY,1.81,0.23,-7.79%,-17.51%,-48.24%,-68.19%,3.46%,35.94,3.89,-3.47%,-3.95%,0.50%,"6,369,531"
AARTC,-,0.02,0.32%,0.45%,1.12%,-0.05%,2.40%,57.49,10.02,0.00%,0.01%,-0.01%,"25,046"
AARTL,-0.07,1.17,-22.52%,-37.05%,-85.12%,-97.86%,11.01%,39.48,3.83,-5.20%,-5.20%,0.00%,"93,018"
AARTNA,0.33,0.68,-5.04%,-5.55%,-0.81%,-10.87%,8.07%,30.32,32.96,-0.72%,-1.20%,0.48%,"47,300"
AARTV,2.41,0.55,-22.59%,-33.39%,-13.70%,-53.27%,150.55%,21.80,6.79,-4.63%,-4.50%,-0.14%,"444,372"
AARTW,1.06,0.17,-3.50%,5.94%,17.69%,-28.05%,46.35%,48.15,3.00,-3.84%,-0.66%,-3.21%,"1,260"
AARTY,1.52,1.72,3.40%,7.19%,26.77%,-3.34%,82.89%,60.11,79.12,1.02%,0.41%,0.61%,"259,364"
AARVN,1.81,0.36,-10.11%,-13.89%,-26.89%,-48.79%,6.60%,32.11,7.43,-3.94%,-4.01%,0.06%,"807,321"
AARVR,1.18,0.56,1.14%,2.97%,11.86%,-1.48%,36.99%,56.06,58.36,0.73%,0.77%,-0.04%,525
AARW,1.17,7.36,4.80%,7.77%,29.01%,-2.40%,127.56%,62.15,231.63,2.04%,2.24%,-0.19%,"471,934"
AARWG,-,0.26,0.31%,-0.76%,3.04%,-5.39%,17.15%,50.60,25.88,1.39%,1.11%,0.27%,"1,951"
AARWR,1.30,3.34,-11.19%,-20.27%,-10.64%,-32.15%,88.45%,30.87,64.79,-1.01%,-0.32%,-0.69%,"1,522,235"
AARX,0.08,0.17,-0.26%,11.81%,35.25%,-0.85%,114.92%,69.16,19.73,0.00%,0.10%,-0.10%,"963,963"
AARXS,-,2.39,-6.49%,-8.96%,5.20%,-22.73%,43.35%,36.49,47.52,-3.79%,-3.59%,-0.20%,"1,885,687"
AAS,2.03,0.93,-1.54%,-13.02%,-21.93%,-36.67%,3.75%,39.24,27.08,-0.77%,-0.44%,-0.33%,"4,303,772"
AASA,0.77,2.22,-5.32%,-4.21%,-10.29%,-33.20%,28.66%,41.23,55.58,-0.30%,0.60%,-0.90%,"49,984"
AASAN,1.19,0.62,-1.97%,-1.32%,5.96%,-42.31%,65.99%,48.32,8.93,5.93%,2.06%,3.80%,"7,387,769"
AASB,0.81,0.57,-3.16%,-5.95%,1.23%,-11.52%,20.37%,35.73,28.72,0.24%,0.88%,-0.63%,"2,442,143"
AASBH,-,0.80,-1.01%,-1.01%,-1.01%,-7.40%,7.80%,-,17.83,-0.34%,0.17%,-0.50%,"155,797"
AASBP,0.17,0.61,-5.84%,1.20%,-72.55%,-98.56%,145.39%,46.77,8.12,-2.75%,-3.68%,0.96%,"23,055"
AASC,0.09,0.64,4.53%,8.54%,22.55%,-3.87%,86.71%,64.32,19.25,3.16%,4.05%,-0.86%,"709,052"
AASCE,0.79,0.50,-2.08%,-3.62%,5.66%,-8.84%,34.30%,40.13,33.10,1.04%,0.98%,0.06%,"713,977"
AASCI,-,0.33,-1.22%,-1.17%,0.74%,-5.39%,12.55%,43.32,36.13,-0.78%,-0.06%,-0.72%,"3,024"
AASD,-,0.19,-2.83%,-3.73%,-1.87%,-7.45%,7.35%,32.54,26.40,-1.90%,-1.88%,-0.02%,"2,963"
AASEA,0.42,0.22,-2.32%,-2.26%,4.05%,-5.26%,24.18%,39.59,20.90,-0.29%,-0.05%,-0.24%,"14,818"
AASEC,-,0.05,-0.49%,-1.11%,-1.37%,-2.87%,0.00%,26.09,49.19,0.00%,0.00%,0.00%,11
AASG,1.18,0.06,-0.07%,-2.45%,-2.89%,-11.25%,10.99%,44.17,5.05,0.00%,0.20%,-0.20%,"228,611"
AASGI,0.86,0.49,-6.53%,-15.42%,-17.01%,-26.10%,0.63%,27.44,19.02,-1.55%,-1.55%,0.00%,"298,202"
AASGM,0.88,0.29,-0.29%,1.73%,8.87%,-1.96%,34.41%,51.69,32.95,0.89%,1.17%,-0.28%,"9,058"
AASH,0.40,1.78,-2.01%,-4.21%,9.70%,-12.32%,45.61%,40.25,68.61,1.02%,2.02%,-0.99%,"564,400"
AASHR,0.35,0.32,-2.19%,-3.87%,-4.39%,-12.27%,4.60%,36.41,32.75,0.24%,0.68%,-0.43%,"4,794,291"
AASHS,0.50,0.51,-2.95%,-4.02%,-5.89%,-16.99%,16.83%,37.83,40.41,0.20%,0.57%,-0.37%,"1,482"
AASIA,0.91,0.47,-0.06%,0.90%,4.92%,-12.61%,29.03%,50.01,41.48,0.19%,0.08%,0.12%,420
AASIC,-0.56,0.94,-1.53%,3.21%,22.71%,-7.76%,63.61%,51.11,26.75,4.70%,4.33%,0.35%,"85,046"
AASIX,1.34,0.61,-2.94%,-8.28%,-18.68%,-40.22%,13.33%,40.90,15.98,0.38%,1.08%,-0.69%,"332,162"
AASLE,0.38,0.15,-8.15%,-12.68%,-23.28%,-41.72%,-4.12%,26.10,5.00,-4.58%,-4.03%,-0.57%,"435,286"
AASLV,0.62,0.20,-1.82%,-3.09%,0.78%,-5.65%,11.13%,34.77,29.74,-0.22%,0.17%,-0.39%,"6,441"
AASM,1.79,0.33,-13.34%,-16.21%,-21.42%,-54.04%,36.05%,34.16,5.51,-0.72%,-0.90%,0.18%,"2,438,258"
AASMB,1.16,1.38,-16.09%,-20.54%,-19.16%,-42.12%,5.44%,26.48,22.98,-2.17%,-0.86%,-1.32%,"350,803"
AASMF,0.23,0.20,1.74%,4.09%,6.72%,-2.05%,19.39%,67.78,27.43,-0.05%,-0.38%,0.33%,537
AASMG,2.86,2.49,10.76%,7.65%,19.60%,-24.54%,146.24%,58.39,49.67,-0.27%,0.56%,-0.82%,"28,078"
AASMH,1.03,0.30,7.82%,7.70%,20.84%,-7.36%,97.12%,63.87,12.62,0.56%,0.48%,0.08%,"7,328"
AASML,1.77,49.94,5.71%,5.13%,17.52%,-9.57%,93.34%,59.58,1808.49,-0.18%,0.52%,-0.69%,"1,406,582"
AASMU,-,1.67,10.40%,7.28%,12.70%,-24.56%,73.29%,57.99,32.44,-0.15%,0.71%,-0.86%,"25,142"
AASMZ,-,0.75,10.86%,7.88%,4.50%,-24.01%,30.77%,57.84,21.28,-0.30%,0.53%,-0.82%,390
AASND,0.37,8.64,-7.09%,-8.78%,-3.47%,-19.44%,22.17%,37.23,227.31,-0.23%,-0.32%,0.09%,"805,980"
AASO,0.98,1.85,-2.66%,0.15%,-8.78%,-23.37%,15.89%,48.18,47.85,-0.50%,0.50%,-1.00%,"903,853"
AASPC,-0.03,0.14,0.15%,0.48%,-9.45%,-82.98%,5.73%,50.98,10.89,0.74%,0.83%,-0.09%,"8,289"
AASPI,3.70,0.24,-16.48%,-27.34%,-48.67%,-81.37%,7.57%,30.66,2.70,1.89%,1.89%,0.00%,"5,498,863"
AASPN,3.06,0.30,8.72%,6.82%,25.66%,-40.52%,141.74%,59.04,5.56,1.46%,-0.71%,2.19%,"1,072,773"
AASPS,0.19,0.36,7.69%,9.91%,-1.70%,-57.03%,43.49%,57.80,6.17,-7.77%,-5.51%,-2.39%,"33,458"
AASR,0.49,6.47,-6.05%,-10.54%,-24.46%,-39.35%,-1.42%,25.47,231.39,-1.62%,-1.77%,0.15%,"105,868"
AASRV,0.43,0.23,-6.27%,-6.69%,13.18%,-17.31%,55.59%,41.01,4.45,-3.47%,-3.68%,0.22%,"9,900"
AASST,13.24,1.81,5.54%,45.97%,94.88%,-45.05%,328.92%,70.43,30.11,2.38%,2.62%,-0.24%,"4,548,512"
AASSX,-,2.77,3.24%,3.24%,3.24%,-12.30%,12.04%,-,28.01,4.75%,5.50%,-0.71%,"28,488"
AASTC,4.91,0.62,5.72%,0.25%,6.21%,-89.21%,287.99%,52.35,7.43,-1.07%,-3.13%,2.13%,"19,170"
AASTE,1.33,1.35,-2.00%,-8.24%,-21.01%,-38.07%,2.43%,39.95,40.68,1.09%,1.70%,-0.60%,"267,634"
AASTG,-,0.94,-14.22%,-23.92%,-34.83%,-69.30%,-0.82%,40.07,6.61,-5.97%,-9.08%,3.41%,"70,255"
AASTH,1.03,1.79,-4.05%,-6.15%,7.05%,-32.34%,93.09%,42.54,34.91,-1.86%,-1.97%,0.11%,"266,857"
AASTI,1.77,0.20,-18.76%,-23.64%,-50.47%,-76.70%,64.29%,29.53,2.30,-8.73%,-8.37%,-0.40%,"789,466"
AASTL,1.65,0.22,-4.60%,-3.91%,-6.95%,-30.34%,36.09%,44.63,4.11,-1.44%,-0.96%,-0.48%,"439,916"
AASTN,-,2.45,8.74%,0.03%,-48.99%,-80.13%,57.59%,53.27,19.92,5.34%,7.33%,-1.85%,"293,478"
AASTS,2.71,4.10,-6.24%,-9.04%,-29.70%,-57.39%,15.68%,41.73,57.04,-3.09%,-3.84%,0.77%,"12,488,685"
AASTT,-,1.52,-13.66%,-22.46%,-31.99%,-66.93%,2.75%,40.56,14.61,-6.20%,0.00%,-6.20%,179
AASTX,3.66,1.46,-13.58%,-22.82%,-74.51%,-92.12%,2.27%,40.16,9.00,-6.25%,-7.60%,1.46%,"6,547,104"
AASTY,-,0.75,-14.40%,-24.10%,-56.22%,-88.81%,-0.23%,39.93,4.78,-6.82%,-9.13%,2.53%,"240,660"
AASUP,-,0.87,-14.11%,-23.38%,-55.32%,-88.47%,1.16%,39.98,6.13,-6.55%,-8.92%,2.59%,"28,867"
AASUR,0.55,0.30,-7.01%,-8.71%,-11.21%,-24.71%,12.94%,33.56,7.68,1.45%,1.72%,-0.26%,"180,135"
AASX,1.67,1.69,8.04%,15.22%,46.60%,-2.22%,309.23%,62.72,44.73,0.61%,1.03%,-0.42%,"6,320,518"
AASYS,2.09,0.75,13.95%,12.93%,8.43%,-32.90%,155.53%,67.40,17.25,2.80%,2.80%,0.00%,"214,105"
AAT,-,0.30,-0.82%,-0.82%,-0.82%,-5.16%,0.57%,-,20.13,-0.07%,-0.23%,0.16%,"5,522"
AATAT,0.67,0.96,-1.30%,-4.64%,-10.13%,-25.21%,4.92%,43.50,32.29,-1.01%,-1.10%,0.09%,"1,270,386"
AATC,-,0.45,3.85%,9.44%,11.16%,0.13%,25.98%,59.71,25.15,1.00%,0.10%,0.90%,335
AATCH,1.02,0.01,7.38%,7.31%,-9.90%,-67.21%,25.70%,57.66,0.20,0.25%,0.10%,0.15%,"1,465,084"
AATCL,-,0.14,-0.75%,-1.35%,-2.12%,-4.49%,3.59%,39.58,24.24,-0.37%,-0.45%,0.08%,"56,099"
AATCX,3.14,0.25,-9.92%,-11.86%,-49.15%,-94.04%,9.34%,35.04,2.81,-6.33%,-7.87%,1.67%,"114,280"
AATEC,0.78,0.45,-1.03%,2.64%,-14.48%,-57.49%,45.16%,49.69,9.90,-4.07%,-3.56%,-0.53%,"2,285,261"
AATEN,1.12,1.06,6.59%,1.57%,7.84%,-28.29%,67.07%,57.86,27.60,1.81%,0.66%,1.14%,"1,052,088"
AATER,1.21,0.08,-10.35%,13.07%,-22.49%,-67.40%,72.15%,47.17,0.61,3.92%,5.10%,-1.13%,"211,271"
AATEX,0.89,4.73,1.25%,-6.75%,39.71%,-27.01%,369.17%,47.78,82.48,5.07%,4.79%,0.27%,"267,718"
AATFV,1.33,0.64,1.38%,2.95%,10.07%,-3.11%,36.88%,56.32,40.70,0.03%,0.26%,-0.24%,"6,395"
AATGL,4.05,0.77,-3.85%,-24.61%,-64.76%,-89.40%,17.25%,41.84,5.30,-2.39%,-3.81%,1.47%,"2,527"
AATHE,0.27,0.30,-10.46%,-18.89%,-13.50%,-40.77%,31.20%,36.90,3.49,-4.38%,-1.13%,-3.29%,"23,200"
AATHM,0.27,0.62,-2.51%,-5.28%,2.81%,-28.51%,33.94%,37.95,20.86,-1.84%,-2.30%,0.47%,"288,322"
AATHR,6.19,0.46,4.54%,2.02%,-9.99%,-47.38%,93.05%,52.72,3.61,-3.73%,3.14%,-6.67%,"8,405"
AATI,0.99,7.77,-0.66%,-5.63%,14.71%,-21.53%,141.06%,46.68,191.14,0.92%,1.92%,-0.98%,"1,483,867"
AATII,0.34,0.03,0.19%,0.22%,0.36%,-6.23%,4.39%,54.57,10.69,0.09%,0.00%,0.09%,"28,347"
AATKR,1.69,0.39,0.44%,3.94%,25.97%,-0.04%,76.32%,73.44,94.77,0.02%,-0.05%,0.07%,"596,661"
AATLC,1.99,3.50,-3.08%,-7.31%,14.86%,-21.91%,87.98%,42.79,89.29,2.01%,2.62%,-0.59%,"80,582"
AATLO,0.30,0.72,-0.91%,0.57%,11.52%,-3.44%,62.22%,49.64,31.73,1.12%,2.21%,-1.07%,"18,505"
AATLQ,-,0.02,0.13%,0.33%,0.33%,-0.05%,0.96%,59.51,9.98,0.25%,0.05%,0.20%,"19,981"
AATLX,0.19,0.16,-15.08%,-17.82%,-40.91%,-70.18%,3.02%,31.56,2.46,-2.38%,-1.60%,-0.79%,"205,255"
AATMP,0.59,0.47,-3.96%,-4.84%,1.51%,-7.78%,26.59%,31.22,34.47,1.00%,1.74%,-0.73%,"28,923"
AATMU,1.20,1.39,-1.17%,-8.02%,-17.41%,-32.95%,4.67%,41.78,44.59,2.69%,2.98%,-0.28%,"793,567"
AATNI,0.64,0.99,-4.85%,-3.28%,5.44%,-16.07%,102.31%,38.72,28.04,0.79%,-0.57%,1.37%,"70,765"
AATNM,0.27,0.06,-4.01%,10.72%,0.58%,-33.91%,56.44%,50.90,1.15,2.68%,3.60%,-0.89%,"90,841"
AATO,0.57,2.21,-2.94%,-6.45%,-10.41%,-18.77%,0.89%,26.90,156.38,-0.04%,0.24%,-0.27%,"1,087,111"
AATOM,2.04,0.26,12.35%,0.86%,-12.60%,-62.07%,147.95%,57.86,4.69,7.57%,7.08%,0.46%,"949,468"
AATOS,1.28,0.18,-0.25%,-4.76%,-52.03%,-88.27%,33.53%,49.71,2.27,16.41%,15.82%,0.51%,"113,600"
AATPC,0.89,0.13,-10.83%,-14.80%,-33.05%,-97.25%,17.39%,29.60,2.02,-1.46%,-0.49%,-0.98%,"18,143"
AATR,0.34,2.35,-2.72%,-6.97%,-4.67%,-17.73%,17.09%,32.08,120.87,-0.24%,0.54%,-0.78%,"389,032"
AATRA,0.22,0.71,-8.29%,-5.34%,1.57%,-55.81%,115.82%,42.78,8.46,-0.47%,-3.09%,2.71%,"90,928"
AATRC,1.25,2.34,-4.91%,10.12%,47.76%,-13.14%,111.32%,48.02,53.59,-4.64%,-5.18%,0.57%,"1,971,105"
AATRO,1.24,3.16,-2.39%,-7.62%,6.05%,-27.61%,106.50%,42.69,68.38,1.42%,1.35%,0.07%,"594,494"
AATS,1.21,0.56,-5.41%,-13.85%,-34.85%,-49.66%,-0.06%,30.53,18.03,-0.11%,-0.28%,0.17%,"245,882"
AATTO,-,2.11,-16.14%,-15.17%,-15.17%,-36.46%,10.15%,37.53,17.79,3.79%,3.07%,0.70%,"530,815"
AATTR,-,0.19,0.28%,0.73%,3.10%,-0.23%,8.15%,59.41,95.94,-0.01%,0.04%,-0.05%,232
AATTT,-2.50,0.20,-7.05%,-8.12%,-19.61%,-69.69%,83.23%,40.80,2.57,-1.15%,-1.91%,0.77%,"11,893"
AATXG,1.65,0.29,-6.50%,-9.73%,-31.22%,-81.04%,14.36%,43.11,3.33,-9.81%,-2.41%,-7.59%,"12,850"
AATYR,0.91,0.03,-23.11%,-36.45%,-55.50%,-73.74%,8.12%,25.65,0.29,-2.94%,-3.57%,0.66%,"2,195,611"
AAU,0.74,3.69,-7.21%,-5.25%,-2.68%,-27.06%,50.60%,39.29,94.20,0.27%,-0.36%,0.63%,"1,728,346"
AAUAU,-,0.98,-7.97%,-4.82%,-4.69%,-25.82%,23.27%,38.38,37.37,-1.05%,-0.43%,-0.62%,"1,338"
AAUB,0.79,0.76,-1.84%,-5.64%,-0.99%,-11.81%,24.62%,38.58,38.47,1.37%,2.07%,-0.69%,"1,344,460"
AAUBN,0.45,0.55,-1.25%,-0.57%,3.78%,-8.93%,25.18%,46.69,26.30,0.19%,0.00%,0.19%,332
AAUC,0.21,0.83,14.92%,21.34%,26.01%,-16.82%,118.60%,58.84,9.05,-0.77%,-0.55%,-0.22%,"3,601"
AAUDC,1.02,0.35,7.54%,9.51%,20.53%,0.64%,57.27%,67.55,10.93,2.34%,2.44%,-0.09%,"183,419"
AAUGC,-,0.09,-0.11%,-0.13%,-0.13%,-0.98%,0.89%,48.26,25.31,-0.03%,0.00%,-0.03%,7
AAUGM,0.21,0.08,0.14%,0.27%,2.32%,-1.09%,5.65%,56.91,35.44,0.10%,0.24%,-0.14%,"6,527"
AAUGO,0.20,4.32,-7.25%,1.37%,8.62%,-28.53%,170.87%,43.41,78.85,0.22%,0.64%,-0.42%,"619,143"
AAUGP,0.49,0.13,0.10%,0.45%,5.25%,-3.03%,13.57%,52.75,34.01,0.03%,0.17%,-0.14%,"15,065"
AAUGT,0.65,0.18,-0.00%,0.32%,5.48%,-3.38%,14.72%,50.97,39.20,0.13%,0.33%,-0.20%,"2,990"
AAUGU,0.71,0.16,-0.15%,-0.04%,4.53%,-1.84%,14.92%,48.26,32.07,-0.07%,0.44%,-0.51%,"4,807"
AAUGW,0.42,0.13,0.14%,0.41%,3.81%,-4.28%,12.43%,54.02,34.77,0.06%,0.39%,-0.32%,666
AAUGZ,0.70,0.21,-0.06%,0.15%,4.51%,-2.02%,15.48%,49.44,46.00,0.05%,-0.09%,0.14%,"9,080"
AAUID,1.72,0.06,-9.80%,-25.93%,-65.01%,-88.49%,9.87%,40.79,0.38,-0.76%,-1.51%,0.76%,"229,861"
AAUMI,0.22,2.66,-7.08%,-4.15%,-4.31%,-26.79%,25.43%,40.58,90.99,-1.50%,-0.11%,-1.40%,"2,440"
AAUNA,0.62,0.14,-3.24%,-4.03%,-2.03%,-27.30%,21.76%,39.94,4.98,0.00%,0.00%,0.00%,"77,098"
AAUPH,1.61,0.42,-2.71%,-0.20%,2.53%,-17.14%,46.31%,43.20,15.95,-1.51%,-1.48%,-0.03%,"934,032"
AAUR,2.70,0.36,-10.69%,-11.87%,-0.17%,-35.55%,53.33%,37.57,5.52,-0.36%,-1.08%,0.72%,"21,461,106"
AAURA,0.41,0.31,-9.01%,-15.67%,-9.00%,-36.65%,27.70%,33.25,6.04,-3.82%,-5.03%,1.27%,"807,346"
AAURE,2.44,0.18,-16.84%,-28.95%,-50.55%,-92.53%,9.00%,33.76,1.09,-4.39%,3.15%,-7.31%,"172,047"
AAUSF,0.66,0.39,-3.33%,-5.00%,-1.39%,-7.65%,9.80%,23.34,48.75,0.08%,0.02%,0.06%,"60,937"
AAUSM,0.03,0.03,-0.55%,-0.82%,-1.11%,-2.82%,0.16%,20.14,24.80,0.04%,-0.02%,0.06%,"2,205"
AAUST,0.99,0.06,-13.10%,-15.80%,-31.95%,-75.25%,11.51%,29.54,0.97,-1.04%,-6.26%,5.57%,"62,782"
AAUTL,2.14,0.11,-5.77%,-8.40%,10.62%,-28.29%,57.45%,41.28,1.85,-4.64%,-4.64%,0.00%,"1,458,882"
AAUUD,0.44,0.13,10.40%,15.24%,-65.86%,-93.43%,50.66%,57.99,1.23,4.24%,1.65%,2.54%,"209,713"
AAUXX,1.25,0.34,-22.07%,-24.21%,-17.54%,-46.27%,131.88%,24.81,4.71,-3.29%,-3.88%,0.62%,"11,594"
AAV,-,0.24,-2.50%,-7.95%,-7.88%,-14.99%,0.89%,30.19,25.27,0.15%,0.50%,-0.35%,859
AAVA,0.21,0.61,-3.20%,-7.51%,-12.27%,-19.38%,1.65%,28.81,35.07,-0.06%,0.34%,-0.40%,"611,162"
AAVAH,1.95,0.52,-7.23%,2.58%,41.05%,-15.50%,109.61%,42.62,12.43,0.16%,0.32%,-0.16%,"2,276,548"
AAVAL,0.70,0.16,-7.67%,-8.88%,0.68%,-23.55%,46.75%,29.93,4.74,-1.66%,-1.04%,-0.62%,"174,395"
AAVAT,0.74,0.27,32.08%,124.44%,-72.72%,-83.16%,531.36%,63.43,1.80,-1.64%,2.27%,-3.83%,"881,179"
AAVAV,1.36,8.17,-7.14%,-11.45%,-30.44%,-66.42%,3.78%,37.20,140.31,-1.34%,-1.73%,0.39%,"1,272,385"
AAVAZ,-,1.46,38.47%,82.75%,83.50%,-12.11%,182.17%,67.97,18.48,3.08%,0.61%,2.45%,"11,885"
AAVBC,-0.44,0.41,-1.02%,-0.96%,9.18%,-5.40%,51.36%,46.73,21.66,0.28%,0.28%,0.00%,"140,153"
AAVBH,0.33,0.57,-1.60%,-3.16%,2.77%,-9.47%,28.78%,38.44,30.94,-0.15%,-0.03%,-0.11%,"71,156"
AAVBP,1.35,1.48,-1.63%,-3.50%,5.96%,-19.26%,70.18%,45.94,28.93,-4.46%,-3.53%,-0.96%,"591,789"
AAVD,1.50,0.12,-15.93%,-21.67%,-44.25%,-69.46%,0.86%,26.03,1.75,0.00%,1.16%,-1.14%,"571,918"
AAVDE,0.79,0.97,-2.94%,-3.43%,0.29%,-5.77%,15.74%,34.04,89.35,-0.84%,-0.43%,-0.41%,"3,617,602"
AAVDS,0.74,0.82,-2.34%,-2.01%,1.64%,-4.83%,19.60%,38.03,77.39,-0.95%,0.03%,-0.97%,"24,203"
AAVDV,0.79,1.30,-2.68%,-1.57%,2.95%,-5.21%,24.00%,37.96,108.06,-1.21%,-0.42%,-0.79%,"577,868"
AAVEE,0.74,0.73,-0.39%,0.95%,1.86%,-6.05%,12.53%,49.56,68.52,-0.09%,0.06%,-0.15%,"11,468"
AAVEM,0.75,1.33,-0.73%,0.82%,6.01%,-6.71%,28.95%,48.64,94.06,0.04%,0.13%,-0.09%,"1,959,506"
AAVES,0.72,0.80,-1.47%,-0.57%,1.50%,-6.17%,17.16%,44.33,64.80,-0.51%,0.02%,-0.52%,"66,281"
AAVEX,-,1.07,-12.00%,-19.11%,-33.07%,-66.63%,8.11%,32.90,14.13,-6.67%,-6.42%,-0.26%,"2,542,959"
AAVGB,0.14,0.12,-0.68%,-1.80%,-2.39%,-4.60%,0.25%,28.99,49.67,0.11%,0.32%,-0.21%,"2,194"
AAVGC,-,0.99,-6.35%,-17.63%,-19.20%,-37.42%,2.85%,38.44,19.89,-4.38%,-2.74%,-1.69%,"1,664"
AAVGE,0.94,0.87,-1.40%,-1.84%,3.77%,-4.15%,21.36%,39.86,98.54,0.20%,-0.02%,0.22%,"100,870"
AAVGG,6.02,1.35,-6.46%,-17.75%,-23.43%,-57.40%,17.86%,38.54,21.06,-4.31%,-4.96%,0.68%,"297,663"
AAVGO,1.48,10.66,-2.98%,-8.11%,-6.47%,-30.58%,18.51%,39.55,343.64,-2.15%,-2.42%,0.27%,"24,574,136"
AAVGU,5.94,1.70,-6.28%,-17.65%,-23.45%,-57.58%,17.09%,38.58,26.92,-4.23%,-4.78%,0.57%,"210,086"
AAVGV,0.81,0.81,-2.21%,-2.89%,2.69%,-5.08%,23.86%,34.71,84.52,0.19%,-0.04%,0.23%,"122,311"
AAVGW,3.18,1.09,-5.05%,-13.74%,-25.58%,-48.74%,1.04%,35.85,31.17,-2.87%,-3.50%,0.65%,"27,451"
AAVGX,4.01,2.35,-6.52%,-17.81%,-23.72%,-57.45%,16.99%,38.43,36.08,-4.47%,-4.75%,0.29%,"777,391"
AAVIE,0.48,0.49,-2.41%,-2.29%,4.73%,-5.55%,24.13%,31.58,77.48,0.21%,0.40%,-0.19%,"2,172"
AAVIG,0.29,0.18,-1.16%,-2.42%,-4.53%,-7.19%,0.47%,30.39,39.48,0.23%,0.46%,-0.23%,"1,210,704"
AAVIR,0.39,0.22,-4.46%,-1.90%,6.09%,-20.93%,83.45%,43.62,5.10,-2.11%,-1.16%,-0.96%,"408,661"
AAVIV,0.74,0.86,-3.55%,-3.84%,0.98%,-6.19%,18.70%,31.98,78.74,-1.12%,-0.46%,-0.67%,"96,002"
AAVK,1.34,0.18,-5.16%,-8.12%,-9.19%,-14.68%,5.16%,25.92,11.33,-1.13%,-0.87%,-0.26%,"118,056"
AAVL,3.99,2.24,-6.58%,-17.82%,-23.38%,-57.32%,18.24%,38.37,34.23,-4.25%,-4.86%,0.64%,"1,401,304"
AAVLC,1.02,0.98,-0.38%,-0.40%,6.14%,-4.39%,21.75%,48.00,90.64,0.41%,0.23%,0.18%,"82,933"
AAVLN,-,2.22,-15.00%,-17.75%,-11.22%,-31.74%,13.54%,33.61,27.42,-3.76%,-3.72%,-0.04%,"423,592"
AAVLV,0.95,0.76,-1.35%,-2.12%,5.21%,-4.33%,30.09%,39.97,91.19,0.83%,0.92%,-0.09%,"1,661,849"
AAVMA,0.67,0.48,-1.21%,-1.83%,1.48%,-3.60%,12.41%,38.15,71.85,0.18%,0.17%,0.01%,"9,077"
AAVMC,0.95,0.79,-1.27%,-3.34%,0.25%,-6.96%,15.32%,38.68,76.85,0.81%,0.51%,0.30%,"29,454"
AAVMU,0.26,0.33,-0.64%,-3.06%,-5.93%,-8.42%,2.27%,39.87,43.17,1.05%,0.44%,0.61%,"57,754"
AAVMV,0.95,0.75,-2.21%,-4.75%,-0.93%,-8.54%,16.53%,31.97,77.06,0.96%,1.10%,-0.14%,"32,730"
AAVNC,-,0.40,-0.29%,-0.29%,-0.29%,-1.59%,-0.59%,-,49.46,-0.59%,0.00%,-0.59%,23
AAVNM,0.68,0.90,-2.52%,-2.24%,1.84%,-4.98%,19.17%,37.72,82.41,-0.77%,-0.29%,-0.48%,"123,085"
AAVNT,1.30,1.10,-1.77%,-2.89%,7.82%,-13.08%,47.53%,42.63,40.54,0.72%,1.63%,-0.89%,"670,916"
AAVNV,0.63,0.79,-2.77%,-2.30%,1.67%,-5.33%,19.58%,37.03,83.77,-0.94%,-0.28%,-0.67%,"5,553"
AAVNW,0.68,0.75,0.88%,-1.53%,-5.56%,-25.50%,44.61%,50.03,20.13,0.40%,0.40%,0.00%,"70,771"
AAVO,0.44,0.44,-0.30%,-0.23%,-0.71%,-17.45%,27.31%,48.65,12.82,-2.21%,-2.14%,-0.08%,"1,157,565"
AAVOS,-,0.19,-2.72%,-3.30%,-0.19%,-5.56%,11.23%,33.15,26.58,-0.49%,0.00%,-0.49%,132
AAVPT,1.17,0.50,5.45%,6.21%,20.28%,-9.63%,59.37%,61.27,14.08,0.00%,-1.33%,1.35%,"4,456,155"
AAVR,1.87,0.36,-6.92%,-10.35%,5.20%,-31.16%,130.61%,36.42,7.61,-2.06%,-1.68%,-0.39%,"1,170,682"
AAVRE,0.90,0.44,-3.60%,-6.97%,-5.38%,-11.56%,2.30%,20.55,43.97,-0.86%,-0.27%,-0.59%,"605,491"
AAVRY,-,0.33,-0.82%,-1.36%,4.80%,-6.41%,22.62%,47.44,25.01,0.91%,0.00%,0.91%,105
AAVS,-1.49,0.23,2.54%,7.33%,-1.28%,-23.14%,34.72%,59.22,8.42,2.29%,2.43%,-0.14%,"9,956,749"
AAVSC,1.04,0.76,-1.56%,-3.78%,3.32%,-7.44%,28.34%,37.07,69.70,0.81%,0.84%,-0.03%,"180,292"
AAVSD,0.83,0.88,-2.82%,-3.70%,-0.04%,-6.12%,13.65%,35.67,78.77,-1.12%,-0.64%,-0.48%,"17,755"
AAVSE,0.81,1.00,-0.54%,1.10%,6.44%,-6.82%,28.07%,49.45,79.14,0.03%,0.12%,-0.09%,"16,397"
AAVSF,0.10,0.11,-0.35%,-1.04%,-2.11%,-3.61%,0.29%,36.08,45.67,0.12%,0.12%,0.00%,"631,468"
AAVSU,1.05,0.73,-0.17%,-0.49%,6.56%,-3.08%,23.77%,48.13,88.36,0.40%,0.30%,0.10%,"38,390"
AAVT,1.08,3.83,5.86%,9.51%,34.19%,-2.24%,131.05%,61.98,102.24,2.29%,2.47%,-0.17%,"1,203,733"
AAVTM,-,0.32,-0.34%,-0.52%,4.64%,-3.99%,20.22%,46.99,54.83,0.18%,0.00%,0.18%,75
AAVTR,0.94,0.46,-0.99%,5.21%,40.27%,-6.36%,106.88%,53.47,15.03,-0.13%,0.64%,-0.76%,"10,567,434"
AAVTX,0.69,0.96,-9.84%,-17.92%,-10.73%,-38.40%,20.48%,34.12,14.95,-2.48%,-1.90%,-0.59%,"932,392"
AAVUQ,1.14,0.61,1.07%,1.68%,7.29%,-1.06%,24.37%,56.66,67.97,0.25%,0.34%,-0.09%,"429,634"
AAVUS,1.01,1.06,-0.44%,-0.70%,5.65%,-3.09%,21.75%,46.40,128.71,0.48%,0.31%,0.17%,"379,835"
AAVUV,1.03,1.34,-2.60%,-4.49%,1.56%,-7.71%,26.88%,32.60,119.10,1.13%,1.32%,-0.19%,"2,160,905"
AAVX,-0.02,0.60,47.58%,79.28%,-12.38%,-86.95%,143.06%,77.61,6.83,-3.53%,-4.34%,0.85%,"274,295"
AAVXC,0.93,1.21,-0.99%,1.09%,8.12%,-7.38%,39.01%,48.53,82.22,0.07%,-0.01%,0.08%,"41,435"
AAVXL,1.17,0.16,-23.45%,-32.86%,-43.75%,-81.79%,0.00%,23.36,1.89,-6.44%,-5.50%,-0.99%,"2,342,819"
AAVXX,-,2.65,-15.21%,-26.26%,-70.98%,-94.41%,1.01%,35.95,20.62,-2.89%,-3.12%,0.24%,"104,513"
AAVY,0.80,3.94,0.40%,-1.10%,-0.70%,-13.99%,12.60%,49.35,171.62,0.56%,1.20%,-0.64%,"788,197"
AAWAY,0.97,0.25,-4.55%,-11.11%,-8.15%,-25.29%,7.97%,25.17,16.73,-0.95%,-1.21%,0.27%,"1,451"
AAWF,0.68,0.08,-2.73%,-4.13%,-6.45%,-13.87%,-0.72%,26.43,9.62,-1.13%,-0.41%,-0.72%,"369,578"
AAWI,1.16,3.89,-0.60%,-5.24%,-5.62%,-21.06%,8.25%,43.27,162.68,0.46%,0.66%,-0.20%,"254,616"
AAWK,0.57,2.60,-5.57%,-5.91%,-3.12%,-12.21%,6.05%,28.35,127.86,-1.24%,-0.93%,-0.32%,"2,423,542"
AAWP,1.25,0.19,-6.50%,-11.18%,-13.10%,-19.83%,-1.64%,19.54,10.19,-1.74%,-2.49%,0.77%,"222,443"
AAWR,0.55,1.54,-4.86%,-6.51%,2.72%,-11.48%,16.90%,30.58,81.19,-1.38%,-0.95%,-0.44%,"280,442"
AAWRE,1.04,0.08,-9.82%,-10.81%,-25.55%,-62.29%,4.90%,37.34,1.07,-4.46%,-4.38%,-0.09%,"47,216"
AAWX,0.59,0.08,-3.65%,-5.05%,-3.64%,-53.96%,2.88%,38.43,2.50,-0.79%,-1.96%,1.19%,"14,744"
AAX,1.29,2.35,-4.02%,-8.53%,-5.07%,-17.15%,16.98%,33.42,87.61,1.20%,1.85%,-0.64%,"675,578"
AAXG,0.36,0.20,-91.45%,-94.17%,-96.09%,-97.28%,21.70%,8.88,0.13,3.12%,-0.69%,3.84%,"7,761,954"
AAXGN,1.17,2.14,-9.81%,-12.86%,2.61%,-24.55%,161.43%,32.64,39.92,-4.77%,-3.95%,-0.86%,"1,600,587"
AAXIL,0.02,0.31,1.05%,1.56%,-5.97%,-37.22%,44.63%,50.79,6.19,2.48%,2.72%,-0.23%,"11,862"
AAXIN,0.09,0.02,0.06%,0.31%,1.32%,-1.00%,3.97%,55.05,10.35,-0.19%,-0.14%,-0.05%,"81,724"
AAXON,1.44,22.62,-8.57%,-20.54%,-15.16%,-44.74%,24.54%,33.02,422.21,-0.07%,-1.04%,0.98%,"829,478"
AAXP,1.08,5.93,-3.94%,-7.96%,-9.18%,-22.04%,3.82%,31.64,302.09,-0.66%,-0.30%,-0.36%,"3,922,815"
AAXR,1.15,0.85,-3.50%,-4.06%,-9.30%,-24.41%,24.53%,37.44,21.93,-2.62%,-1.97%,-0.67%,"7,031"
AAXS,0.46,1.87,-2.25%,-5.53%,-6.94%,-20.40%,8.45%,39.33,95.51,1.39%,1.98%,-0.57%,"700,410"
AAXSM,0.85,7.72,-10.30%,-13.57%,-8.79%,-30.02%,55.22%,30.11,182.07,-1.26%,-1.26%,0.00%,"660,336"
AAXTA,1.26,0.84,-4.47%,-9.04%,-0.96%,-17.51%,27.72%,34.85,31.85,-0.96%,0.28%,-1.24%,"1,740,182"
AAXTC,-,3.08,29.82%,22.12%,23.94%,-41.41%,223.70%,57.26,22.85,10.93%,12.21%,-1.15%,"9,925"
AAXTI,1.86,7.11,16.94%,21.07%,36.41%,-42.85%,1945.25%,59.88,81.81,5.68%,4.76%,0.88%,"9,167,388"
AAXTL,-,0.61,29.66%,21.09%,2.28%,-74.75%,218.45%,56.44,3.71,10.75%,10.09%,0.60%,"1,330,242"
AAXTQ,-,6.61,-39.84%,-47.19%,-47.19%,-69.11%,5.38%,40.96,20.98,-11.51%,-8.98%,-2.78%,"964,759"
AAXTU,-,8.41,29.66%,20.97%,-50.85%,-87.18%,221.34%,56.34,51.74,11.71%,10.24%,1.34%,"114,340"
AAXTX,-,6.45,29.57%,20.98%,-52.23%,-87.47%,219.75%,56.41,38.37,10.83%,8.24%,2.40%,"3,030,955"
AAYA,1.04,1.50,-4.39%,2.42%,36.58%,-12.26%,190.92%,47.70,26.91,0.04%,0.15%,-0.11%,"900,289"
AAYI,1.30,10.37,-3.90%,-9.51%,-4.81%,-21.28%,16.43%,38.18,299.28,-3.40%,-2.34%,-1.09%,"821,258"
AAYTU,0.18,0.11,-2.22%,-5.85%,-12.26%,-31.81%,16.11%,42.92,2.09,-2.34%,-2.79%,0.47%,"29,926"
AAZ,1.57,0.37,-1.99%,-8.50%,-11.81%,-35.36%,13.48%,44.43,5.64,-1.91%,-0.88%,-1.04%,"265,871"
AAZI,-1.88,0.08,-3.33%,-7.16%,-82.39%,-99.00%,17.00%,43.58,1.17,0.00%,5.41%,-5.13%,"74,613"
AAZIO,0.91,0.09,-4.05%,-12.16%,-27.88%,-75.76%,258.33%,42.42,1.19,-5.56%,-3.25%,-2.38%,"182,022"
AAZN,0.33,3.36,-3.41%,-3.59%,-13.37%,-25.86%,2.79%,38.98,157.70,-2.33%,-1.91%,-0.43%,"3,378,106"
AAZO,0.40,83.88,-2.22%,-4.96%,-14.58%,-34.33%,1.96%,41.11,2819.03,-0.39%,-0.56%,0.18%,"303,882"
AAZTA,1.52,1.17,4.82%,6.71%,22.47%,-17.37%,116.45%,60.81,34.48,-1.18%,-1.26%,0.09%,"935,976"
AAZTD,0.95,0.20,-1.83%,-4.46%,-1.77%,-11.05%,16.38%,34.21,30.52,-0.10%,0.00%,-0.10%,20
AAZTR,-1.04,0.01,-22.98%,-15.87%,-36.79%,-88.21%,28.50%,32.92,0.13,-6.61%,-7.55%,1.02%,"1,429,211"
AAZUL,-,0.50,4.30%,-6.18%,-48.70%,-98.55%,84.24%,42.77,7.13,-9.75%,-6.18%,-3.80%,"153,883"
AAZYY,0.97,0.08,0.34%,0.13%,-13.00%,-41.85%,2.18%,51.65,14.35,-0.06%,0.11%,-0.17%,"2,173"
AAZZ,1.13,3.53,-0.34%,-4.51%,-0.20%,-16.52%,45.63%,44.26,135.41,0.76%,1.19%,-0.42%,"193,954"
BB,0.48,1.33,-6.57%,-5.27%,-6.25%,-26.68%,32.13%,38.46,40.10,-1.40%,-1.35%,-0.05%,"9,454,255"
BBA,1.26,6.45,-4.25%,-9.58%,-12.92%,-24.40%,8.77%,39.61,192.28,3.35%,3.38%,-0.03%,"13,549,963"
BBAB,0.30,0.17,-1.86%,-3.09%,-5.39%,-8.60%,0.48%,24.53,25.35,0.20%,0.08%,0.12%,"426,366"
BBABA,0.47,2.84,-2.64%,-8.19%,-18.07%,-44.23%,16.81%,38.42,107.45,-0.08%,-0.52%,0.44%,"7,177,361"
BBABC,-,0.74,-6.22%,-18.11%,-18.16%,-36.43%,-0.59%,36.96,22.05,-0.59%,0.00%,-0.59%,66
BBABO,0.50,0.16,-3.85%,-10.86%,-31.22%,-64.75%,0.71%,31.50,7.05,-0.70%,-0.28%,-0.42%,"21,842"
BBABU,-,0.47,-6.43%,-18.59%,-33.16%,-64.50%,26.50%,36.69,8.69,-0.34%,-3.50%,3.28%,"42,646"
BBABW,-,0.49,-4.92%,-13.91%,-35.63%,-65.94%,3.97%,33.77,19.08,-0.35%,-0.01%,-0.34%,"1,321"
BBABX,1.52,0.91,-5.84%,-17.88%,-40.67%,-75.42%,27.68%,37.47,16.22,-0.30%,-0.67%,0.38%,"508,545"
BBAC,1.21,1.19,-8.18%,-11.95%,-2.86%,-17.62%,16.51%,21.95,53.73,-1.29%,-0.33%,-0.96%,"60,049,483"
BBACC,0.03,0.05,-0.23%,-0.14%,1.19%,-5.51%,5.00%,46.30,10.49,-0.11%,-0.01%,-0.10%,278
BBAER,0.36,0.08,-26.14%,-44.61%,-64.31%,-80.17%,26.36%,22.39,0.68,-2.83%,-3.92%,1.13%,"487,898"
BBAFE,0.96,0.24,-0.24%,-0.75%,5.05%,-3.36%,20.77%,46.39,29.55,0.01%,-0.40%,0.41%,"18,745"
BBAFN,0.46,0.78,-7.59%,3.13%,10.36%,-31.63%,72.57%,48.04,7.35,7.93%,8.25%,-0.29%,"82,708"
BBAGX,-,0.77,1.10%,1.05%,1.05%,-1.87%,6.97%,57.94,100.94,0.80%,0.77%,0.03%,"2,513"
BBAGY,1.36,0.49,-1.30%,0.02%,-16.88%,-58.39%,10.80%,47.75,23.60,1.46%,0.92%,0.54%,"1,781"
BBAH,0.37,2.45,-5.54%,-5.32%,-9.55%,-35.41%,18.44%,38.68,70.47,1.51%,-2.31%,3.92%,"3,009,664"
BBAI,2.33,1.14,5.04%,7.40%,16.24%,-12.23%,55.09%,61.39,47.80,1.29%,0.95%,0.34%,"3,097,982"
BBAIG,6.83,1.16,-6.99%,-18.39%,-69.46%,-96.53%,7.37%,39.99,12.51,6.03%,6.82%,-0.74%,"44,035"
BBAIV,-,0.28,-3.79%,-4.17%,4.24%,-7.07%,20.24%,31.36,27.25,-1.64%,-0.71%,-0.93%,"5,024"
BBAK,1.55,0.13,-11.91%,-20.48%,-51.11%,-71.27%,10.71%,39.75,1.55,6.90%,1.97%,4.83%,"1,293,104"
BBALI,0.79,0.29,-0.35%,-0.53%,3.97%,-3.00%,14.66%,45.69,34.33,-0.38%,0.12%,-0.49%,"203,452"
BBALL,0.96,1.27,-4.94%,-8.67%,-5.88%,-17.26%,26.03%,29.89,56.50,0.84%,1.38%,-0.54%,"3,375,442"
BBALQ,-,0.68,1.53%,2.68%,8.20%,-2.22%,28.03%,56.98,57.00,-0.58%,0.05%,-0.63%,"13,461"
BBALT,0.14,0.12,0.24%,0.63%,2.52%,-0.48%,6.82%,57.76,34.92,-0.09%,-0.26%,0.17%,"1,650,763"
BBALY,2.30,0.88,23.96%,19.80%,5.20%,-32.74%,65.28%,68.88,13.95,1.68%,2.20%,-0.51%,"41,583"
BBAM,1.30,1.15,-3.80%,-9.57%,-8.21%,-24.89%,5.59%,31.72,44.56,-0.04%,-0.04%,0.00%,"4,749,482"
BBAMA,0.70,0.21,-0.28%,-0.27%,3.32%,-2.03%,13.39%,47.26,36.60,0.05%,-0.13%,0.18%,"6,769"
BBAMB,0.07,0.08,-0.83%,-2.28%,-4.21%,-7.11%,0.39%,32.30,24.97,0.33%,0.33%,0.00%,"9,287"
BBAMD,0.49,0.25,-3.11%,-5.17%,-0.11%,-8.24%,10.09%,30.47,32.40,0.78%,0.31%,0.47%,"14,602"
BBAMG,1.14,0.36,0.93%,1.34%,7.97%,-1.06%,27.38%,54.87,44.99,0.20%,0.54%,-0.33%,"14,410"
BBAMO,0.59,0.16,-0.45%,-0.72%,2.79%,-2.18%,10.79%,43.60,34.61,-0.06%,0.20%,-0.26%,"3,620"
BBAMU,-0.02,0.03,0.10%,-0.11%,-0.03%,-0.75%,0.56%,52.90,25.23,0.02%,0.04%,-0.02%,"7,434"
BBAMV,0.70,0.26,-2.53%,-3.45%,3.77%,-6.42%,16.51%,32.14,36.14,-0.25%,-0.19%,-0.06%,"28,556"
BBAMY,0.26,0.09,-1.47%,-2.76%,-3.88%,-6.23%,-0.04%,19.30,26.50,-0.08%,0.34%,-0.41%,"19,448"
BBANC,0.78,0.43,-3.71%,-7.16%,-8.80%,-20.25%,14.09%,36.28,17.49,1.51%,1.51%,0.00%,"3,618,298"
BBAND,3.01,4.38,15.37%,21.91%,67.38%,-21.04%,399.52%,63.30,62.44,2.85%,1.07%,1.76%,"796,327"
BBANF,0.65,2.14,-2.48%,-4.56%,-4.74%,-17.42%,4.94%,39.12,106.49,1.15%,1.64%,-0.48%,"179,179"
BBANL,-1.19,0.87,-25.28%,-40.83%,-28.19%,-72.31%,32.18%,33.60,4.54,0.89%,-1.29%,2.21%,"10,401"
BBANR,0.82,1.33,-3.55%,-4.57%,2.32%,-10.06%,17.98%,35.92,67.31,0.46%,1.04%,-0.57%,"304,476"
BBANX,0.28,0.47,-4.21%,-3.68%,-1.95%,-11.54%,7.37%,36.98,19.81,-0.25%,0.10%,-0.35%,"46,697"
BBAOS,1.60,0.05,-15.13%,-49.35%,-89.06%,-95.44%,3.25%,27.06,0.24,-0.34%,-1.29%,0.96%,"224,025"
BBAP,0.87,9.10,-0.94%,-0.99%,8.03%,-8.44%,64.18%,46.61,378.35,-0.40%,0.07%,-0.47%,"503,597"
BBAPR,0.64,0.18,0.13%,0.69%,6.32%,-0.40%,17.28%,55.38,54.61,-0.04%,0.15%,-0.19%,"9,625"
BBAR,0.18,0.73,-3.04%,-3.37%,-7.98%,-24.80%,9.14%,40.15,41.08,0.42%,0.20%,0.22%,"305,573"
BBARK,1.99,0.46,-4.52%,-10.88%,-25.60%,-59.02%,6.37%,41.44,8.52,0.71%,1.43%,-0.71%,"34,332"
BBASG,1.02,0.25,0.71%,0.60%,9.35%,-3.07%,29.19%,53.06,28.29,-0.05%,-0.44%,0.39%,"43,861"
BBASV,0.66,0.27,-2.80%,-4.49%,1.89%,-7.40%,14.38%,32.67,29.91,-0.24%,0.47%,-0.70%,"9,342"
BBATL,0.46,0.07,-12.57%,-19.98%,-68.73%,-96.46%,5.00%,31.79,1.05,0.00%,0.00%,0.00%,"2,201,000"
BBATRA,0.83,1.25,1.81%,3.30%,12.80%,-4.37%,39.37%,55.54,57.84,-0.33%,0.19%,-0.52%,"82,811"
BBATRK,0.83,1.23,1.23%,1.59%,11.16%,-4.76%,38.37%,51.57,52.25,-1.30%,-0.82%,-0.49%,"569,870"
BBATT,1.18,0.30,-3.65%,-4.90%,-7.17%,-20.74%,16.98%,36.64,14.33,0.21%,0.21%,0.00%,"26,927"
BBAUG,0.69,0.26,-0.01%,0.32%,5.68%,-0.86%,15.82%,50.72,55.26,-0.04%,-0.25%,0.21%,"12,704"
BBAVA,-,1.25,21.70%,43.84%,40.75%,-6.57%,86.69%,70.98,29.89,1.00%,0.12%,0.89%,"1,937"
BBAX,0.65,0.72,-0.90%,-6.25%,13.59%,-21.20%,50.29%,43.43,23.64,-1.50%,-1.29%,-0.21%,"7,380,998"
BBAY,-,0.24,2.24%,4.46%,6.30%,-0.48%,16.10%,62.88,30.57,0.42%,0.45%,-0.03%,214
BBB,2.20,0.52,12.25%,10.39%,44.53%,-32.45%,194.22%,62.38,9.18,1.55%,2.34%,-0.77%,"20,573,269"
BBBAG,0.25,0.19,-1.47%,-2.53%,-4.58%,-7.31%,-0.07%,24.81,43.73,-0.22%,0.39%,-0.60%,"1,321,652"
BBBAI,3.26,0.13,-2.73%,-7.29%,-31.23%,-70.82%,5.79%,42.27,2.74,3.40%,2.62%,0.75%,"22,382,649"
BBBAR,0.94,0.63,-11.87%,-20.06%,-25.54%,-44.67%,62.03%,25.28,12.43,-3.27%,-2.05%,-1.25%,"941,337"
BBBAX,0.80,0.73,-3.03%,-4.14%,-0.34%,-6.93%,13.74%,35.18,61.24,-0.75%,0.29%,-1.04%,"464,345"
BBBB,1.28,0.27,1.01%,3.91%,9.06%,-1.67%,24.05%,58.74,32.20,0.33%,-0.02%,0.35%,"1,964"
BBBBI,0.20,0.24,-1.78%,-3.08%,-5.26%,-7.87%,-0.13%,22.16,48.59,-0.26%,0.48%,-0.73%,"164,070"
BBBBL,0.35,0.27,-3.03%,-4.26%,-7.84%,-13.12%,-0.18%,24.53,43.70,-0.19%,0.55%,-0.74%,"1,064"
BBBBS,0.08,0.11,-0.76%,-1.46%,-2.50%,-3.98%,-0.10%,23.88,49.75,-0.22%,0.22%,-0.44%,"12,955"
BBBC,0.91,1.47,-7.68%,-11.57%,-0.64%,-19.89%,64.97%,33.11,45.00,-2.79%,-3.05%,0.27%,"24,983"
BBBCA,0.88,1.13,-3.36%,-4.26%,0.86%,-7.30%,18.03%,30.26,100.17,-0.19%,-0.18%,-0.01%,"372,445"
BBBCB,0.37,0.19,-1.73%,-2.70%,-4.95%,-8.14%,-0.08%,24.23,42.92,-0.21%,0.59%,-0.79%,"5,871"
BBBCP,0.88,0.36,-0.75%,1.49%,18.25%,-18.95%,77.86%,51.59,9.88,1.96%,1.96%,0.00%,"120,064"
BBBD,0.49,0.11,0.84%,3.40%,-1.97%,-18.28%,17.79%,55.25,3.51,-0.28%,-0.28%,0.00%,"41,735,455"
BBBDC,0.71,0.17,-0.69%,-2.34%,-0.43%,-8.76%,9.30%,44.31,8.70,0.93%,0.69%,0.23%,"582,647"
BBBEM,0.80,0.92,-1.12%,0.30%,5.22%,-7.42%,26.69%,47.31,76.55,0.31%,0.65%,-0.33%,830
BBBEU,0.84,0.85,-3.93%,-5.48%,-2.74%,-8.23%,9.35%,27.66,74.62,-1.41%,-0.65%,-0.77%,"309,005"
BBBGI,4.61,1.60,-30.24%,-41.40%,-17.49%,-61.67%,257.64%,22.15,11.23,-12.61%,-9.00%,-3.97%,"42,020"
