Ticker,MarketCap,Dividend,ROA,ROE,ROIC,CurrR,QuickR,LTDebtEq,DebtEq,GrossM,OperM,ProfitM,Earnings,Price,Change,Volume
AAAUC,2.80B,-,-3.38%,-14.17%,-11.90%,0.60,0.39,0.05,0.39,42.74%,32.08%,-4.19%,Aug 05/a,20.10,-0.94%,"382,934"
AAAUS,-,0.33%,-,-,-,-,-,-,-,-,-,-,-,62.19,0.79%,"10,321"
AAAVM,-,1.80%,-,-,-,-,-,-,-,-,-,-,-,33.73,0.93%,587
AAAXJ,-,1.31%,-,-,-,-,-,-,-,-,-,-,-,118.20,1.09%,"435,642"
AAB,3.26B,9.97%,19.36%,19.39%,25.12%,-,-,0.00,0.00,-,-,-,Oct 27/b,35.00,-0.03%,"265,671"
AABAT,312.25M,-,-67.54%,-74.50%,-58.03%,9.53,9.44,0.00,0.00,-23.94%,-343.62%,-337.50%,Sep 14/b,2.19,-3.95%,"3,675,895"
AABBV,464.43B,2.61%,4.60%,15221.82%,11.08%,0.81,0.69,-,-,71.42%,34.18%,9.74%,Oct 30/b,262.82,1.11%,"5,863,074"
AABCB,5.47B,0.99%,1.36%,9.40%,8.87%,0.16,-,0.04,0.34,-,33.34%,22.11%,Oct 22/a,81.44,1.50%,"439,406"
AABCL,4.45B,-,-12.15%,-17.30%,-16.05%,12.77,12.63,0.15,0.15,50.74%,-340.25%,-248.83%,Aug 05/a,13.74,-1.22%,"3,714,394"
AABCS,-,1.16%,-,-,-,-,-,-,-,-,-,-,-,33.55,0.41%,"1,217"
AABEO,287.64M,-,-29.54%,-43.13%,-47.17%,6.63,6.40,0.04,0.16,47.17%,-327.64%,-246.42%,Aug 13/b,5.03,0.40%,"1,213,609"
AABEQ,-,1.21%,-,-,-,-,-,-,-,-,-,-,-,37.33,0.50%,"16,071"
AABEV,45.37B,5.86%,11.37%,18.02%,17.58%,1.02,0.76,0.02,0.03,48.45%,23.24%,18.36%,Jul 30/b,2.99,3.10%,"22,506,358"
AABFL,-,0.59%,-,-,-,-,-,-,-,-,-,-,-,80.99,0.63%,"12,930"
AABG,3.16B,-,4.73%,13.23%,7.13%,0.91,0.29,0.82,1.41,16.61%,5.08%,2.83%,Jul 28/b,175.88,-1.45%,"145,937"
AABI,-,6.40%,-,-,-,-,-,-,-,-,-,-,-,24.50,-0.12%,"32,201"
AABIG,-,0.09%,-,-,-,-,-,-,-,-,-,-,-,35.67,1.14%,19
AABLD,-,2.54%,-,-,-,-,-,-,-,-,-,-,-,30.87,0.82%,"8,491"
AABLG,-,2.70%,-,-,-,-,-,-,-,-,-,-,-,30.75,1.31%,457
AABLS,-,13.77%,-,-,-,-,-,-,-,-,-,-,-,20.73,0.55%,797
AABLV,132.53M,-,-4.50%,-18.18%,-14.71%,1.61,1.29,0.33,1.53,11.31%,-0.29%,-1.38%,-,2.40,11.11%,"168,652"
AABM,2.87B,2.36%,3.06%,9.19%,4.62%,1.42,1.42,1.01,1.05,11.34%,4.68%,1.82%,Sep 08/b,48.97,1.05%,"370,123"
AABNB,97.26B,-,9.65%,34.54%,26.19%,1.41,1.41,0.32,0.32,72.56%,21.21%,20.35%,Aug 06/a,162.43,1.22%,"3,443,509"
AABND,-,5.61%,-,-,-,-,-,-,-,-,-,-,-,41.65,-0.12%,"377,512"
AABOS,147.53M,-,-72.97%,-120.50%,-151.89%,2.47,2.47,0.21,0.55,-,-,-,Aug 12/b,2.04,-1.45%,"580,519"
AABOT,-,0.26%,-,-,-,-,-,-,-,-,-,-,-,43.65,0.45%,357
AABR,664.15M,22.75%,0.41%,2.01%,0.48%,0.55,0.24,3.35,3.99,94.25%,70.95%,1.36%,Jul 31/b,3.56,-4.04%,"6,159,220"
AABSI,1.90B,-,-50.57%,-57.72%,-48.87%,10.63,10.63,0.01,0.02,-610.70%,-8411.27%,-7756.37%,Aug 11/a,11.07,2.98%,"3,384,933"
AABT,168.71B,2.64%,5.59%,10.63%,6.70%,1.38,0.97,0.58,0.64,52.81%,16.44%,11.60%,Oct 21/b,97.50,0.84%,"8,709,937"
AABTC,619.70M,-,-29.63%,-58.97%,-24.33%,0.19,0.19,0.19,0.31,17.05%,7.12%,-71.75%,Aug 03/b,8.51,4.03%,"1,248,856"
AABTS,3.80M,-,-25.75%,-31.60%,-35.18%,0.33,0.33,0.05,0.24,1.72%,-26.17%,-31.43%,-,1.18,-2.30%,"6,680"
AABUF,-,-,-,-,-,-,-,-,-,-,-,-,-,27.93,0.59%,"1,868"
AABUS,881.57M,-,81.13%,89.58%,58.45%,81.42,81.42,0.01,0.01,99.98%,81.13%,84.23%,Aug 12/b,4.45,-2.41%,"8,987,366"
AABVC,26.96M,-,-39.88%,-82.15%,-60.78%,0.07,0.07,0.14,0.28,-,-,-,-,1.01,-0.98%,"98,683"
AABVX,8.13B,-,-139.89%,-258.43%,-111.69%,5.97,5.97,0.00,0.00,-,-,-,Sep 21/a,92.88,-2.33%,"644,376"
AABX,808.74M,2.42%,3.29%,6.55%,3.80%,0.70,0.70,0.69,0.78,82.18%,33.42%,10.55%,Aug 06/a,8.27,4.82%,"563,789"
AABXB,-,4.85%,-,-,-,-,-,-,-,-,-,-,-,18.61,-0.01%,22
AACA,7.19B,0.14%,3.86%,7.24%,2.93%,3.12,2.31,0.50,0.51,23.04%,11.18%,4.78%,Aug 05/a,146.50,0.00%,"355,875"
AACAA,358.97M,-,-,-,-,3.25,3.25,0.00,0.00,-,-,-,-,10.02,-0.30%,19
AACAD,3.44B,-,25.64%,35.74%,27.85%,3.39,3.30,0.05,0.06,91.13%,7.59%,33.42%,Aug 04/a,19.95,0.30%,"2,564,592"
AACB,254.17M,-,-5.24%,-7.10%,-20.99%,5.36,2.80,0.03,0.04,9.77%,-56.85%,-38.37%,Aug 05/b,3.92,0.51%,"682,851"
AACBE,-,0.57%,-,-,-,-,-,-,-,-,-,-,-,25.08,0.75%,9
AACBH,-,0.83%,-,-,-,-,-,-,-,-,-,-,-,25.16,0.96%,256
AACCL,36.27M,-,10.21%,14.77%,9.40%,4.22,4.22,0.01,0.04,41.69%,11.63%,11.29%,-,2.60,0.39%,"12,976"
AACCO,396.92M,6.98%,2.50%,8.85%,3.58%,1.97,1.22,1.38,1.46,29.87%,6.85%,3.74%,Jul 30/a,4.30,1.42%,"385,342"
AACCS,18.03M,-,-3.55%,-5.07%,-5.59%,0.82,0.82,0.05,0.09,63.09%,-7.41%,-7.63%,Aug 11/b,4.71,-1.46%,"2,179"
AACCV,-,-,-,-,-,-,-,-,-,-,-,-,-,17.72,6.84%,"5,503,003"
AACDC,834.12M,-,-15.24%,-52.29%,-25.03%,0.84,0.59,1.65,1.98,-0.86%,-10.72%,-23.06%,Aug 06/b,4.58,4.09%,"764,945"
AACEI,-,11.67%,-,-,-,-,-,-,-,-,-,-,-,23.77,1.06%,"18,651"
AACEL,880.14M,-,5.26%,20.82%,6.76%,2.47,2.40,1.95,2.07,25.50%,8.21%,4.08%,Aug 04/a,10.84,2.36%,"422,904"
AACEP,-,0.11%,-,-,-,-,-,-,-,-,-,-,-,20.00,-0.01%,797
AACES,-,0.67%,-,-,-,-,-,-,-,-,-,-,-,28.04,1.52%,"18,384"
AACET,60.85M,-,-63.62%,-78.08%,-76.04%,6.71,6.71,0.08,0.11,-,-,-,Aug 05/a,6.50,-2.11%,"164,978"
AACFN,47.73M,-,11.90%,19.73%,16.13%,2.12,1.78,0.09,0.11,80.29%,7.15%,16.12%,Aug 06/b,19.02,-1.71%,"4,776"
AACGC,292.46M,-,-,-,-,5.83,5.83,0.00,0.00,-,-,-,-,10.05,0.00%,"2,734"
AACGL,31.94B,0.18%,6.80%,19.94%,17.02%,0.50,-,0.15,0.18,-,25.11%,25.03%,Oct 27/a,93.60,-0.70%,"3,032,485"
AACGO,-,-,-,-,-,-,-,-,-,-,-,-,-,39.38,0.92%,659
AACGR,-,0.11%,-,-,-,-,-,-,-,-,-,-,-,71.96,0.48%,23
AACH,38.85M,-,-3.53%,-198.35%,-24.56%,0.41,0.30,-,-,39.89%,1.35%,-11.41%,Aug 10/b,0.51,-9.43%,"1,813,418"
AACHC,2.61B,-,-19.00%,-44.54%,-25.08%,1.57,1.56,1.27,1.30,16.26%,10.06%,-33.44%,Jul 28/a,28.06,4.20%,"1,444,101"
AACHR,3.77B,-,-38.52%,-44.76%,-39.81%,10.21,10.21,0.06,0.07,-392.75%,-13569.57%,-11589.86%,Aug 10/a,4.89,-2.78%,"24,432,996"
AACHV,745.01M,-,-91.46%,-844.99%,-,0.95,0.95,-,-,-,-,-,Aug 11/b,7.24,-3.85%,"1,886,305"
AACHX,-,-,-,-,-,-,-,-,-,-,-,-,-,22.22,-7.15%,963
AACI,5.70B,4.63%,0.25%,2.72%,0.42%,0.84,0.21,8.81,9.74,24.96%,1.96%,0.08%,Oct 13/b,11.75,0.26%,"5,554,382"
AACIC,452.17M,-,11.00%,31.65%,20.32%,2.39,-,0.45,0.45,-,43.27%,30.31%,Aug 05/a,9.33,0.86%,"195,265"
AACIG,-,-,-,-,-,-,-,-,-,-,-,-,-,40.51,1.51%,"300,019"
AACII,-,8.37%,-,-,-,-,-,-,-,-,-,-,-,25.41,0.99%,"92,789"
AACIO,-,0.39%,-,-,-,-,-,-,-,-,-,-,-,47.24,0.60%,"97,922"
AACIU,277.33M,-,-25.54%,-79.01%,-113.99%,0.93,0.93,0.09,0.12,-,-249.40%,-245.27%,Aug 05/b,2.72,-3.02%,"320,257"
AACIW,5.06B,-,7.24%,15.62%,9.83%,1.58,1.58,0.53,0.58,43.70%,19.02%,12.40%,Aug 06/b,50.15,0.93%,"577,637"
AACKY,-,16.25%,-,-,-,-,-,-,-,-,-,-,-,17.21,0.36%,"7,186"
AACLC,-,0.56%,-,-,-,-,-,-,-,-,-,-,-,86.28,0.78%,"3,281"
AACLO,-,4.90%,-,-,-,-,-,-,-,-,-,-,-,50.40,0.08%,"12,574"
AACLS,4.56B,-,6.85%,8.89%,8.22%,4.90,3.21,0.06,0.07,43.01%,10.33%,10.71%,Aug 06/b,147.77,8.09%,"455,961"
AACLZ,-,-,-,-,-,-,-,-,-,-,-,-,-,14.95,15.80%,"5,689"
AACM,7.68B,1.44%,3.07%,15.91%,6.77%,1.06,1.06,1.43,1.52,5.68%,4.65%,2.35%,Aug 10/a,59.66,0.10%,"1,325,654"
AACMM,-,-,-,-,-,-,-,-,-,-,-,-,-,13.28,-0.38%,"5,888"
AACMR,5.81B,0.18%,5.52%,10.55%,7.30%,3.65,2.66,0.11,0.19,43.84%,13.29%,14.48%,Oct 28/b,83.38,-0.24%,"1,263,697"
AACN,121.72B,3.52%,12.04%,26.66%,18.98%,1.43,1.34,0.40,0.42,31.79%,15.53%,11.28%,Oct 01/b,198.90,-6.31%,"10,035,823"
AACNB,648.64M,3.36%,1.66%,13.34%,9.88%,0.04,-,0.30,0.77,-,34.48%,27.15%,Jul 23/b,63.78,1.42%,"45,278"
AACNT,124.06M,-,-2.13%,-2.88%,-4.82%,4.33,3.63,0.15,0.17,20.73%,-6.93%,-5.27%,Aug 04/a,13.77,-1.29%,"17,834"
AACOG,198.18M,-,-42.76%,-55.25%,-44.26%,9.00,8.00,0.00,0.00,89.24%,-190.62%,-153.61%,Aug 13/a,9.10,4.60%,"194,451"
AACOM,-,-,-,-,-,-,-,-,-,-,-,-,-,23.99,-0.41%,34
AACON,6.86M,-,-56.09%,-58.97%,-54.09%,16.20,16.20,0.00,0.00,-267.68%,-11592.14%,-10978.48%,Aug 28,2.38,-2.46%,"15,749"
AACP,559.60M,20.47%,-,-,-,-,-,-,-,-,-,-,-,4.46,0.90%,"708,815"
AACQQ,-,1.97%,-,-,-,-,-,-,-,-,-,-,-,25.18,1.10%,"1,385"
AACR,146.63M,-,0.66%,3.33%,0.67%,7.05,3.20,4.04,4.04,90.30%,63.07%,-3.85%,Jul 29/a,10.90,0.28%,"26,401"
AACRE,212.49M,15.10%,-0.27%,-0.88%,-0.30%,0.21,0.21,2.03,2.58,78.65%,51.37%,-3.77%,Aug 04/b,3.83,-1.03%,"638,405"
AACRS,646.20M,-,-41.07%,-59.10%,-60.18%,3.46,3.46,0.01,0.01,12.90%,-1040.43%,-921.50%,Aug 06/b,4.39,-0.45%,"6,208,852"
AACRT,-,2.47%,-,-,-,-,-,-,-,-,-,-,-,22.66,0.66%,"1,938"
AACRV,85.28M,-,-57.61%,-64.63%,-84.69%,7.99,7.99,0.01,0.02,-,-,-,Aug 12/a,1.99,-1.00%,"205,122"
AACSG,-,-,-,-,-,-,-,-,-,-,-,-,-,46.65,1.15%,638
AACSI,-,0.81%,-,-,-,-,-,-,-,-,-,-,-,75.08,0.50%,20
AACSM,-,-,-,-,-,-,-,-,-,-,-,-,-,39.98,1.00%,311
AACSP,-,10.43%,-,-,-,-,-,-,-,-,-,-,-,21.95,1.24%,"4,442"
AACSV,-,1.07%,-,-,-,-,-,-,-,-,-,-,-,47.50,0.85%,"3,015"
AACT,6.22B,2.05%,9.95%,12.87%,11.13%,1.62,-,0.14,0.14,-,73.11%,54.51%,Aug 05/a,45.26,2.51%,"427,339"
AACTG,423.53M,-,-1.92%,-2.82%,-2.40%,4.76,4.51,0.19,0.19,22.17%,-6.95%,-5.39%,Aug 05/b,4.34,-0.46%,"126,917"
AACTU,19.67M,-,-336.18%,-553.75%,-1467.12%,1.25,1.25,0.40,0.40,-,-,-,Sep 02,0.82,-7.89%,"96,149"
AACU,243.45M,1.01%,5.28%,8.35%,6.21%,3.23,1.39,0.30,0.32,40.08%,7.08%,4.64%,Jul 23/b,63.50,0.55%,"34,995"
AACV,251.90M,8.88%,-,-,-,-,-,-,-,-,-,-,-,24.23,1.08%,"40,186"
AACVA,1.77B,-,-5.69%,-15.06%,-10.61%,1.52,1.52,0.53,0.53,45.21%,-7.09%,-7.88%,Aug 10/a,10.45,0.00%,"2,777,317"
AACVF,-,0.48%,-,-,-,-,-,-,-,-,-,-,-,55.14,0.74%,"8,150"
AACVT,-,1.47%,-,-,-,-,-,-,-,-,-,-,-,28.25,0.26%,"6,061"
AACVU,-,1.73%,-,-,-,-,-,-,-,-,-,-,-,31.20,0.55%,"80,352"
AACWI,-,1.40%,-,-,-,-,-,-,-,-,-,-,-,160.09,0.85%,"1,301,248"
AACWV,-,1.92%,-,-,-,-,-,-,-,-,-,-,-,123.35,0.34%,"81,498"
AACWX,-,2.50%,-,-,-,-,-,-,-,-,-,-,-,76.01,1.13%,"2,231,021"
AACXP,7.06M,-,-87.57%,-128.11%,-92.08%,3.88,3.88,0.00,0.00,-,-,-,Aug 14/b,1.27,0.79%,"82,492"
AACYN,-,5.19%,-,-,-,-,-,-,-,-,-,-,-,20.75,0.24%,"2,929,154"
AACYQ,-,3.65%,-,-,-,-,-,-,-,-,-,-,-,21.00,0.48%,"146,145"
AACYS,-,2.56%,-,-,-,-,-,-,-,-,-,-,-,20.48,0.29%,"809,832"
AAD,2.97B,-,9.41%,22.06%,30.59%,0.95,0.95,0.93,0.95,34.34%,0.83%,349.27%,Aug 07/b,34.39,0.64%,"173,124"
AADAC,291.81M,-,-,-,1.09%,0.69,0.69,0.00,0.00,-,-,-,-,10.15,0.20%,120
AADAG,191.35M,-,-20.55%,-28.57%,-19.17%,5.02,5.02,0.01,0.06,94.22%,-240.31%,-220.66%,Aug 12/b,2.85,-2.73%,"297,967"
AADAM,701.96M,13.37%,1.72%,14.17%,3.53%,0.06,0.06,2.89,7.69,85.74%,82.71%,18.60%,Jul 29/a,7.81,0.39%,"1,634,543"
AADBE,92.51B,-,24.80%,61.90%,43.25%,0.77,0.77,0.43,0.57,88.68%,36.42%,28.05%,Sep 10/a,237.69,-1.49%,"3,115,208"
AADBG,-,-,-,-,-,-,-,-,-,-,-,-,-,3.65,-3.05%,"1,352,744"
AADBT,68.04M,-,-,-,-,9.23,9.23,0.00,0.00,-,-,-,-,0.14,-3.32%,"10,955,940"
AADBU,-,1.19%,-,-,-,-,-,-,-,-,-,-,-,20.48,-3.27%,"7,378"
AADC,8.19B,4.85%,2.29%,3.69%,2.38%,0.16,0.16,0.45,0.60,54.25%,48.43%,27.83%,Oct 20/a,65.88,1.31%,"1,585,994"
AADCT,144.26M,-,-32.25%,-,-,3.03,2.97,-,-,88.42%,-121.82%,-121.77%,Aug 13/b,1.13,4.63%,"1,320,595"
AADDS,-,-,-,-,-,-,-,-,-,-,-,-,-,25.91,0.06%,"4,412"
AADEA,2.84B,0.78%,11.70%,27.88%,14.42%,3.25,3.25,0.78,0.83,86.76%,46.81%,26.05%,Aug 03/a,25.74,1.58%,"1,222,825"
AADGM,3.40M,-,-77.80%,-657.76%,-107.02%,1.41,1.15,-,-,-,-,-,Aug 11/b,0.15,-1.86%,"1,610,879"
AADI,202.14B,1.02%,8.56%,12.23%,10.25%,1.25,0.91,0.20,0.27,60.39%,35.89%,29.79%,Aug 19/b,417.15,3.10%,"2,629,935"
AADIG,1.35B,-,-,-,-,2.80,1.62,0.49,0.51,-,-,-,Aug 13/b,17.83,-0.83%,"550,334"
AADIL,10.82M,-,-322.10%,-265.94%,-241.16%,5.63,5.63,-,-,-,-,-,Aug 17/b,4.12,-0.24%,"64,511"
AADIU,-,-,-,-,-,-,-,-,-,-,-,-,-,13.11,5.94%,"3,984"
AADIV,-,3.04%,-,-,-,-,-,-,-,-,-,-,-,19.42,0.03%,"9,865"
AADM,38.77B,2.64%,3.35%,7.70%,5.70%,1.39,0.86,0.32,0.40,7.02%,2.49%,2.15%,Aug 04/b,80.45,1.17%,"3,472,350"
AADMA,2.18B,-,27.19%,41.90%,27.83%,6.97,3.81,0.49,0.50,64.67%,42.26%,32.98%,Aug 05/a,9.72,-2.11%,"2,793,457"
AADME,-,0.36%,-,-,-,-,-,-,-,-,-,-,-,56.68,0.69%,"13,572"
AADNT,1.33B,1.84%,0.54%,2.73%,1.12%,1.10,0.91,1.48,1.53,6.15%,2.58%,0.32%,Aug 05/b,17.31,-1.48%,"832,487"
AADP,102.11B,2.71%,7.57%,72.24%,39.05%,1.05,1.05,0.87,0.91,50.67%,26.41%,20.11%,Oct 28/b,257.68,-2.38%,"2,188,138"
AADPT,4.52B,-,-11.23%,-39.58%,-11.73%,4.79,4.68,2.81,2.87,72.71%,-11.81%,-20.73%,Jul 29/a,28.35,3.58%,"1,575,446"
AADPV,-,0.67%,-,-,-,-,-,-,-,-,-,-,-,44.17,1.66%,"5,716"
AADRX,1.87B,-,-,-,-,12.98,12.98,0.05,0.06,-,-,-,-,18.25,-6.60%,"937,066"
AADSE,796.22M,-,-77.07%,-,-929.12%,0.94,0.17,0.17,2.38,-72.32%,-223.63%,-339.35%,-,10.59,1.34%,"11,601"
AADSK,44.31B,-,13.78%,53.85%,29.62%,0.86,0.86,0.64,1.10,85.81%,23.39%,21.01%,Aug 27/a,212.00,0.33%,"1,672,967"
AADT,4.57B,3.52%,3.87%,17.20%,5.57%,0.69,0.52,2.16,2.24,48.75%,25.19%,11.86%,Jul 30/b,6.25,0.32%,"5,226,694"
AADTN,573.63M,-,-1.91%,-15.11%,-6.07%,1.79,1.19,1.87,1.87,38.46%,-0.18%,-1.99%,Aug 04/b,7.04,-0.42%,"2,638,063"
AADUR,438.40M,-,-87.90%,-128.80%,-88.71%,49.41,49.41,0.01,0.02,-323.19%,-10848.67%,-16180.96%,Sep 01/b,12.28,1.32%,"272,294"
AADUS,2.08B,-,7.35%,9.71%,8.47%,1.69,1.69,0.08,0.09,31.23%,10.85%,7.13%,Aug 03/a,111.27,-0.38%,"207,745"
AADV,354.41M,-,-9.90%,-50.09%,-14.38%,1.79,1.79,3.68,3.74,7.71%,2.44%,-7.65%,Aug 05/b,27.64,1.51%,"45,951"
AADVB,11.12M,-,59.90%,84.61%,58.89%,7.38,7.38,0.00,0.07,-,-,-,-,6.73,-2.60%,"27,056"
AADVE,-,1.85%,-,-,-,-,-,-,-,-,-,-,-,46.81,0.90%,821
AADX,3.22B,7.41%,-,-,-,-,-,-,-,-,-,-,-,25.79,0.39%,"188,888"
AADXN,3.25M,-,-115.52%,-151.69%,-362.44%,0.76,0.76,0.01,0.04,52.26%,-3142.13%,-8312.79%,Sep 28/b,3.07,3.02%,"13,411"
AAEAQ,315.93M,-,3.33%,3.45%,1.72%,2.70,2.70,0.00,0.00,-,-,-,-,10.08,-0.05%,10
AAEBI,846.65M,0.69%,1.31%,3.58%,1.39%,1.98,1.14,0.85,0.95,17.70%,5.87%,1.13%,Aug 13/b,10.91,1.68%,"322,653"
AAEC,68.63M,-,-31.59%,-56.86%,-46.45%,0.92,0.92,0.29,0.29,-531.48%,-3539.96%,-3849.57%,-,3.44,2.38%,"17,774"
AAEE,27.67B,3.02%,3.19%,12.02%,4.77%,0.53,0.37,1.39,1.59,31.72%,24.87%,17.86%,Jul 30/a,99.94,0.30%,"2,406,934"
AAEF,389.77M,9.17%,-,-,-,-,-,-,-,-,-,-,-,9.60,2.78%,"79,312"
AAEG,12.48B,5.97%,0.30%,10.57%,8.05%,1.16,-,0.43,0.43,-,2.48%,3.86%,Aug 20/b,8.45,-0.47%,"13,185,236"
AAEHG,-,-,-,-,-,-,-,-,-,-,-,-,-,10.24,10.58%,"1,285,078"
AAEHL,189.65M,-,-,-,-,3.48,3.48,0.02,0.08,-,-,-,Jul 06/b,10.00,-1.57%,"85,621"
AAEHR,3.50B,-,-3.61%,-4.16%,-3.11%,10.33,8.01,0.04,0.05,35.30%,-28.29%,-14.25%,Jul 14/a,107.21,5.52%,"2,203,948"
AAEI,28.84M,-,-38.54%,-43.41%,-35.42%,11.97,11.97,0.00,0.01,24.84%,-285.24%,-951.44%,-,0.74,-1.41%,"28,036"
AAEIS,12.19B,0.10%,7.60%,16.27%,8.18%,3.79,2.94,0.84,0.95,38.90%,14.62%,10.77%,Aug 03/a,304.28,3.46%,"437,545"
AAELV,-,1.37%,-,-,-,-,-,-,-,-,-,-,-,26.16,0.28%,44
AAEM,93.59B,0.89%,16.91%,22.97%,20.33%,2.86,2.02,0.01,0.01,61.34%,58.76%,40.44%,Oct 28/a,183.69,1.72%,"1,612,526"
AAEMC,-,-,-,-,-,-,-,-,-,-,-,-,-,19.90,0.67%,13
AAEMD,10.35M,-,-120.22%,-160.91%,-133.43%,5.04,5.04,0.00,0.07,-,-,-,Aug 13/a,6.45,-2.71%,"40,932"
AAEMG,-,-,-,-,-,-,-,-,-,-,-,-,-,20.02,1.03%,14
AAEMV,-,-,-,-,-,-,-,-,-,-,-,-,-,19.43,0.35%,12
AAENT,228.90M,-,3.31%,11.88%,6.38%,1.34,0.65,0.75,0.80,12.79%,3.12%,1.14%,Sep 10/a,4.49,1.81%,"25,101"
AAEO,2.97B,2.29%,8.08%,20.36%,9.98%,1.59,0.62,0.91,1.09,37.23%,9.34%,5.91%,Sep 09/a,17.71,-1.45%,"5,532,794"
AAEON,13.92M,-,-621.70%,-,-,0.54,0.54,-,-,-,-,-,Aug 12/a,0.28,-3.79%,"3,233,676"
AAEP,65.09B,3.22%,2.74%,10.14%,3.90%,0.50,0.38,1.51,1.67,30.87%,23.33%,13.82%,Jul 30/b,119.57,-0.15%,"5,539,042"
AAER,22.29B,1.06%,4.69%,18.66%,5.54%,0.68,0.66,2.33,2.33,55.84%,48.98%,44.96%,Jul 29/b,144.34,0.28%,"962,128"
AAERO,2.25B,-,3.04%,-,7.29%,0.62,0.56,-,-,20.39%,12.51%,3.80%,Oct 19/a,15.39,3.15%,"330,903"
AAERT,38.89M,-,7.05%,-,74.34%,0.85,0.85,-,-,25.98%,9.21%,3.68%,-,7.41,2.35%,"13,610"
AAES,10.64B,4.76%,3.72%,28.22%,5.21%,0.75,0.67,3.58,4.02,20.26%,18.69%,14.68%,Aug 04/a,14.91,-0.07%,"7,258,730"
AAESB,-,-,-,-,-,-,-,-,-,-,-,-,-,19.71,0.99%,11
AAESG,-,-,-,-,-,-,-,-,-,-,-,-,-,19.79,1.21%,9
AAESI,1.51B,-,-4.93%,-9.93%,-5.65%,1.82,1.58,0.88,0.94,4.16%,-9.39%,-11.08%,Aug 03/a,12.04,2.99%,"2,678,267"
AAESL,-,-,-,-,-,-,-,-,-,-,-,-,-,19.58,0.58%,9
AAESP,213.68M,-,-,-,0.12%,17.62,17.62,0.00,0.00,-,-,-,-,9.99,-0.00%,"56,532"
AAESR,-,-,-,-,-,-,-,-,-,-,-,-,-,20.15,0.90%,"31,187"
AAETH,-,2.32%,-,-,-,-,-,-,-,-,-,-,-,37.54,-0.09%,401
AAEVA,1.03B,-,-20.33%,-516.07%,-25.36%,7.85,7.56,3.64,3.72,26.30%,-610.95%,-150.12%,Aug 05/a,14.76,3.29%,"1,274,139"
AAEXA,550.00M,-,-,-,-0.44%,2.58,2.58,0.00,0.00,-,-,-,-,11.12,0.00%,"42,943"
AAEYE,86.98M,-,-13.33%,-86.74%,-24.06%,1.06,1.06,4.92,5.20,78.29%,-8.78%,-10.92%,Aug 13/a,6.92,-0.29%,"57,156"
AAFB,275.66M,6.26%,-,-,-,-,-,-,-,-,-,-,-,9.59,0.84%,"172,697"
AAFCG,78.64M,17.29%,1.51%,2.80%,1.32%,18.51,18.51,1.10,1.10,85.48%,39.29%,15.21%,Aug 13/b,3.50,0.43%,"41,953"
AAFDM,-,3.48%,-,-,-,-,-,-,-,-,-,-,-,88.98,0.94%,"1,877"
AAFEM,-,2.52%,-,-,-,-,-,-,-,-,-,-,-,98.81,1.20%,"7,081"
AAFG,11.53B,5.10%,3.73%,20.41%,13.91%,0.50,-,0.42,0.42,-,14.31%,11.69%,Aug 04/a,139.10,0.74%,"362,324"
AAFGR,-,0.01%,-,-,-,-,-,-,-,-,-,-,-,38.36,0.69%,"52,308"
AAFIF,-,4.13%,-,-,-,-,-,-,-,-,-,-,-,9.25,0.00%,"549,363"
AAFIX,-,4.89%,-,-,-,-,-,-,-,-,-,-,-,23.58,-0.25%,"9,283"
AAFJK,38.34M,-,1.44%,1.66%,5.15%,0.01,0.01,0.00,0.28,-,-,-,-,12.11,-3.81%,713
AAFK,-,1.00%,-,-,-,-,-,-,-,-,-,-,-,27.26,1.30%,"278,582"
AAFL,55.92B,2.19%,4.05%,16.91%,12.69%,1.00,-,0.26,0.29,-,33.36%,26.91%,Aug 06/a,111.54,0.32%,"1,874,054"
AAFLG,-,0.70%,-,-,-,-,-,-,-,-,-,-,-,44.72,0.63%,"190,012"
AAFMC,-,0.70%,-,-,-,-,-,-,-,-,-,-,-,40.49,1.03%,"226,984"
AAFNXU,-,-,-,-,-,0.00,0.00,0.00,0.91,-,-,-,-,-,-,0
AAFOS,-,0.22%,-,-,-,-,-,-,-,-,-,-,-,45.49,0.38%,"8,709"
AAFRI,303.07M,-,-5.36%,-,-133.98%,0.33,0.24,-,-,10.43%,-2.00%,-8.44%,-,11.24,2.18%,"27,840"
AAFRM,23.88B,-,14.32%,45.13%,12.80%,7.52,7.52,1.75,1.79,76.78%,22.05%,48.87%,Aug 27/a,70.77,0.48%,"2,519,848"
AAFRU,-,-,-,-,-,-,-,-,-,-,-,-,-,8.81,1.21%,"19,797"
AAFSC,-,0.06%,-,-,-,-,-,-,-,-,-,-,-,37.36,1.66%,304
AAFSM,-,0.51%,-,-,-,-,-,-,-,-,-,-,-,40.00,1.01%,"33,674"
AAFYA,1.12B,5.08%,8.50%,16.62%,9.82%,2.20,2.20,0.60,0.64,64.02%,32.46%,20.48%,Aug 13/a,12.22,1.16%,"236,347"
AAG,8.71B,0.23%,7.70%,12.73%,10.77%,2.57,2.38,0.09,0.11,49.63%,43.97%,21.18%,Jul 30/b,17.67,0.06%,"9,155,611"
AAGBK,873.22M,1.77%,-,-,9.22%,0.20,0.20,1.09,1.25,53.64%,15.30%,10.54%,Aug 05/a,5.46,0.18%,"246,288"
AAGCC,859.30M,-,3.79%,10.36%,6.10%,1.53,1.20,0.01,1.29,30.43%,12.63%,9.82%,-,15.00,-0.66%,"1,290"
AAGCO,8.03B,1.05%,4.41%,12.93%,8.37%,1.32,0.58,0.56,0.70,24.56%,6.59%,5.15%,Jul 30/b,114.61,2.50%,"886,132"
AAGD,297.08M,12.60%,-,-,-,-,-,-,-,-,-,-,-,11.35,-1.22%,"87,504"
AAGEM,-,2.39%,-,-,-,-,-,-,-,-,-,-,-,48.84,1.09%,"8,816"
AAGEN,377.55M,-,51.42%,-,-,0.34,0.34,-,-,95.95%,27.04%,69.18%,Aug 06/b,8.36,0.36%,"1,085,594"
AAGG,-,4.21%,-,-,-,-,-,-,-,-,-,-,-,94.25,-0.18%,"14,450,358"
AAGGA,-,4.29%,-,-,-,-,-,-,-,-,-,-,-,24.41,-0.04%,"41,954"
AAGGH,-,6.47%,-,-,-,-,-,-,-,-,-,-,-,18.94,0.31%,"116,944"
AAGGM,-,3.96%,-,-,-,-,-,-,-,-,-,-,-,99.29,-0.10%,"5,032"
AAGGS,-,5.38%,-,-,-,-,-,-,-,-,-,-,-,38.94,-0.08%,576
AAGGY,-,4.84%,-,-,-,-,-,-,-,-,-,-,-,41.17,-0.24%,"89,520"
AAGI,13.59B,0.49%,19.15%,27.41%,23.40%,1.78,1.38,0.04,0.05,60.13%,56.55%,52.64%,Oct 28/a,32.46,1.79%,"3,125,555"
AAGIG,44.15M,-,-125.87%,-196.10%,-126.56%,0.59,0.59,0.00,0.40,18.88%,-989.18%,-1441.38%,-,1.00,3.78%,"124,470"
AAGIO,1.90B,-,-31.89%,-34.34%,-39.62%,10.22,9.79,0.01,0.03,86.55%,-466.78%,-418.24%,Jul 30/b,31.80,-2.09%,"569,934"
AAGIQ,-,1.67%,-,-,-,-,-,-,-,-,-,-,-,27.07,1.26%,"7,412"
AAGIX,-,-,-,-,-,-,-,-,-,-,-,-,-,48.82,1.62%,"102,267"
AAGL,1.41B,-,-15.21%,-78.94%,-102.10%,1.08,1.08,0.08,0.15,-0.24%,-4.29%,-4.24%,Aug 05/a,84.14,2.26%,"205,186"
AAGM,2.27B,3.00%,0.63%,13.48%,0.97%,0.11,0.11,11.74,18.71,100.00%,89.76%,15.22%,Jul 30/a,214.79,2.68%,"115,923"
AAGMB,421.58M,-,-,-,-,12.88,12.88,0.00,0.00,-,-,-,Aug 06/a,8.56,-1.04%,"391,631"
AAGMH,3.62M,-,1.09%,1.89%,20.50%,13.27,11.06,0.05,0.06,10.30%,-15.32%,27.53%,-,0.70,2.32%,"118,470"
AAGMI,-,3.06%,-,-,-,-,-,-,-,-,-,-,-,69.24,0.89%,256
AAGNC,10.42B,16.38%,2.03%,19.80%,18.07%,0.19,0.19,0.00,8.61,100.00%,103.31%,41.73%,Oct 19/a,8.79,-1.79%,"39,792,828"
AAGNG,-,0.91%,-,-,-,-,-,-,-,-,-,-,-,35.94,-0.47%,"14,076"
AAGNT,609.98M,5.48%,-3.37%,-6.89%,-6.12%,1.52,1.52,0.00,0.02,6.83%,-0.23%,-0.35%,Aug 04/a,3.65,2.53%,"1,574,471"
AAGO,3.01B,2.22%,2.84%,6.27%,4.72%,5.80,-,0.34,0.34,-,55.94%,37.47%,Aug 06/a,68.47,0.29%,"486,097"
AAGOX,-,-,-,-,-,-,-,-,-,-,-,-,-,33.51,0.12%,"83,660"
AAGPU,140.02M,-,-488.39%,-1565.24%,-733.09%,1.45,1.45,0.02,0.05,-14.84%,-953.64%,-7770.02%,Aug 14/a,12.08,5.78%,"251,452"
AAGQ,-,-,-,-,-,-,-,-,-,-,-,-,-,67.42,-1.25%,"3,544,397"
AAGQI,-,1.69%,-,-,-,-,-,-,-,-,-,-,-,18.19,0.41%,"2,130"
AAGRO,1.46B,2.12%,1.16%,3.18%,1.38%,1.73,0.81,1.06,1.34,19.00%,1.86%,3.10%,Aug 11/a,10.10,1.71%,"622,142"
AAGRW,-,0.11%,-,-,-,-,-,-,-,-,-,-,-,33.42,1.00%,884
AAGRZ,5.99M,-,-,-,-,-,-,-,-,-,-,-,-,3.25,0.62%,"23,266"
AAGX,5.39B,0.55%,15.70%,39.85%,35.38%,1.50,1.49,0.00,0.02,20.68%,15.36%,15.09%,Sep 02/a,383.83,1.12%,"270,677"
AAGYS,2.80B,-,9.54%,13.80%,12.20%,1.74,1.67,0.04,0.05,60.20%,12.00%,12.99%,Jul 27/a,99.26,-1.05%,"245,990"
AAGZ,-,3.71%,-,-,-,-,-,-,-,-,-,-,-,106.26,-0.25%,"36,370"
AAGZD,-,4.09%,-,-,-,-,-,-,-,-,-,-,-,22.56,0.22%,"271,221"
AAHBM,-,-,-,-,-,-,-,-,-,-,-,-,-,26.78,1.50%,"4,461"
AAHCO,763.53M,-,-5.50%,-16.12%,-6.73%,1.12,0.98,1.45,1.50,15.94%,4.54%,-7.05%,Aug 04/b,5.60,-1.41%,"1,733,578"
AAHD,-,9.37%,-,-,-,-,-,-,-,-,-,-,-,26.55,0.17%,"40,565"
AAHG,982.15M,-,-8.35%,-9.86%,-10.36%,21.77,21.74,0.00,0.01,-8.39%,-28.93%,-135.08%,-,1.15,12.75%,"82,357"
AAHLT,-,1.43%,-,-,-,-,-,-,-,-,-,-,-,31.30,0.74%,"134,177"
AAHMA,39.24M,-,9.77%,12.97%,9.79%,4.18,4.18,0.00,0.01,23.56%,6.38%,6.05%,-,1.32,-1.49%,"21,090"
AAHR,11.14B,1.99%,2.37%,3.96%,2.33%,1.19,1.19,0.41,0.42,9.45%,6.82%,4.84%,Aug 06/a,50.75,0.12%,"2,444,269"
AAHRT,578.33M,9.29%,0.39%,1.50%,-2.48%,1.79,1.79,1.79,2.03,33.03%,26.75%,-17.29%,Aug 03/a,6.03,-1.63%,"1,099,950"
AAHT,14.75M,-,-2.42%,-,-7.10%,0.55,0.55,-,-,13.37%,6.34%,-13.09%,-,2.28,3.64%,"9,179"
AAHYB,-,6.23%,-,-,-,-,-,-,-,-,-,-,-,44.82,0.02%,"4,151"
AAI,1.77B,-,-48.43%,-59.77%,-64.24%,6.16,6.16,0.00,0.01,29.09%,-198.13%,-192.10%,Sep 02/a,11.01,-0.90%,"5,543,250"
AAIA,-,0.87%,-,-,-,-,-,-,-,-,-,-,-,144.67,1.13%,"94,919"
AAIAI,273.92M,-,-,-,-,0.76,0.74,0.03,0.04,-,-,-,-,3.50,6.06%,"103,642"
AAIB,124.61M,-,-557.73%,-,-7.37%,7.55,7.55,0.00,0.00,29.88%,-1705.69%,-1662.17%,Aug 14/b,1.64,7.89%,"4,030,766"
AAIBD,-,4.53%,-,-,-,-,-,-,-,-,-,-,-,41.44,-3.00%,"8,490"
AAIBF,-,-,-,-,-,-,-,-,-,-,-,-,-,24.85,0.57%,"34,866"
AAIBU,-,-,-,-,-,-,-,-,-,-,-,-,-,74.41,2.82%,"5,433"
AAIBZ,222.44M,-,-,-,-,0.34,0.34,0.98,3.00,-,-,-,-,4.00,-4.53%,"406,089"
AAICH,-,-,-,-,-,-,-,-,-,-,-,-,-,24.89,-0.89%,739
AAIDX,4.85M,-,-,-,-164.30%,1.99,1.95,0.12,0.18,31.52%,-215.69%,-343.43%,Aug 17/b,0.38,-7.07%,"65,803"
AAIEQ,-,0.39%,-,-,-,-,-,-,-,-,-,-,-,49.43,1.16%,"3,560"
AAIFA,28.70M,-,-33.84%,-66.40%,-97.84%,1.69,1.69,0.00,0.48,13.85%,-406.51%,-439.00%,-,4.47,1.71%,"144,041"
AAIFC,70.44M,-,-203.54%,-237.36%,-119.81%,0.60,0.60,0.03,0.04,40.47%,-112.47%,-4152.54%,-,0.50,1.43%,"836,848"
AAIFD,-,-,-,-,-,-,-,-,-,-,-,-,-,55.66,1.45%,"10,374"
AAIFF,21.34M,-,-59.52%,-70.52%,-64.35%,4.87,4.85,0.00,0.00,38.47%,-494.16%,-524.51%,-,1.36,-6.85%,"737,401"
AAIFR,-,-,-,-,-,-,-,-,-,-,-,-,-,26.80,1.66%,103
AAIFU,60.60M,-,-67.87%,-113.40%,-162.79%,2.96,1.00,0.01,0.08,50.90%,-313.71%,-355.28%,-,10.22,-8.09%,"9,382"
AAIG,39.18B,2.59%,2.36%,7.22%,5.97%,0.91,-,0.22,0.22,-,16.86%,11.13%,Aug 06/a,74.93,-0.66%,"4,739,467"
AAIHY,-,-,-,-,-,-,-,-,-,-,-,-,-,22.22,1.83%,"17,699"
AAII,510.60M,-,11.92%,26.24%,21.88%,1.46,-,0.09,0.09,-,36.21%,26.20%,Aug 11/a,26.06,0.85%,"109,448"
AAIIA,198.88M,-,4.56%,4.57%,2.28%,8.30,8.30,0.00,0.00,-,-,-,-,10.31,-0.10%,"1,859"
AAIIO,141.65M,-,-254.26%,-1342.79%,-123.03%,0.60,0.58,0.00,0.05,-,-347.17%,-214.70%,Aug 24/b,1.19,-4.03%,"517,038"
AAIIR,1.19B,-,-13.69%,-30.21%,-13.02%,1.41,1.12,1.82,2.19,56.58%,16.10%,-52.23%,Aug 20/b,7.39,-3.90%,"56,256"
AAIM,7.05M,-,-169.28%,-2382.30%,-183.30%,2.11,2.11,0.01,0.51,-726.32%,-11148.42%,-15021.05%,Aug 10/b,0.18,-4.10%,"1,331,540"
AAIMD,9.99M,-,-66.48%,-196.30%,-440.15%,0.13,0.12,0.00,4.21,-34987.54%,-101210.17%,-106283.32%,-,1.35,4.08%,"51,186"
AAIMG,-,-,-,-,-,-,-,-,-,-,-,-,-,21.12,1.94%,"6,649"
AAIMS,-,-,-,-,-,-,-,-,-,-,-,-,-,27.41,0.90%,"1,758"
AAIN,1.73B,1.82%,-2.98%,-6.26%,-4.28%,2.24,1.89,0.60,0.60,21.06%,-0.90%,-4.18%,Aug 04/b,60.88,3.10%,"215,711"
AAINF,-,0.24%,-,-,-,-,-,-,-,-,-,-,-,21.05,3.09%,51
AAINP,-,5.62%,-,-,-,-,-,-,-,-,-,-,-,24.03,-0.10%,"1,024"
AAINT,-,-,-,-,-,-,-,-,-,-,-,-,-,35.64,-0.78%,"3,116"
AAIO,877.51M,7.44%,-,-,-,-,-,-,-,-,-,-,-,25.48,1.27%,"65,225"
AAIOO,-,-,-,-,-,-,-,-,-,-,-,-,-,26.54,0.26%,"14,829"
AAIOS,36.78M,-,-,-,-,89.99,89.99,0.00,0.00,-,-,-,-,11.32,-5.59%,"32,787"
AAIOT,377.17M,-,-1.98%,-3.98%,-2.59%,1.10,0.96,0.50,0.61,55.74%,6.51%,-4.16%,Aug 10/b,2.81,0.36%,"1,596,783"
AAIP,1.21B,-,-23.84%,-131.41%,-53.70%,1.53,1.53,0.09,0.13,84.60%,-44.42%,-46.70%,Aug 06/a,24.66,2.71%,"614,053"
AAIPI,-,33.60%,-,-,-,-,-,-,-,-,-,-,-,37.76,0.48%,"196,806"
AAIPO,-,0.01%,-,-,-,-,-,-,-,-,-,-,-,28.87,1.44%,"945,892"
AAIQ,-,0.07%,-,-,-,-,-,-,-,-,-,-,-,66.23,0.85%,"1,544,638"
AAIQD,-,-,-,-,-,-,-,-,-,-,-,-,-,37.90,-1.38%,"4,013"
AAIQU,-,-,-,-,-,-,-,-,-,-,-,-,-,22.06,1.26%,"11,616"
AAIR,4.12B,-,6.09%,12.93%,7.11%,2.83,1.28,0.56,0.56,19.06%,8.54%,5.55%,Sep 28/a,102.51,2.61%,"1,145,710"
AAIRE,7.93M,-,-117.57%,-648.51%,-268.08%,1.02,1.02,0.01,0.32,-140.96%,-386.91%,-424.48%,Aug 14/a,1.32,0.76%,"24,245"
AAIRG,60.39M,-,-15.18%,-23.72%,-21.32%,2.01,1.71,0.12,0.15,43.44%,-13.99%,-13.65%,Aug 05/a,4.61,8.47%,"103,274"
AAIRI,13.19M,-,-3.21%,-10.56%,-9.02%,1.24,0.31,0.08,1.70,18.64%,-1.14%,-3.77%,-,2.72,2.64%,"9,565"
AAIRJ,294.81M,-,-24.83%,-31.57%,-34.09%,19.70,19.70,0.00,0.00,-,-,-,Aug 13/a,3.92,-1.01%,"707,886"
AAIRO,207.95M,-,-3.38%,-3.64%,-3.52%,2.87,2.30,0.00,0.01,49.20%,-19.56%,-23.86%,Aug 13/b,6.59,0.76%,"369,987"
AAIRR,-,0.10%,-,-,-,-,-,-,-,-,-,-,-,106.72,2.24%,"1,009,810"
AAIRS,127.61M,-,-5.99%,-11.98%,-7.45%,0.79,0.79,0.50,0.68,51.60%,-0.72%,-7.79%,Aug 10/b,1.77,4.12%,"886,664"
AAIRT,79.86M,-,19.36%,210.70%,20.13%,1.43,0.61,3.86,4.06,17.03%,-7.67%,17.17%,-,29.80,-0.20%,"17,646"
AAIS,-,-,-,-,-,-,-,-,-,-,-,-,-,77.61,1.93%,"3,270,606"
AAISP,73.01M,-,188.65%,-,-,3.18,3.02,-,-,56.17%,-36.10%,144.60%,Aug 06/b,2.12,-4.50%,"2,632,854"
AAIT,12.62B,0.61%,13.40%,22.37%,18.08%,2.58,1.75,0.23,0.26,29.01%,11.69%,8.35%,Aug 13/b,343.45,1.20%,"268,399"
AAIUP,-,-,-,-,-,-,-,-,-,-,-,-,-,32.22,-0.82%,"1,438"
AAIV,280.31M,-,32.33%,242.28%,49.31%,2.37,2.37,2.07,2.41,18.42%,-5.10%,0.71%,-,1.93,-3.02%,"2,190,560"
AAIVC,-,0.10%,-,-,-,-,-,-,-,-,-,-,-,119.13,1.54%,"25,041"
AAIVI,-,5.01%,-,-,-,-,-,-,-,-,-,-,-,57.41,0.70%,303
AAIVL,-,1.52%,-,-,-,-,-,-,-,-,-,-,-,128.66,0.53%,"3,092"
AAIX,-,-,-,-,-,-,-,-,-,-,-,-,-,25.50,1.54%,205
AAIXI,0.24M,-,-190.51%,-,-,0.06,0.06,-,-,-94.28%,-4285.20%,-4544.48%,-,1.81,48.97%,"74,002,504"
AAIYY,-,100.30%,-,-,-,-,-,-,-,-,-,-,-,7.41,-1.20%,"108,963"
AAIZ,13.19B,1.32%,3.67%,18.34%,13.28%,3.28,-,0.31,0.36,-,10.71%,7.90%,Aug 04/a,267.32,0.41%,"349,502"
AAJAN,-,-,-,-,-,-,-,-,-,-,-,-,-,28.62,-0.01%,"9,164"
AAJG,57.95B,1.24%,1.94%,6.72%,4.34%,1.05,1.05,0.53,0.59,90.43%,17.08%,9.96%,Jul 30/a,226.11,-2.46%,"1,398,271"
AAJUL,-,-,-,-,-,-,-,-,-,-,-,-,-,30.30,0.05%,"9,427"
AAKA,121.07M,-,-6.56%,-25.52%,-9.19%,1.11,0.38,2.05,2.26,56.48%,-0.39%,-4.43%,Aug 05/a,10.85,0.00%,440
AAKAF,-,3.41%,-,-,-,-,-,-,-,-,-,-,-,31.19,0.75%,208
AAKAL,-,-,-,-,-,-,-,-,-,-,-,-,-,18.46,3.30%,"86,273"
AAKAM,15.65B,-,3.21%,8.92%,3.42%,1.61,1.61,1.53,1.97,53.37%,11.92%,9.51%,Aug 06/a,108.92,1.86%,"5,045,504"
AAKAN,5.21M,-,-805.66%,-,-,0.22,0.22,-,-,-234.12%,-1290.25%,-7691.50%,-,1.98,-10.41%,"224,234"
AAKBA,239.70M,-,-8.53%,-109.38%,-15.93%,1.43,1.35,6.44,8.43,78.92%,-6.02%,-13.54%,Aug 05/a,0.87,-0.69%,"7,105,017"
AAKO-A,1.87B,6.09%,8.78%,24.84%,11.76%,1.61,1.08,0.90,0.94,39.59%,13.34%,8.42%,Jul 28/b,23.66,0.55%,362
AAKO-B,2.26B,5.03%,8.78%,24.84%,11.76%,1.61,1.08,0.90,0.94,39.59%,13.34%,8.42%,Jul 28/b,28.67,0.05%,"3,379"
AAKR,2.60B,4.30%,0.94%,1.93%,1.13%,1.29,1.29,0.69,0.76,31.69%,19.41%,11.01%,Jul 28/a,18.63,-0.27%,"1,528,296"
AAKRE,-,-,-,-,-,-,-,-,-,-,-,-,-,53.18,-0.51%,"376,627"
AAKTS,1.03B,-,-,-,-,16.33,16.33,0.02,0.02,-,-,-,Aug 13/a,18.52,0.00%,"337,989"
AAKTX,15.26M,-,-69.02%,-139.80%,-166.16%,0.60,0.60,0.00,0.04,-,-,-,Aug 13/a,8.72,-1.36%,"15,259"
AALA,-,-,-,-,-,-,-,-,-,-,-,-,-,13.87,-3.55%,"4,575"
AALAB,60.78B,-,23.07%,25.83%,20.95%,10.05,9.36,0.02,0.03,75.13%,22.75%,30.74%,Aug 04/a,350.33,-1.71%,"4,102,110"
AALAI,-,-,-,-,-,-,-,-,-,-,-,-,-,47.04,0.60%,"80,026"
AALAR,12.79M,-,2.91%,3.79%,3.29%,2.58,2.58,0.05,0.08,57.91%,1.49%,2.53%,Sep 02,1.74,7.41%,"23,582"
AALB,12.34B,1.55%,1.35%,2.19%,1.84%,2.09,1.35,0.18,0.19,23.84%,14.12%,0.97%,Aug 05/a,104.59,-0.42%,"2,004,941"
AALBG,-,-,-,-,-,-,-,-,-,-,-,-,-,4.17,-0.72%,"11,166"
AALC,30.74B,0.57%,2.06%,2.94%,2.45%,2.09,1.30,0.22,0.25,56.85%,10.93%,5.92%,Aug 10/a,63.76,-0.28%,"1,274,398"
AALCO,284.21M,0.65%,0.75%,1.41%,0.81%,7.96,7.93,0.81,0.81,-74.23%,-140.77%,8.98%,Aug 10/a,38.31,0.00%,"16,223"
AALDB,-,-,-,-,-,-,-,-,-,-,-,-,-,25.91,0.31%,168
AALDF,323.77M,-,3.53%,3.53%,3.47%,16.76,16.76,0.00,0.00,-,-,-,-,10.82,-0.00%,26
AALDX,70.58M,-,-34.80%,-49.48%,-60.85%,4.84,4.84,0.00,0.00,-,-,-,Jul 31,1.17,-9.30%,"2,278,805"
AALEC,202.10M,-,-42.15%,-385.11%,-3160.47%,5.26,5.26,-,-,37.07%,-856.86%,-850.13%,Aug 06/a,1.81,-2.69%,"1,170,910"
AALF,132.51M,-,5.20%,5.64%,23.21%,0.22,0.22,0.00,0.00,-,-,-,-,10.92,0.00%,119
AALG,1.96B,0.84%,6.16%,8.77%,6.94%,4.39,2.48,0.23,0.23,23.11%,8.91%,6.08%,Aug 03/a,161.01,2.97%,"162,100"
AALGM,7.37B,-,1.01%,1.51%,1.13%,3.70,2.33,0.31,0.32,47.20%,6.22%,1.50%,Jul 30/b,39.53,8.66%,"5,907,088"
AALGN,10.21B,-,6.55%,10.16%,9.58%,1.40,1.28,0.02,0.03,70.65%,18.38%,9.99%,Oct 28/a,143.74,-1.10%,"549,998"
AALGS,34.59M,-,-75.57%,-113.59%,-236.11%,2.19,2.19,0.01,0.11,96.58%,-250.63%,-241.01%,Aug 06/b,5.54,0.73%,"29,035"
AALGT,2.12B,-,0.46%,1.76%,0.58%,0.83,0.80,1.42,1.60,12.71%,8.64%,0.86%,Aug 04/a,77.61,2.85%,"466,747"
AALH,4.23B,-,-,-,8.12%,1.43,1.14,3.39,3.79,36.49%,19.22%,10.08%,Aug 13/b,21.30,0.33%,"1,489,252"
AALHC,1.65B,-,3.57%,20.04%,6.83%,1.70,-,1.25,1.25,-,1.20%,0.89%,Jul 30/a,7.94,2.58%,"9,805,566"
AALIL,-,0.22%,-,-,-,-,-,-,-,-,-,-,-,30.85,1.41%,"2,413"
AALIS,87.06M,-,-,-,0.95%,3.05,3.05,0.00,0.00,-,-,-,-,10.33,0.19%,"102,916"
AALIT,238.41M,0.21%,-36.51%,-97.34%,-66.00%,1.38,1.38,2.00,2.06,18.92%,2.91%,-90.86%,Aug 04/a,8.85,-2.32%,"489,323"
AALK,4.41B,-,-0.85%,-4.60%,-1.65%,0.55,0.51,1.89,2.08,10.78%,-0.32%,-1.19%,Jul 21/a,39.53,0.10%,"2,663,130"
AALKS,7.00B,-,1.99%,3.85%,1.98%,2.30,1.85,0.85,0.87,82.13%,8.62%,3.97%,Jul 28/b,41.75,2.98%,"2,423,455"
AALKT,1.49B,-,-5.40%,-12.77%,-6.28%,1.92,1.92,0.98,0.99,55.97%,-7.08%,-9.21%,Jul 29/a,13.89,-1.07%,"1,382,128"
AALL,56.57B,1.93%,11.93%,46.11%,32.30%,0.43,-,0.22,0.22,-,23.82%,18.80%,Aug 06/b,223.74,-0.30%,"1,845,563"
AALLE,13.11B,1.41%,12.82%,33.73%,15.34%,1.93,1.23,1.03,1.05,44.80%,20.83%,15.36%,Jul 23/b,154.21,-0.05%,"888,007"
AALLO,518.24M,-,-32.43%,-42.39%,-32.67%,10.72,10.72,0.16,0.18,-151.47%,-3886.14%,-3566.68%,Aug 12/a,1.50,-2.60%,"4,656,621"
AALLR,16.55M,-,-46.26%,-157.09%,-348.81%,1.11,1.11,0.00,6.30,100.00%,-3128.99%,-3575.07%,Aug 14/b,1.04,0.00%,"28,915"
AALLT,415.63M,-,5.73%,9.35%,8.22%,2.26,2.01,0.04,0.06,70.53%,6.74%,9.40%,Aug 12/b,8.43,0.36%,"181,340"
AALLW,-,4.50%,-,-,-,-,-,-,-,-,-,-,-,28.58,-0.09%,"441,964"
AALLY,11.53B,3.17%,0.75%,9.68%,4.93%,0.98,-,0.90,1.49,-,11.32%,8.41%,Oct 20/b,37.91,0.69%,"3,719,549"
AALM,3.87B,-,10.92%,39.58%,8.49%,9.58,9.51,1.37,1.48,48.59%,5.27%,125.91%,Aug 11/a,13.40,1.67%,"5,726,746"
AALMR,2.38B,-,-,-,-,11.85,10.23,0.16,0.16,-,-,-,Aug 10/a,34.36,5.85%,"339,922"
AALMS,914.44M,-,-74.94%,-93.65%,-90.74%,6.74,6.74,0.07,0.08,52.31%,-5479.55%,-5933.45%,Aug 13/a,6.85,-4.99%,"2,624,795"
AALMU,253.41M,-,-22.88%,-24.48%,-15.58%,30.32,30.32,0.03,0.04,35.24%,-228.33%,-205.31%,Sep 16/a,13.12,4.29%,"401,541"
AALNT,2.01B,0.13%,4.84%,9.51%,5.68%,3.42,1.95,0.61,0.63,31.15%,8.94%,4.98%,Aug 05/a,118.30,2.03%,"202,982"
AALNY,29.40B,-,15.96%,100.70%,20.01%,3.05,2.99,1.98,2.21,79.65%,20.81%,16.82%,Jul 30/b,219.72,-4.96%,"1,661,854"
AALOV,375.94M,-,-,-,0.96%,9.88,9.88,0.00,0.00,-,-,-,-,10.02,0.10%,"2,367"
AALOY,563.68M,-,-132.81%,-150.23%,-76.33%,30.68,30.68,0.00,0.00,57.98%,-4460.02%,-5144.43%,Aug 13/a,8.12,0.12%,"1,302,370"
AALP,7.13M,-,-,-,-,0.88,0.88,0.00,0.00,-,-,-,Aug 31,4.60,-2.85%,"54,313"
AALPS,65.73M,-,-17.24%,-62.50%,-,0.04,0.04,-,-,-,-,-,Aug 07/b,0.40,1.28%,"14,806"
AALPX,147.31M,-,-,-,-,3.68,3.68,0.00,0.00,-,-,-,-,9.96,0.00%,"25,014"
AALRG,-,0.41%,-,-,-,-,-,-,-,-,-,-,-,31.44,0.90%,19
AALRM,2.68B,-,6.28%,14.19%,8.28%,4.96,4.38,0.65,0.66,62.57%,13.01%,11.11%,Aug 06/a,54.68,-0.33%,"391,114"
AALRS,814.38M,2.66%,0.52%,4.95%,4.06%,0.03,-,0.17,0.77,-,10.79%,8.24%,Oct 28/a,32.67,2.96%,"201,565"
AALSN,9.74B,0.95%,7.49%,28.35%,8.57%,1.81,1.17,2.12,2.14,35.35%,21.40%,12.02%,Aug 03/a,117.97,1.45%,"749,682"
AALT,532.01M,-,-25.58%,-28.87%,-17.99%,26.77,26.77,0.08,0.08,-219.35%,-320725.81%,-296000.00%,Aug 12/b,2.73,-0.91%,"4,252,719"
AALTG,211.68M,-,-5.82%,-2085.71%,-10.33%,1.38,0.51,-,-,24.42%,0.90%,-4.58%,Aug 06/a,6.48,2.53%,"285,390"
AALTI,453.80M,-,-4.97%,-9.00%,-11.52%,1.11,1.11,0.12,0.13,-,-26.71%,-46.90%,Aug 10/a,2.91,-2.35%,"110,302"
AALTL,-,1.34%,-,-,-,-,-,-,-,-,-,-,-,44.26,1.35%,"5,086"
AALTO,292.43M,-,13.16%,22.23%,15.39%,3.19,2.17,0.30,0.32,6.72%,5.49%,5.38%,Aug 05/a,3.77,2.45%,"1,026,463"
AALTY,-,7.93%,-,-,-,-,-,-,-,-,-,-,-,11.78,0.24%,"10,953"
AALUB,364.05M,-,-,-,-1.07%,1.98,1.98,0.00,0.00,-,-,-,-,10.13,-0.10%,"18,540"
AALV,8.19B,3.07%,7.58%,25.93%,15.00%,1.03,0.79,0.72,0.88,19.22%,9.97%,5.79%,Oct 23/b,111.85,-1.08%,"715,032"
AALVO,2.13B,-,-12.05%,-,-14.88%,1.65,0.96,-,-,60.45%,9.12%,-36.51%,Aug 19/a,5.45,-3.02%,"750,933"
AALX,1.25B,7.38%,13.46%,92.02%,16.05%,16.17,16.17,3.73,3.73,31.18%,28.61%,79.06%,Aug 03/b,243.86,0.01%,"30,573"
AALXO,168.70M,-,-63.16%,-80.65%,-55.41%,9.71,9.71,0.07,0.08,-,-,-,Aug 06/b,1.22,-6.15%,"2,256,846"
AALZN,6.61M,-,-122.36%,-163.23%,-156.77%,3.01,3.01,0.00,0.00,-,-,-,Sep 15,1.37,4.18%,"236,409"
AAM,9.66B,4.43%,6.61%,19.82%,7.21%,0.84,0.84,1.85,1.86,62.92%,56.10%,30.41%,Jul 29/a,20.36,0.49%,"3,151,686"
AAMA,-,-,-,-,-,-,-,-,-,-,-,-,-,28.12,4.00%,"293,323"
AAMAA,-,-,-,-,-,-,-,-,-,-,-,-,-,28.67,2.56%,269
AAMAC,355.64M,-,-,-,-,0.00,0.00,-,-,-,-,-,-,9.80,0.00%,15
AAMAL,1.44B,1.41%,1.26%,14.28%,12.41%,0.04,-,0.09,0.09,-,30.77%,23.41%,Jul 23/b,48.19,0.73%,"297,126"
AAMAN,104.54M,-,-,-,-,3.86,3.86,0.00,0.00,-,-,-,-,10.50,-1.32%,"23,834"
AAMAT,428.57B,0.36%,23.84%,41.07%,29.37%,2.42,1.79,0.23,0.29,49.40%,31.09%,30.05%,Aug 13/a,540.04,2.03%,"6,080,420"
AAMAU,-,-,-,-,-,-,-,-,-,-,-,-,-,17.11,4.27%,"205,772"
AAMAX,-,12.14%,-,-,-,-,-,-,-,-,-,-,-,7.42,-0.67%,"35,527"
AAMBA,3.03B,-,-7.58%,-9.41%,-8.93%,2.85,2.29,0.02,0.02,57.51%,-14.61%,-13.48%,Sep 03/a,68.65,-2.35%,"1,361,316"
AAMBO,4.80M,-,-,-,-,2.44,2.28,0.79,1.02,-,-,-,Aug 14/a,1.83,-1.56%,"7,302"
AAMBP,2.65B,9.02%,0.74%,-,1.19%,1.06,0.73,-,-,10.40%,5.26%,0.52%,Jul 23/b,4.44,1.14%,"1,453,166"
AAMBQ,1.65B,-,-14.09%,-15.55%,-9.06%,15.95,14.83,0.01,0.01,43.62%,-43.32%,-37.77%,Aug 11/b,68.18,-1.40%,"420,306"
AAMBR,156.46M,-,0.26%,0.74%,-0.15%,1.22,1.22,0.00,0.01,75.98%,0.66%,-0.28%,Sep 03/b,1.81,-4.23%,"97,394"
AAMC,2.47B,-,-6.83%,-,-9.99%,0.55,0.55,-,-,26.71%,5.23%,-10.59%,Jul 20/b,2.77,0.36%,"19,086,412"
AAMCI,70.55M,-,-5.95%,-6.54%,-20.74%,11.39,9.31,0.00,0.01,-,-,-,Apr 21/a,3.01,-5.64%,"34,685"
AAMCR,19.35B,6.21%,2.98%,9.41%,4.17%,1.25,0.76,1.25,1.28,17.54%,8.61%,4.71%,Aug 12/b,41.86,0.12%,"2,401,925"
AAMCX,460.35M,-,-0.48%,-2.10%,-0.75%,1.76,1.76,1.91,1.92,44.46%,7.72%,-0.88%,Jul 30/b,11.16,-0.53%,"698,854"
AAMD,1034.84B,-,8.12%,10.20%,9.11%,2.61,1.91,0.05,0.06,50.37%,15.71%,15.58%,Aug 04/a,633.91,2.95%,"19,865,309"
AAMDC,-,-,-,-,-,-,-,-,-,-,-,-,-,30.50,5.52%,"3,956"
AAMDD,-,14.74%,-,-,-,-,-,-,-,-,-,-,-,21.69,-2.95%,"651,352"
AAMDG,-,2.06%,-,-,-,-,-,-,-,-,-,-,-,143.76,5.57%,"40,779"
AAMDL,-,-,-,-,-,-,-,-,-,-,-,-,-,84.54,5.63%,"2,319,967"
AAMDW,-,46.22%,-,-,-,-,-,-,-,-,-,-,-,106.30,3.41%,"120,295"
AAMDY,-,57.02%,-,-,-,-,-,-,-,-,-,-,-,52.17,2.50%,"350,577"
AAME,57.76B,0.54%,9.89%,14.56%,12.58%,1.21,0.76,0.11,0.21,40.94%,26.45%,20.04%,Aug 04/b,251.93,1.14%,"1,588,819"
AAMEI,-,-,-,-,-,-,-,-,-,-,-,-,-,26.03,1.24%,"24,010"
AAMEM,-,-,-,-,-,-,-,-,-,-,-,-,-,24.99,1.62%,"1,230"
AAMG,9.61B,0.01%,9.40%,27.29%,14.17%,1.29,1.29,0.99,0.99,93.99%,21.70%,37.63%,Jul 30/b,371.43,-0.14%,"219,433"
AAMGN,217.90B,2.51%,9.53%,91.47%,13.76%,1.37,1.13,4.44,4.90,72.71%,33.31%,22.89%,Aug 04/a,403.04,-1.04%,"3,510,312"
AAMGR,-,-,-,-,-,-,-,-,-,-,-,-,-,26.08,1.69%,"8,452"
AAMH,10.89B,4.35%,3.57%,6.83%,4.00%,1.00,1.00,0.75,0.76,31.24%,24.78%,24.50%,Jul 30/a,30.26,-0.88%,"3,023,358"
AAMHI,-,1.26%,-,-,-,-,-,-,-,-,-,-,-,23.02,-0.85%,31
AAMID,-,0.32%,-,-,-,-,-,-,-,-,-,-,-,37.05,1.19%,"3,103"
AAMIX,7.41M,-,-248.22%,-315.99%,-509.36%,4.85,4.85,0.00,0.00,-,-,-,Sep 02,3.78,-3.57%,"2,578,459"
AAMJB,-,5.73%,-,-,-,-,-,-,-,-,-,-,-,35.12,1.36%,"8,455"
AAMKL,-,-,-,-,-,-,-,-,-,-,-,-,-,7.58,11.63%,"242,397"
AAMKR,13.92B,0.62%,6.38%,12.56%,7.81%,2.17,1.91,0.53,0.58,15.51%,8.92%,7.45%,Jul 27/a,56.02,5.90%,"4,347,531"
AAMKX,-,-,-,-,-,-,-,-,-,-,-,-,-,12.25,12.05%,784
AAMLP,-,7.73%,-,-,-,-,-,-,-,-,-,-,-,52.64,0.73%,"2,087,897"
AAMLX,3.49B,-,-66.25%,-74.73%,-62.48%,12.12,12.12,0.02,0.02,-,-,-,Aug 06/b,27.79,-1.03%,"912,394"
AAMMO,-,-,-,-,-,-,-,-,-,-,-,-,-,24.63,1.69%,350
AAMN,1.42B,-,4.59%,15.56%,6.94%,1.13,1.13,1.04,1.05,23.80%,4.68%,3.05%,Aug 06/a,36.63,2.15%,"887,207"
AAMOD,17.20M,-,-544.55%,-,-,0.34,0.34,-,-,-,-127536.19%,-155449.47%,Jun 03,3.49,198.29%,"194,457,253"
AAMOM,-,0.03%,-,-,-,-,-,-,-,-,-,-,-,62.79,1.16%,"6,513"
AAMP,43.36B,1.38%,2.06%,63.43%,31.09%,8.47,8.47,0.99,1.03,51.56%,27.14%,19.91%,Oct 29/b,490.91,-0.79%,"462,937"
AAMPG,91.63M,-,-14.94%,-19.39%,-15.97%,3.76,2.61,0.07,0.08,29.83%,-34.68%,-33.37%,Aug 13/a,3.05,-1.29%,"684,910"
AAMPH,1.08B,-,4.68%,10.30%,5.44%,2.40,1.71,0.88,0.90,45.61%,15.66%,10.76%,Aug 06/a,25.43,0.32%,"374,220"
AAMPL,1.81B,-,-24.48%,-47.89%,-70.23%,0.95,0.95,0.04,0.07,72.28%,-27.22%,-26.59%,Aug 05/a,14.52,1.54%,"1,728,502"
AAMPU,-,-,-,-,-,-,-,-,-,-,-,-,-,2.05,0.99%,"244,486"
AAMPX,1.41B,-,-28.21%,-37.97%,-29.35%,7.17,6.54,0.04,0.05,22.25%,-17.05%,-35.16%,Aug 04/a,9.67,0.62%,"5,046,039"
AAMPY,180.75M,-,2.90%,4.60%,4.43%,1.31,1.31,0.00,0.01,28.61%,3.37%,9.18%,Aug 10/a,4.36,-0.46%,"355,742"
AAMR,2.17B,-,-1.99%,-2.96%,-3.06%,3.41,2.37,0.01,0.01,0.93%,-2.17%,-2.23%,Aug 07/b,171.54,0.73%,"200,758"
AAMRC,1.14B,-,0.62%,2.49%,0.92%,1.49,1.47,1.49,1.63,15.91%,6.83%,1.40%,Aug 03/a,21.57,2.71%,"380,488"
AAMRN,260.83M,-,-4.18%,-5.96%,-6.03%,3.67,2.67,0.01,0.01,40.42%,-12.88%,-14.57%,Jul 29/b,12.35,-2.91%,"100,386"
AAMRO,-,-,-33.23%,-59.73%,-31.69%,2.75,2.04,0.64,0.64,-42.73%,-192.31%,-201.33%,-,-,-,0
AAMRX,6.48B,-,4.37%,-,5.82%,2.20,1.44,80.87,84.55,39.32%,15.30%,5.05%,Jul 30/b,20.30,1.15%,"2,815,676"
AAMRZ,20.38B,1.63%,4.98%,9.53%,6.72%,1.10,0.73,0.39,0.55,25.02%,15.63%,9.89%,Aug 06/a,37.26,0.03%,"3,538,033"
AAMS,9.38M,-,-3.06%,-7.46%,-6.51%,0.77,0.77,0.18,0.89,17.07%,-7.44%,-5.83%,Aug 13/b,1.41,-1.40%,"3,642"
AAMSC,1.45B,-,22.48%,30.16%,23.75%,2.43,1.74,0.00,0.01,27.77%,4.41%,42.56%,Aug 05/a,30.01,1.73%,"534,780"
AAMSF,437.27M,6.87%,4.56%,18.23%,18.79%,0.64,-,0.00,0.00,-,17.45%,14.00%,Oct 28/a,23.59,-0.38%,"494,373"
AAMSS,4.88M,-,-,-,-,0.70,0.26,-,-,-,-,-,Aug 14/a,0.42,-2.64%,"74,757"
AAMST,6.16M,-,-101.06%,-114.83%,-116.66%,6.42,6.42,0.00,0.00,23.95%,-861.65%,-848.69%,-,0.94,-1.38%,"39,560"
AAMT,75.58B,4.42%,5.35%,91.52%,7.94%,0.35,0.35,10.51,12.09,54.84%,45.16%,31.08%,Oct 27/b,162.20,0.71%,"2,908,532"
AAMTB,1.16B,1.22%,0.55%,6.13%,3.09%,0.04,-,1.00,1.00,-,12.64%,9.09%,Oct 22/a,29.56,0.68%,"282,682"
AAMTD,31.60M,-,1.89%,2.87%,2.13%,8.83,8.83,0.28,0.33,27.78%,81.04%,72.38%,-,0.74,-3.94%,"11,565"
AAMTM,4.44B,-,1.77%,4.46%,2.41%,1.52,1.52,0.80,0.81,7.40%,3.93%,1.44%,Aug 10/a,18.14,-1.84%,"2,312,424"
AAMTX,124.13M,-,-22.74%,-,-,0.08,0.05,-,-,10.40%,-5.02%,-26.14%,Aug 06/b,1.72,-0.58%,"503,428"
AAMUB,-,5.77%,-,-,-,-,-,-,-,-,-,-,-,22.09,0.94%,361
AAMUN,-,2.89%,-,-,-,-,-,-,-,-,-,-,-,25.92,-0.06%,"103,668"
AAMUU,-,0.46%,-,-,-,-,-,-,-,-,-,-,-,300.63,5.82%,"37,688"
AAMWL,210.74M,-,-21.82%,-31.01%,-35.31%,2.87,2.86,0.00,0.01,37.05%,-33.15%,-35.75%,Aug 04/a,12.39,-3.35%,"146,907"
AAMX,65.16B,3.24%,5.00%,24.05%,9.22%,0.71,0.66,1.52,1.84,43.88%,22.02%,9.38%,Jul 21/a,21.29,2.70%,"3,006,081"
AAMYY,-,103.59%,-,-,-,-,-,-,-,-,-,-,-,13.66,0.30%,"34,074"
AAMZA,-,8.20%,-,-,-,-,-,-,-,-,-,-,-,47.95,0.59%,"32,269"
AAMZD,-,2.74%,-,-,-,-,-,-,-,-,-,-,-,8.68,-1.25%,"9,724,213"
AAMZG,-,-,-,-,-,-,-,-,-,-,-,-,-,14.77,2.39%,"40,148"
AAMZN,2712.97B,-,15.22%,30.56%,17.46%,1.03,0.87,0.40,0.44,50.77%,12.68%,17.44%,Jul 30/a,251.52,1.33%,"33,433,392"
AAMZO,-,-,-,-,-,-,-,-,-,-,-,-,-,14.45,-2.63%,"8,699"
AAMZP,-,19.65%,-,-,-,-,-,-,-,-,-,-,-,25.18,1.36%,"3,272"
AAMZU,-,2.26%,-,-,-,-,-,-,-,-,-,-,-,34.59,2.55%,"1,487,378"
AAMZW,-,43.44%,-,-,-,-,-,-,-,-,-,-,-,34.58,1.66%,"14,192"
AAMZY,-,44.54%,-,-,-,-,-,-,-,-,-,-,-,10.31,0.59%,"204,087"
AAMZZ,-,-,-,-,-,-,-,-,-,-,-,-,-,32.38,2.48%,"65,763"
AAN,5.37B,-,5.33%,32.77%,8.87%,0.78,0.18,2.87,5.02,16.92%,4.69%,2.82%,Jul 31/b,162.46,-1.53%,"402,084"
AANAB,1.45B,-,70.78%,-114.55%,70.40%,5.61,5.61,25.25,25.46,96.78%,56.36%,82.37%,Sep 21/a,48.53,-0.21%,"441,125"
AANDE,2.30B,1.18%,5.12%,13.22%,9.42%,1.51,0.81,0.43,0.68,7.01%,1.24%,1.62%,Aug 03/a,67.72,3.41%,"393,232"
AANDG,6.46B,-,22.00%,206.05%,-,2.19,2.19,-,-,34.12%,14.47%,11.86%,Aug 12/a,57.14,-0.38%,"685,484"
AANEL,-,-,-,-,-,-,-,-,-,-,-,-,-,28.38,2.87%,"18,704"
AANET,261.51B,-,20.10%,31.48%,27.33%,2.96,2.59,0.00,0.00,63.00%,43.14%,38.37%,Aug 04/a,207.35,1.40%,"4,148,414"
AANEW,-,0.49%,-,-,-,-,-,-,-,-,-,-,-,53.98,0.76%,16
AANF,5.77B,-,15.54%,40.50%,22.52%,1.41,0.87,0.76,0.95,60.71%,13.90%,10.04%,Aug 26/b,135.91,-0.33%,"1,053,871"
AANGH,33.77M,-,-75.20%,-205.22%,-326.04%,0.49,0.49,0.00,0.00,-26.06%,-73.99%,-90.10%,-,3.73,4.36%,"1,235"
AANGI,245.37M,-,-14.25%,-26.25%,-20.42%,1.20,1.20,0.58,0.58,89.39%,4.86%,-22.35%,Aug 04/a,6.05,3.24%,"640,403"
AANGL,-,6.92%,-,-,-,-,-,-,-,-,-,-,-,27.57,-0.14%,"1,723,080"
AANGO,635.44M,-,-13.43%,-20.77%,-20.40%,2.18,1.48,0.05,0.06,51.29%,-6.97%,-11.48%,Oct 08/b,15.11,-0.07%,"1,128,003"
AANGU,-,-,-,-,-,-,-,-,-,-,-,-,-,25.50,0.70%,"15,959"
AANGX,761.97M,-,-131.22%,-221.24%,-526.81%,0.65,0.64,-,-,63.04%,-30.10%,-37.45%,Aug 04/a,4.08,-3.55%,"2,192,642"
AANIK,255.61M,-,-1.68%,-2.19%,-2.36%,4.48,3.19,0.17,0.18,62.16%,-4.24%,-3.14%,Jul 29/b,19.10,-1.34%,"92,258"
AANIP,1.66B,-,7.05%,19.33%,8.42%,2.91,2.40,0.99,1.02,51.63%,13.34%,10.18%,Aug 07/b,72.18,-1.07%,"309,509"
AANIX,102.55M,-,-63.45%,-66.84%,-71.11%,8.54,8.54,0.01,0.01,-,-,-,Sep 11,2.95,6.50%,"434,484"
AANL,886.24M,-,-14.10%,-20.28%,-10.12%,9.55,9.55,0.04,0.12,-,-133.92%,-124.82%,Aug 14/b,15.09,-4.25%,"77,002"
AANNA,178.71M,-,8.00%,21.82%,19.50%,1.90,1.90,0.00,0.00,69.24%,28.95%,19.76%,-,2.67,1.14%,"102,646"
AANNX,794.34M,-,-79.38%,-105.26%,-97.63%,5.53,5.53,0.12,0.13,-,-,-,Aug 12/b,4.19,1.70%,"4,019,803"
AANPA,29.75M,-,-623.21%,-1076.43%,-786.70%,2.85,2.85,0.00,0.09,-549.64%,-592.28%,-590.38%,-,1.97,-4.37%,"8,238"
AANRO,973.20M,-,-40.90%,-49.17%,-35.48%,14.85,14.85,0.08,0.11,-,-,-,Aug 12/a,24.80,-2.02%,"660,721"
AANTA,55.66M,-,0.45%,6.10%,3.15%,1.29,1.29,0.84,3.72,48.91%,-5.04%,7.94%,Aug 19/b,2.32,-9.38%,"3,576"
AANTW,-,-,-,-,-,-,-,-,-,-,-,-,-,25.25,1.61%,"95,130"
AANTX,215.47M,-,-46.06%,-50.12%,-47.78%,14.32,14.32,0.00,0.00,-,-,-,Aug 11/a,5.71,1.60%,"451,333"
AANV,-,9.27%,-,-,-,-,-,-,-,-,-,-,-,25.54,0.15%,"27,473"
AANVS,50.36M,-,-227.74%,-703.68%,-,3.47,3.47,-,-,-,-,-,Aug 14/b,1.18,0.85%,"648,552"
AAOA,-,2.16%,-,-,-,-,-,-,-,-,-,-,-,97.63,0.43%,"137,050"
AAOCT,-,-,-,-,-,-,-,-,-,-,-,-,-,27.83,-0.23%,"86,539"
AAOD,1.08B,12.16%,-,-,-,-,-,-,-,-,-,-,-,10.20,1.39%,"301,586"
AAOHY,-,6.81%,-,-,-,-,-,-,-,-,-,-,-,10.69,0.27%,"45,509"
AAOK,-,3.52%,-,-,-,-,-,-,-,-,-,-,-,40.32,-0.15%,"241,545"
AAOM,-,3.19%,-,-,-,-,-,-,-,-,-,-,-,48.63,-0.29%,"822,456"
AAOMR,169.93M,17.49%,0.67%,7.77%,0.82%,0.10,0.10,8.76,10.62,91.18%,87.93%,12.20%,Aug 04/b,7.32,0.69%,"117,693"
AAON,57.16B,1.19%,7.29%,44.88%,16.82%,1.03,1.03,1.42,1.65,89.58%,28.47%,22.27%,Jul 29/b,269.45,-2.36%,"1,608,967"
AAOR,-,2.65%,-,-,-,-,-,-,-,-,-,-,-,68.57,0.06%,"502,885"
AAORT,1.09B,-,-0.33%,-0.73%,-0.37%,2.97,2.01,0.90,0.92,61.17%,6.63%,-0.67%,Aug 06/a,22.31,1.73%,"559,477"
AAOS,7.71B,2.54%,14.52%,27.13%,20.18%,1.59,1.04,0.35,0.37,38.51%,18.09%,13.15%,Jul 30/b,56.75,0.14%,"1,091,183"
AAOSL,916.43M,-,-4.23%,-5.22%,-5.18%,3.44,1.85,0.02,0.04,22.32%,-6.36%,-6.23%,Aug 12/a,30.24,4.85%,"559,648"
AAOTG,-,-,-,-,-,-,-,-,-,-,-,-,-,68.39,0.68%,"14,602"
AAOUT,206.36M,-,-1.66%,-2.35%,-2.01%,4.93,1.97,0.18,0.19,45.97%,-0.44%,-1.97%,Sep 03/a,16.35,1.93%,"160,906"
AAP,200.39M,-,-11.53%,-126.34%,-38.23%,1.78,0.96,3.98,4.56,14.11%,2.04%,-13.84%,Aug 11/b,9.70,7.90%,"160,723"
AAPA,15.30B,2.30%,9.30%,25.95%,15.58%,0.95,0.79,0.53,0.55,48.00%,41.32%,19.04%,Aug 05/a,43.68,0.78%,"3,977,626"
AAPAC,82.68M,-,3.53%,3.55%,1.78%,4.88,4.88,0.00,0.00,-,-,-,-,10.27,0.00%,"2,066"
AAPAM,2.83B,10.01%,18.73%,67.84%,37.01%,2.89,2.89,0.75,0.75,-,36.65%,20.63%,Jul 28/a,34.88,-3.65%,"1,210,111"
AAPC,737.34M,9.74%,-,-,-,1.18,1.03,2.91,3.04,-,-,-,Aug 06/a,15.50,3.13%,"280,323"
AAPCB,-,4.09%,-,-,-,-,-,-,-,-,-,-,-,28.10,-0.14%,"48,126"
AAPD,61.81B,2.60%,-0.12%,-0.32%,-0.15%,1.08,0.92,1.24,1.31,32.11%,24.29%,-0.38%,Jul 30/b,277.57,1.55%,"1,015,304"
AAPDB,-,-,-,-,-,-,-,-,-,-,-,-,-,26.30,0.28%,114
AAPEI,800.33M,-,8.50%,15.58%,10.13%,3.25,3.25,0.44,0.49,53.43%,10.20%,6.84%,Aug 10/a,43.73,0.85%,"285,509"
AAPG,17.66B,-,3.74%,10.35%,4.98%,1.39,1.32,0.98,1.09,28.47%,6.41%,-3.19%,Jul 30/b,40.48,1.17%,"2,960,721"
AAPH,214.44B,0.61%,14.60%,38.08%,15.74%,1.89,1.41,1.11,1.21,38.95%,28.13%,17.73%,Oct 28/b,86.96,1.51%,"10,765,276"
AAPHG,-,-,-,-,-,-,-,-,-,-,-,-,-,16.49,2.70%,"1,099"
AAPHU,-,-,-,-,-,-,-,-,-,-,-,-,-,28.24,3.75%,"2,517"
AAPI,303.84M,-,1.54%,1.96%,1.68%,5.11,5.11,0.18,0.18,64.49%,-4.81%,7.23%,Aug 13/a,4.08,-1.45%,"71,420"
AAPIE,-,3.42%,-,-,-,-,-,-,-,-,-,-,-,38.59,0.94%,"33,602"
AAPLD,7.59B,-,-4.48%,-21.89%,-3.59%,4.01,4.01,2.82,2.86,22.38%,-29.73%,-43.39%,Oct 07/a,25.38,5.05%,"26,393,738"
AAPLE,3.90B,5.81%,3.58%,5.53%,3.87%,0.39,0.39,0.44,0.51,20.52%,17.81%,12.17%,Aug 05/a,16.51,0.86%,"1,808,296"
AAPLM,69.73M,-,-110.43%,-1305.37%,-,0.96,-,-,-,-,-,-128.69%,Apr 27/b,22.69,-2.48%,421
AAPLU,-,5.00%,-,-,-,-,-,-,-,-,-,-,-,23.35,-0.26%,"27,868"
AAPLX,-,-,-,-,-,-,-,-,-,-,-,-,-,7.38,9.99%,"6,045,025"
AAPLY,-,30.46%,-,-,-,-,-,-,-,-,-,-,-,11.72,1.03%,"54,163"
AAPLZ,-,-,-,-,-,-,-,-,-,-,-,-,-,21.66,-9.75%,"266,904"
AAPMC,198.99M,-,-,-,-,4.69,4.69,0.00,0.00,-,-,-,-,9.97,0.00%,"113,898"
AAPMD,895.48M,-,-,-,-,5.06,5.06,1.15,1.15,-,-,-,Sep 08/a,21.51,-4.57%,"682,085"
AAPMI,-,-,-,-,-,-,-,-,-,-,-,-,-,18.22,3.05%,"1,084"
AAPMU,-,2.60%,-,-,-,-,-,-,-,-,-,-,-,24.03,-0.14%,"61,167"
AAPNAU,-,-,-,-,-,-,-,-,-,-,-,-,-,-,-,0
AAPO,67.33B,1.96%,0.38%,8.63%,5.01%,0.11,0.11,0.65,0.65,60.37%,21.34%,4.57%,Aug 04/b,114.02,-0.28%,"2,810,737"
AAPOC,-,-,-,-,-,-,-,-,-,-,-,-,-,26.70,0.15%,"15,565"
AAPOG,743.22M,3.00%,6.05%,13.76%,8.71%,1.76,1.34,0.53,0.56,23.84%,9.02%,4.88%,Oct 06/b,35.62,-0.27%,"268,795"
AAPP,89.76B,-,61.99%,203.68%,66.03%,4.30,4.30,1.11,1.11,87.65%,77.74%,64.57%,Aug 05/a,268.22,-4.65%,"8,968,978"
AAPPC,-,-,-,-,-,-,-,-,-,-,-,-,-,7.65,-9.54%,"10,101"
AAPPF,7.19B,-,25.91%,32.09%,28.29%,3.69,3.69,0.06,0.07,61.56%,17.52%,15.13%,Jul 23/a,202.97,-0.62%,"340,693"
AAPPN,2.63B,-,-1.81%,-,-6.38%,0.90,0.90,-,-,71.35%,4.37%,-1.34%,Aug 06/b,36.68,-2.89%,"531,305"
AAPPS,1.35B,-,-4.21%,-20.39%,-6.55%,1.20,1.20,1.80,1.87,38.26%,10.33%,-5.82%,Aug 04/a,11.17,-3.29%,"2,792,269"
AAPPX,-,108.65%,-,-,-,-,-,-,-,-,-,-,-,9.18,-9.47%,"4,690,428"
AAPRB,-,-,-,-,-,-,-,-,-,-,-,-,-,27.58,0.18%,556
AAPRE,8.75M,-,-41.30%,-46.15%,-31.40%,13.55,13.55,0.00,0.00,-324.92%,-255025.52%,-237362.80%,Aug 12/b,0.69,-3.94%,"862,295"
AAPRH,-,7.49%,-,-,-,-,-,-,-,-,-,-,-,24.81,0.08%,"2,275"
AAPRJ,-,6.19%,-,-,-,-,-,-,-,-,-,-,-,24.61,-0.10%,791
AAPRP,-,-,-,-,-,-,-,-,-,-,-,-,-,33.48,0.25%,"2,522"
AAPRT,-,-,-,-,-,-,-,-,-,-,-,-,-,47.15,0.27%,63
AAPRW,-,-,-,-,-,-,-,-,-,-,-,-,-,37.93,0.21%,"10,023"
AAPRZ,-,3.09%,-,-,-,-,-,-,-,-,-,-,-,40.65,0.57%,16
AAPT,51.95M,-,5.66%,6.61%,5.88%,17.04,11.18,0.10,0.12,36.42%,7.50%,6.79%,Aug 06/b,5.09,0.39%,"13,636"
AAPTV,9.04B,-,1.29%,2.93%,1.54%,2.02,1.33,0.64,0.65,17.56%,9.65%,1.17%,Aug 04/b,43.54,-0.98%,"2,714,974"
AAPUE,-,0.73%,-,-,-,-,-,-,-,-,-,-,-,47.51,0.91%,"90,164"
AAPUR,147.82M,-,-,-,-0.03%,4.97,4.97,0.00,0.00,-,-,-,-,10.03,-0.05%,"98,119"
AAPUS,4.86M,-,-84.20%,-100.13%,-54.59%,0.51,0.51,0.00,0.14,-,-,-,-,3.22,-21.46%,"138,735"
AAPVO,3.19M,-,-185.67%,-445.43%,-299.90%,2.08,2.08,0.54,0.70,-,-,-,Aug 14/b,1.76,0.00%,"12,570"
AAPWC,27.21M,-,1.69%,3.70%,3.30%,2.39,1.29,0.01,0.30,8.28%,2.41%,1.28%,Aug 14/b,1.32,0.00%,"3,134"
AAPXM,-,-,-,-,-,-,-,-,-,-,-,-,-,32.20,0.14%,"7,314"
AAPXT,466.49M,-,3.53%,3.69%,1.84%,0.44,0.44,0.00,0.00,-,-,-,-,10.15,0.00%,"214,333"
AAPYX,107.42M,-,-14.48%,-96.38%,-17.33%,5.68,4.53,3.67,3.72,38.70%,-6.06%,-14.78%,Aug 06/a,2.55,2.00%,"51,682"
AAQB,4.76M,-,-8.91%,-20.81%,-652.65%,4.26,4.26,0.00,0.00,-,-,-,-,0.93,1.64%,"76,678"
AAQEC,-,1.11%,-,-,-,-,-,-,-,-,-,-,-,25.65,0.75%,"12,211"
AAQLG,-,-,-,-,-,-,-,-,-,-,-,-,-,26.16,0.80%,11
AAQLT,-,0.97%,-,-,-,-,-,-,-,-,-,-,-,32.22,0.98%,"24,025"
AAQMS,8.30M,-,-146.30%,-218.39%,-165.20%,2.43,2.35,0.02,0.05,-,-,-,Jul 30/a,2.33,-2.51%,"41,650"
AAQN,4.04B,5.10%,1.44%,4.28%,1.39%,0.88,0.69,1.32,1.44,19.91%,19.91%,5.52%,Aug 07/b,5.10,1.39%,"4,384,141"
AAQST,571.08M,-,-69.29%,-,-86.35%,7.19,6.74,-,-,67.04%,-97.52%,-144.63%,Aug 11/a,4.55,2.48%,"2,272,518"
AAQWA,-,1.65%,-,-,-,-,-,-,-,-,-,-,-,18.13,1.09%,"2,377"
AAR,10.48B,-,7.74%,13.87%,8.87%,0.40,0.40,0.47,0.55,25.75%,21.80%,18.32%,Jul 29/a,34.08,0.15%,"4,472,885"
AARAI,11.18M,-,-274.94%,-621.87%,-456.87%,0.92,0.91,0.32,1.14,-228.52%,-24765.17%,-55216.79%,Aug 13/b,0.22,0.00%,"128,855"
AARAY,33.56M,-,-10.77%,-80.08%,-22.79%,1.49,0.72,4.18,4.50,27.71%,-2.88%,-12.24%,Aug 19/a,0.28,5.16%,"4,683,346"
AARB,-,0.42%,-,-,-,-,-,-,-,-,-,-,-,30.02,2.28%,"28,043"
AARBB,7.86M,-,-22.26%,-28.26%,-31.43%,2.81,2.81,0.00,0.00,-3.34%,-15.34%,-21.77%,-,4.30,-6.52%,"1,561"
AARBE,78.56M,-,-53.65%,-80.64%,-94.83%,2.30,2.30,0.03,0.64,-24.09%,-2359.86%,-2116.84%,Aug 06/b,0.61,3.48%,"1,016,715"
AARBK,32.92M,-,-,-,33.83%,0.51,0.51,0.14,0.27,-1.69%,-63.10%,31.95%,-,2.25,0.00%,"9,772"
AARCB,2.96B,0.38%,0.66%,1.27%,1.02%,0.97,0.97,0.26,0.36,7.16%,3.07%,0.39%,Jul 29/b,132.61,2.31%,"331,611"
AARCC,13.54B,10.18%,3.22%,6.88%,3.24%,1.36,1.36,1.14,1.14,78.21%,58.03%,29.21%,Oct 27/b,18.86,-1.57%,"5,108,648"
AARCI,355.44M,-,-,-,-,9.50,9.50,0.00,0.00,-,-,-,-,10.08,-0.20%,"10,069"
AARCL,178.97M,-,-,-,0.47%,0.00,0.00,0.00,0.00,-,-,-,-,9.99,-0.10%,13
AARCM,-,3.57%,-,-,-,-,-,-,-,-,-,-,-,99.92,0.03%,21
AARCO,1.48B,3.70%,7.07%,36.38%,8.95%,0.88,0.81,2.45,2.65,12.38%,5.98%,5.15%,Aug 13/b,7.11,2.89%,"2,438,406"
AARCP,-,0.58%,-,-,-,-,-,-,-,-,-,-,-,24.21,-0.14%,"2,114"
AARCT,370.35M,-,-34.96%,-46.31%,-48.89%,5.88,5.88,0.11,0.13,85.37%,-563.29%,-498.16%,Aug 06/a,13.03,-1.36%,"744,853"
AARCX,-,-,-,-,-,-,-,-,-,-,-,-,-,9.38,-6.56%,"53,235"
AARDC,275.37M,11.70%,-,-,-,-,-,-,-,-,-,-,-,11.49,0.09%,"89,905"
AARDT,1.46B,-,1.52%,6.01%,2.18%,2.10,1.99,1.66,1.68,14.84%,4.03%,1.22%,Aug 04/a,10.34,0.88%,"280,611"
AARDX,832.29M,-,-10.68%,-38.61%,-13.80%,3.34,3.15,1.71,1.72,93.62%,-7.86%,-12.35%,Aug 06/a,3.34,-1.18%,"4,092,151"
AARE,8.25B,6.08%,-2.86%,-6.30%,-3.62%,1.57,1.57,0.83,0.85,23.41%,27.28%,-36.32%,Oct 26/a,47.37,0.72%,"2,068,827"
AAREC,191.48M,-,-17.90%,-,-34.10%,0.10,0.09,-,-,-,-31609.89%,-39087.51%,Aug 18,1.79,-0.56%,"1,122,176"
AARES,38.82B,4.62%,2.07%,14.13%,3.13%,0.53,0.53,3.74,3.75,78.90%,30.39%,6.96%,Oct 29/b,117.55,0.84%,"2,594,262"
AARGT,-,1.22%,-,-,-,-,-,-,-,-,-,-,-,84.52,0.21%,"80,398"
AARGX,57.51B,-,19.92%,23.62%,20.27%,5.12,4.89,0.00,0.01,89.49%,28.83%,32.82%,Oct 22/b,919.21,-1.79%,"333,879"
AARHS,1.45B,-,5.00%,17.28%,7.20%,1.33,0.60,1.32,1.47,39.65%,6.62%,4.91%,Aug 06/b,10.24,3.75%,"2,786,647"
AARI,796.97M,68.55%,2.03%,7.83%,7.47%,2.43,2.43,0.30,0.30,45.00%,224.12%,46.79%,Aug 10/a,6.20,-1.27%,"3,636,296"
AARIA,-,-,-,-,-,-,-,-,-,-,-,-,-,25.89,1.09%,40
AARIS,3.61B,-,11.34%,21.13%,12.84%,1.91,1.68,0.26,0.29,51.24%,46.31%,22.43%,Jul 29/a,17.50,1.04%,"1,532,988"
AARKB,-,-,-,-,-,-,-,-,-,-,-,-,-,27.93,-0.43%,"1,561,137"
AARKD,-,-,-,-,-,-,-,-,-,-,-,-,-,21.54,0.84%,22
AARKE,-,-,-,-,-,-,-,-,-,-,-,-,-,21.17,0.76%,"2,367"
AARKF,-,0.09%,-,-,-,-,-,-,-,-,-,-,-,45.53,-0.04%,"117,937"
AARKG,-,-,-,-,-,-,-,-,-,-,-,-,-,54.00,1.56%,"3,027,167"
AARKI,-,-,-,-,-,-,-,-,-,-,-,-,-,23.69,0.93%,21
AARKK,-,-,-,-,-,-,-,-,-,-,-,-,-,89.83,1.41%,"5,557,344"
AARKO,467.81M,2.88%,0.41%,3.41%,0.54%,1.60,1.15,4.44,4.65,3.53%,1.52%,0.11%,Aug 07/b,4.17,1.46%,"310,690"
AARKQ,-,0.25%,-,-,-,-,-,-,-,-,-,-,-,124.48,2.51%,"220,629"
AARKR,16.23M,-,-2.40%,-9.60%,-2.92%,0.78,0.68,2.45,2.66,5.53%,-1.56%,-2.04%,Aug 11/b,4.50,-3.23%,"1,514"
AARKT,-,0.23%,-,-,-,-,-,-,-,-,-,-,-,20.02,0.78%,34
AARKW,-,1.44%,-,-,-,-,-,-,-,-,-,-,-,162.89,1.49%,"222,426"
AARKX,-,-,-,-,-,-,-,-,-,-,-,-,-,32.68,2.22%,"803,960"
AARKY,-,1.33%,-,-,-,-,-,-,-,-,-,-,-,20.31,-0.64%,"84,360"
AARL,259.08M,-,0.77%,1.36%,1.03%,10.84,10.84,0.30,0.35,-5.73%,-18.30%,16.36%,-,16.04,-4.07%,"2,971"
AARLI,-,-,-,-,-,-,-,-,-,-,-,-,-,25.94,0.86%,65
AARLO,1.38B,-,8.80%,22.07%,18.60%,1.40,1.15,0.04,0.05,45.97%,3.17%,5.20%,Aug 06/a,12.78,0.08%,"1,377,241"
AARLP,3.16B,9.78%,9.07%,14.79%,11.56%,1.75,1.32,0.29,0.33,20.68%,16.44%,12.12%,Jul 27/b,24.53,0.78%,"239,541"
AARLU,-,-,-,-,-,-,-,-,-,-,-,-,-,32.58,0.76%,"2,186"
AARM,328.40B,-,10.14%,13.35%,11.53%,5.25,5.25,0.05,0.06,93.88%,17.26%,20.25%,Jul 29/a,307.49,5.18%,"5,902,359"
AARMA,-,-,-,-,-,-,-,-,-,-,-,-,-,16.11,8.63%,"24,462"
AARMG,-,1.18%,-,-,-,-,-,-,-,-,-,-,-,23.52,9.91%,"2,902,794"
AARMH,-,1.20%,-,-,-,-,-,-,-,-,-,-,-,13.12,4.54%,"5,782"
AARMK,14.64B,0.87%,2.81%,11.82%,3.92%,1.28,1.14,1.88,1.91,5.90%,4.39%,1.93%,Aug 11/b,55.55,1.76%,"1,983,699"
AARMP,130.88M,-,-225.11%,-,-,0.11,0.11,-,-,66.88%,-636.55%,-3467.04%,Aug 12/a,3.52,6.34%,"124,489"
AARMS,-,0.61%,-,-,-,-,-,-,-,-,-,-,-,24.43,-0.10%,522
AARMW,-,65.24%,-,-,-,-,-,-,-,-,-,-,-,48.59,6.05%,"121,344"
AARMY,-,-,-,-,-,-,-,-,-,-,-,-,-,23.09,0.81%,"6,146"
AAROC,5.32B,3.03%,7.32%,21.95%,8.31%,1.39,0.94,1.52,1.52,48.91%,38.33%,21.59%,Aug 04/a,30.33,-0.30%,"1,453,510"
AAROW,700.01M,3.18%,1.15%,11.95%,10.61%,0.11,-,0.08,0.75,-,25.89%,20.47%,Jul 23/b,37.79,1.40%,"59,605"
AARP,-,5.78%,-,-,-,-,-,-,-,-,-,-,-,34.16,0.26%,"3,904"
AARQ,84.72M,-,-20.19%,-27.15%,-28.85%,1.03,0.61,0.08,0.23,18.11%,-6.55%,-42.33%,Aug 10/a,1.94,2.65%,"210,258"
AARQQ,428.45M,-,-156.14%,-230.33%,-172.74%,4.88,4.88,0.04,0.08,9.30%,-4855.25%,-4715.38%,May 21/b,24.62,2.80%,"194,166"
AARQT,3.16B,-,6.78%,15.86%,8.70%,2.92,2.67,0.49,0.52,91.14%,7.38%,6.15%,Aug 05/a,25.16,-0.51%,"1,778,472"
AARR,1.92B,21.19%,2.21%,20.33%,16.71%,1.12,1.12,0.00,7.54,95.53%,114.37%,41.46%,Jul 22/a,13.59,-1.59%,"5,793,655"
AARRY,628.35M,-,-5.58%,-25.98%,-8.25%,2.20,1.81,2.52,2.54,21.62%,3.63%,-12.48%,Aug 05/a,4.08,4.88%,"5,752,714"
AARTC,348.51M,-,-,-,1.32%,20.59,20.59,0.00,0.00,-,-,-,-,10.02,0.00%,114
AARTL,2.02M,-,-234.30%,-705.71%,-253.22%,3.00,3.00,0.00,0.01,-,-,-,Aug 13/b,3.68,-3.92%,"63,801"
AARTNA,347.54M,3.77%,2.77%,9.42%,5.37%,1.01,0.89,0.71,0.72,37.35%,31.99%,20.18%,Aug 06/a,33.62,2.00%,"32,062"
AARTV,333.92M,-,-33.76%,-36.58%,-25.65%,24.16,24.16,0.02,0.03,-,-,-,Aug 06/a,6.83,0.59%,"587,649"
AARTW,16.25M,-,-0.10%,-0.16%,-0.13%,2.17,0.61,0.18,0.47,24.16%,1.51%,-0.08%,-,3.12,4.16%,"5,207"
AARTY,-,0.05%,-,-,-,-,-,-,-,-,-,-,-,80.24,1.42%,"724,694"
AARVN,484.51M,-,1.17%,1.59%,1.64%,7.91,7.91,0.01,0.01,95.64%,-4.01%,2.94%,Aug 04/b,7.41,-0.27%,"585,123"
AARVR,-,0.62%,-,-,-,-,-,-,-,-,-,-,-,58.86,0.85%,17
AARW,12.32B,-,2.59%,12.17%,8.96%,1.22,1.01,0.29,0.31,10.92%,3.76%,2.26%,Aug 06/a,242.01,4.48%,"1,131,361"
AARWG,-,0.13%,-,-,-,-,-,-,-,-,-,-,-,26.18,1.13%,"4,449"
AARWR,9.07B,-,-18.32%,-64.78%,-17.81%,5.90,5.90,2.86,2.96,96.15%,-33.82%,-47.79%,Aug 04/a,64.19,-0.93%,"1,487,639"
AARX,4.29B,-,-28.10%,-380.14%,-154.73%,1.64,-,0.17,0.17,-,23.37%,-181.92%,Aug 13/b,19.73,0.00%,"1,432,690"
AARXS,21.55B,-,-,-,-,5.21,3.79,0.40,0.40,-,-,-,Jul 29/a,50.03,5.28%,"2,105,765"
AAS,15.81B,-,5.68%,8.83%,7.15%,1.76,0.80,0.11,0.16,59.81%,12.86%,7.35%,Aug 18/b,27.17,0.33%,"5,973,319"
AASA,1.04B,0.12%,-,-,-,-,-,-,-,-,-,-,-,56.69,2.00%,"40,918"
AASAN,1.97B,-,-18.15%,-93.80%,-51.69%,0.87,0.87,1.86,2.48,87.56%,-14.97%,-18.63%,Sep 03/a,8.62,-3.47%,"4,080,065"
AASB,5.48B,3.33%,1.05%,9.66%,7.78%,0.05,-,0.15,1.02,-,24.31%,19.17%,Oct 22/a,29.00,0.97%,"1,694,812"
AASBH,-,-,-,-,-,-,-,-,-,-,-,-,Oct 29/a,17.50,-1.85%,"171,395"
AASBP,12.31M,-,-152.09%,-1032.14%,-93.97%,7.99,7.81,0.00,0.00,18.35%,-7259.85%,-11314.12%,-,8.78,8.13%,"16,601"
AASC,788.44M,9.66%,14.95%,16.23%,14.88%,5.45,4.84,0.05,0.05,35.27%,28.48%,28.67%,Jul 29/b,19.30,0.26%,"526,012"
AASCE,-,0.17%,-,-,-,-,-,-,-,-,-,-,-,33.47,1.12%,"159,937"
AASCI,-,0.75%,-,-,-,-,-,-,-,-,-,-,-,36.75,1.71%,"1,155"
AASD,-,0.03%,-,-,-,-,-,-,-,-,-,-,-,26.37,-0.08%,328
AASEA,-,3.70%,-,-,-,-,-,-,-,-,-,-,-,20.95,0.24%,"30,347"
AASEC,-,1.32%,-,-,-,-,-,-,-,-,-,-,-,49.28,0.16%,15
AASG,323.69M,9.25%,-,-,-,-,-,-,-,-,-,-,-,5.08,0.59%,"240,080"
AASGI,603.64M,13.72%,-,-,-,-,-,-,-,-,-,-,-,19.08,0.32%,"221,853"
AASGM,-,1.60%,-,-,-,-,-,-,-,-,-,-,-,33.09,0.41%,"4,446"
AASH,3.18B,1.93%,1.63%,3.99%,1.56%,3.05,1.89,0.78,0.79,26.59%,8.57%,2.82%,Jul 28/a,69.52,1.33%,"501,061"
AASHR,-,2.33%,-,-,-,-,-,-,-,-,-,-,-,32.51,-0.73%,"3,251,892"
AASHS,-,-,-,-,-,-,-,-,-,-,-,-,-,40.14,-0.67%,"1,806"
AASIA,-,0.85%,-,-,-,-,-,-,-,-,-,-,-,41.96,1.15%,125
AASIC,1.25B,-,8.43%,17.46%,16.04%,0.89,-,0.00,0.00,-,28.38%,20.67%,Jul 29/a,26.17,-2.17%,"58,321"
AASIX,437.96M,3.95%,-1.07%,-2.19%,-1.50%,1.28,0.70,0.48,0.53,5.62%,-0.61%,-1.14%,Aug 07/b,16.22,1.50%,"239,947"
AASLE,240.54M,-,-0.56%,-0.90%,-0.63%,3.27,0.69,0.41,0.42,28.86%,0.61%,-1.23%,Aug 06/a,5.04,0.80%,"579,181"
AASLV,-,0.82%,-,-,-,-,-,-,-,-,-,-,-,29.91,0.59%,"3,087"
AASM,942.67M,-,18.09%,21.05%,15.65%,5.85,5.31,0.02,0.03,55.48%,43.86%,37.02%,Aug 12/b,5.55,0.73%,"2,366,515"
AASMB,458.93M,-,-0.02%,-0.03%,-0.01%,13.99,13.99,0.01,0.01,99.85%,-11.75%,-0.06%,Aug 13/a,22.54,-1.91%,"368,313"
AASMF,-,0.19%,-,-,-,-,-,-,-,-,-,-,-,27.54,0.40%,270
AASMG,-,4.80%,-,-,-,-,-,-,-,-,-,-,-,52.73,6.17%,"32,892"
AASMH,-,1.53%,-,-,-,-,-,-,-,-,-,-,-,13.00,3.01%,"5,754"
AASML,719.70B,0.57%,22.54%,54.37%,45.57%,1.33,0.80,0.09,0.09,52.73%,35.42%,30.11%,Oct 14/b,1867.31,3.25%,"1,345,027"
AASMU,-,1.16%,-,-,-,-,-,-,-,-,-,-,-,34.51,6.38%,"52,952"
AASMZ,-,-,-,-,-,-,-,-,-,-,-,-,-,22.61,6.25%,196
AASND,14.96B,-,44.55%,121.87%,41.62%,2.99,2.32,0.27,0.31,89.84%,10.32%,70.99%,Aug 13/b,227.87,0.25%,"641,435"
AASO,3.00B,0.90%,7.34%,18.61%,9.86%,1.74,0.35,0.84,0.90,35.78%,9.55%,6.39%,Sep 09/b,48.73,1.84%,"1,432,644"
AASPC,25.31M,-,1.27%,1.29%,12.93%,1.42,1.42,0.00,0.00,-,-,-,-,10.83,-0.58%,"4,574"
AASPI,446.13M,-,-42.84%,-104.60%,-27.59%,3.86,3.84,0.81,1.02,-0.49%,-312.31%,-428.00%,Jun 03,2.91,7.78%,"4,206,044"
AASPN,472.21M,-,-27.49%,-50.36%,-44.35%,2.51,2.22,0.48,0.65,5.31%,-41.49%,-62.45%,Aug 06/b,5.69,2.34%,"839,121"
AASPS,72.75M,-,-7.74%,-,-14.39%,1.17,1.17,-,-,42.52%,2.48%,-6.23%,Jul 23/b,6.37,3.24%,"6,597"
AASR,6.49B,5.98%,11.74%,26.22%,13.07%,3.29,3.27,0.79,0.83,43.15%,42.15%,26.07%,Jul 23/a,234.41,1.31%,"70,570"
AASRV,78.87M,2.58%,0.59%,7.28%,4.72%,0.25,-,0.47,0.54,-,11.59%,9.51%,Apr 21/b,4.64,4.38%,"12,251"
AASST,2.93B,-,-134.96%,-137.87%,-68.90%,7.62,7.62,0.00,0.00,-10.89%,-14415.58%,-17113.26%,Aug 10/b,30.03,-0.27%,"11,388,034"
AASSX,-,-,-,-,-,-,-,-,-,-,-,-,-,27.86,-0.54%,"102,762"
AASTC,14.88M,-,-60.75%,-75.39%,-79.28%,7.06,5.23,0.12,0.14,-104.92%,-1546.83%,-1578.34%,-,7.06,-4.98%,"28,890"
AASTE,967.07M,1.24%,1.58%,2.87%,1.86%,2.51,1.09,0.53,0.57,25.96%,5.38%,1.26%,Aug 05/b,42.00,3.24%,"202,443"
AASTG,-,-,-,-,-,-,-,-,-,-,-,-,-,6.89,4.31%,"96,671"
AASTH,1.78B,-,2.18%,5.08%,2.32%,1.23,1.23,1.10,1.18,8.82%,2.61%,1.05%,Aug 06/a,35.88,2.78%,"310,358"
AASTI,22.68M,-,-65.05%,-86.58%,-51.65%,6.31,6.08,0.03,0.07,-447.04%,-4310.16%,-4252.98%,Aug 17,2.31,0.43%,"431,883"
AASTL,458.56M,-,-44.25%,-138.29%,-86.59%,2.49,1.35,3.43,3.68,-47.45%,-54.29%,-71.60%,Jul 29/a,4.34,5.60%,"1,361,617"
AASTN,-,-,-,-,-,-,-,-,-,-,-,-,-,18.53,-6.98%,"212,415"
AASTS,22.75B,-,-16.00%,-44.82%,-12.69%,13.05,12.90,1.57,1.58,-242.79%,-410.26%,-536.66%,Aug 10/a,58.45,2.47%,"15,068,798"
AASTT,-,-,-,-,-,-,-,-,-,-,-,-,-,15.27,4.58%,398
AASTX,-,-,-,-,-,-,-,-,-,-,-,-,-,9.42,4.67%,"8,403,438"
AASTY,-,-,-,-,-,-,-,-,-,-,-,-,-,5.02,5.02%,"275,398"
AASUP,-,-,-,-,-,-,-,-,-,-,-,-,-,6.43,4.98%,"39,717"
AASUR,221.79M,-,-1.71%,-4.30%,-3.19%,1.06,1.05,0.34,0.38,55.60%,-1.16%,-5.42%,Jul 30/a,7.68,0.00%,"95,477"
AASX,104.33B,1.23%,6.52%,17.52%,9.98%,1.07,0.81,0.60,0.76,18.58%,9.90%,8.52%,Jul 30/b,47.45,6.08%,"8,083,591"
AASYS,315.32M,-,3.25%,4.78%,3.05%,5.41,4.54,0.14,0.15,46.86%,8.25%,4.90%,Aug 05/a,18.01,4.41%,"286,871"
AAT,-,-,-,-,-,-,-,-,-,-,-,-,-,20.64,2.50%,"10,209"
AATAT,3.64B,2.58%,23.00%,58.78%,45.76%,1.93,1.89,0.24,0.38,43.09%,21.23%,16.75%,Aug 20/b,32.26,-0.09%,"831,547"
AATC,-,10.61%,-,-,-,-,-,-,-,-,-,-,-,24.83,-1.23%,"2,062"
AATCH,28.56M,-,2.97%,27.21%,5.64%,1.50,1.50,0.64,0.70,63.90%,-26.70%,9.79%,Sep 24/b,0.19,-6.42%,"2,234,753"
AATCL,-,8.10%,-,-,-,-,-,-,-,-,-,-,-,24.36,0.50%,"9,494"
AATCX,14.79M,-,-140.76%,-166.08%,-101.70%,11.68,11.62,0.00,0.00,-147.98%,-7345.14%,-7269.15%,-,2.91,3.56%,"45,717"
AATEC,1.55B,-,-13.91%,-373.44%,-20.22%,1.89,1.07,46.18,52.39,61.37%,-4.76%,-13.50%,Aug 04/a,10.03,1.31%,"2,189,833"
AATEN,2.01B,0.89%,6.68%,19.45%,17.99%,1.27,1.18,0.00,0.95,78.51%,16.56%,13.85%,Aug 05/a,27.63,0.11%,"1,009,639"
AATER,170.11M,-,-51.13%,-95.51%,-133.58%,2.13,2.13,0.00,0.00,56.08%,-36.65%,-49.30%,-,0.65,7.40%,"334,413"
AATEX,1.65B,-,15.32%,27.92%,22.78%,4.85,4.85,0.01,0.01,93.74%,-578.88%,933.04%,Aug 11/a,84.33,2.24%,"241,804"
AATFV,-,-,-,-,-,-,-,-,-,-,-,-,-,40.95,0.62%,"10,833"
AATGL,85.60M,-,-179.04%,-246.92%,-477.20%,1.85,1.85,0.09,0.38,59.57%,-688.07%,-842.28%,-,5.20,-1.89%,"1,112"
AATHE,65.90M,-,-51.53%,-55.71%,-53.83%,14.52,14.52,0.00,0.00,-,-,-,Aug 28/b,3.45,-1.15%,"47,167"
AATHM,2.38B,9.63%,3.35%,4.05%,4.14%,6.75,6.75,0.00,0.00,72.81%,1.49%,17.05%,Aug 20/b,20.56,-1.44%,"476,397"
AATHR,42.22M,-,-91.26%,-146.55%,-133.68%,3.37,3.37,2.77,2.77,79.44%,-383.68%,-378.47%,Sep 02,3.45,-4.43%,"7,859"
AATI,26.20B,-,8.84%,26.29%,12.91%,2.33,1.14,0.96,1.17,23.52%,16.01%,10.09%,Aug 06/b,192.42,0.67%,"1,423,796"
AATII,316.02M,-,-54.23%,-79.91%,-133.10%,0.00,0.00,0.00,0.00,-,-,-,-,10.68,-0.09%,"57,365"
AATKR,3.20B,1.40%,-5.75%,-11.87%,-7.53%,2.73,2.04,0.69,0.72,19.09%,4.91%,-5.55%,Aug 03/b,94.62,-0.16%,"1,346,613"
AATLC,1.39B,-,2.77%,22.90%,2.20%,1.28,1.28,8.43,8.48,92.13%,24.52%,5.46%,Aug 06/a,91.89,2.91%,"136,379"
AATLO,286.62M,2.97%,1.09%,11.31%,10.00%,0.32,-,0.08,0.22,-,28.97%,22.64%,Jul 20,32.36,1.99%,"20,132"
AATLQ,283.77M,-,-,-,-,9.58,9.58,0.00,0.00,-,-,-,-,9.97,-0.15%,"17,938"
AATLX,72.54M,-,-48.88%,-103.01%,-78.28%,2.43,2.40,0.00,0.22,85.09%,-40347.94%,-33954.36%,-,2.41,-2.03%,"144,182"
AATMP,-,4.62%,-,-,-,-,-,-,-,-,-,-,-,34.65,0.52%,"11,535"
AATMU,3.73B,0.48%,13.43%,55.79%,14.49%,2.65,1.83,2.26,2.32,28.65%,16.85%,11.32%,Aug 07/b,45.70,2.49%,"875,049"
AATNI,429.91M,4.12%,9.23%,31.31%,13.56%,1.63,1.59,1.04,1.13,39.31%,8.40%,21.68%,Aug 05/a,27.91,-0.46%,"74,615"
AATNM,36.79M,-,21.92%,45.86%,36.60%,4.08,4.08,0.02,0.04,96.97%,27.23%,32.23%,Aug 03,1.17,1.74%,"81,806"
AATO,26.56B,2.55%,4.73%,9.79%,5.59%,0.81,0.73,0.64,0.68,46.41%,36.97%,28.49%,Aug 05/a,157.17,0.51%,"844,116"
AATOM,183.80M,-,-69.69%,-76.78%,-59.07%,17.02,17.02,0.02,0.03,-566.52%,-10212.17%,-9742.17%,Aug 04/a,4.71,0.43%,"566,406"
AATOS,23.35M,-,-77.91%,-89.23%,-140.55%,5.69,5.69,0.00,0.00,-,-,-,Aug 07/b,2.34,3.08%,"74,271"
AATPC,2.06M,-,-4.84%,-5.30%,-5.49%,8.45,8.37,0.00,0.00,56.99%,-295.88%,-114.76%,-,2.06,2.04%,"6,079"
AATR,7.62B,1.63%,7.25%,13.61%,9.56%,1.61,1.10,0.44,0.54,28.26%,12.37%,9.22%,Jul 30/a,119.91,-0.79%,"384,037"
AATRA,95.16M,-,-57.62%,-,-135.76%,1.98,1.98,-,-,91.38%,-238.73%,-269.42%,Aug 12/a,9.48,12.06%,"85,751"
AATRC,2.80B,-,1.64%,2.15%,1.80%,4.22,3.19,0.14,0.14,75.77%,2.44%,1.85%,Jul 23/a,55.14,2.89%,"1,615,659"
AATRO,2.94B,-,11.24%,33.68%,14.51%,2.97,1.63,1.75,1.78,32.54%,13.66%,8.40%,Aug 11/a,68.19,-0.28%,"385,793"
AATS,1.79B,-,1.09%,2.70%,1.53%,1.63,1.31,0.75,0.77,25.11%,6.81%,1.60%,Aug 06/b,18.26,1.28%,"188,166"
AATTO,783.83M,-,-,-,-,9.39,9.39,0.02,0.04,-,-,-,Sep 02/a,17.17,-3.49%,"348,657"
AATTR,-,-,-,-,-,-,-,-,-,-,-,-,-,96.21,0.28%,942
AATTT,15.80M,-,10.77%,16.20%,11.64%,2.36,2.36,0.11,0.11,27.61%,12.64%,11.70%,Aug 05/b,2.69,4.67%,"7,495"
AATXG,8.61M,-,-5.81%,-9.55%,-6.64%,3.71,3.65,0.00,0.21,12.30%,-23.18%,-21.14%,-,3.28,-1.44%,"4,588"
AATYR,28.17M,-,-70.97%,-98.37%,-103.73%,5.12,5.12,0.20,0.23,-732.63%,-33609.47%,-32003.68%,Aug 07/a,0.29,-2.35%,"1,980,686"
AAU,47.94B,5.15%,25.65%,46.50%,35.67%,2.71,2.07,0.19,0.20,57.69%,50.68%,32.19%,Jul 31/b,94.92,0.76%,"1,296,940"
AAUAU,-,0.61%,-,-,-,-,-,-,-,-,-,-,-,37.64,0.71%,694
AAUB,5.54B,3.84%,1.29%,9.76%,8.06%,0.07,-,0.17,0.39,-,31.55%,21.44%,Oct 20/b,38.82,0.91%,"1,053,968"
AAUBN,94.00M,4.00%,0.79%,9.32%,8.94%,0.27,-,0.00,0.00,-,23.69%,18.60%,Apr 28/b,26.98,2.58%,"1,868"
AAUC,191.85M,-,-68.36%,-80.54%,-11.88%,23.67,23.67,0.00,0.00,-,-70.20%,-383.17%,-,8.67,-4.20%,"6,115"
AAUDC,265.72M,3.61%,2.18%,4.23%,3.93%,1.90,1.63,0.23,0.28,65.73%,5.76%,2.83%,Aug 04/b,11.09,1.46%,"151,802"
AAUGC,-,-,-,-,-,-,-,-,-,-,-,-,-,25.45,0.55%,9
AAUGM,-,-,-,-,-,-,-,-,-,-,-,-,-,35.48,0.11%,130
AAUGO,6.87B,3.38%,20.81%,100.16%,35.85%,1.06,0.82,0.82,1.00,57.56%,53.42%,23.18%,Aug 05/a,81.95,3.93%,"831,772"
AAUGP,-,-,-,-,-,-,-,-,-,-,-,-,-,34.12,0.33%,"13,206"
AAUGT,-,-,-,-,-,-,-,-,-,-,-,-,-,39.38,0.46%,224
AAUGU,-,-,-,-,-,-,-,-,-,-,-,-,-,32.26,0.59%,284
AAUGW,-,-,-,-,-,-,-,-,-,-,-,-,-,34.87,0.27%,246
AAUGZ,-,3.32%,-,-,-,-,-,-,-,-,-,-,-,46.24,0.52%,35
AAUID,7.34M,-,-159.32%,-245.13%,-902.27%,0.55,0.55,0.00,1.87,95.96%,-1404.38%,-1450.45%,May 14/a,0.44,16.26%,"9,173,305"
AAUMI,-,0.85%,-,-,-,-,-,-,-,-,-,-,-,91.42,0.47%,"1,685"
AAUNA,374.51M,-,0.19%,0.81%,0.27%,1.08,1.00,1.77,2.01,36.89%,12.51%,0.30%,Aug 18/a,5.06,1.61%,"266,333"
AAUPH,2.11B,-,48.52%,66.12%,47.53%,5.42,4.97,0.07,0.10,90.36%,45.15%,100.84%,Aug 06/b,15.83,-0.75%,"813,425"
AAUR,11.36B,-,-41.09%,-45.64%,-44.49%,11.38,11.38,0.04,0.04,-1560.00%,-19400.00%,-18000.00%,Jul 29/a,5.67,2.72%,"14,498,525"
AAURA,631.56M,-,-47.42%,-53.49%,-39.87%,16.82,16.82,0.04,0.05,-,-,-,Aug 11/b,6.09,0.83%,"2,099,065"
AAURE,39.87M,-,-2.51%,-3.34%,-1.56%,59.93,59.93,0.36,0.36,-130.14%,-52.60%,-136.76%,-,1.03,-5.50%,"40,620"
AAUSF,-,2.82%,-,-,-,-,-,-,-,-,-,-,-,48.84,0.18%,"48,173"
AAUSM,-,2.75%,-,-,-,-,-,-,-,-,-,-,-,24.83,0.12%,496
AAUST,13.56M,-,-32.54%,-32.98%,-38.23%,19.45,19.45,0.00,0.00,-,-,-,-,0.99,2.05%,"8,066"
AAUTL,473.76M,-,-46.04%,-132.68%,-65.92%,4.85,4.36,4.66,4.91,12.87%,-210.52%,-238.34%,Aug 11/b,1.78,-3.78%,"1,811,774"
AAUUD,7.02M,-,-128.56%,-142.00%,-90.08%,11.34,11.34,0.00,0.00,-19599.70%,-100698.17%,-126962.00%,-,1.21,-1.63%,"257,364"
AAUXX,477.62M,-,-30.58%,-36.49%,-33.23%,3.68,3.68,0.00,0.00,-,-,-,-,4.72,0.21%,"18,146"
AAV,-,-,-,-,-,-,-,-,-,-,-,-,-,25.29,0.10%,783
AAVA,2.96B,5.63%,2.73%,8.31%,3.82%,1.10,0.69,1.11,1.19,24.96%,18.76%,11.83%,Aug 03/b,35.31,0.68%,"564,264"
AAVAH,2.75B,-,14.17%,199.62%,17.20%,1.16,1.16,4.56,5.24,31.84%,11.39%,10.56%,Aug 13/b,12.59,1.29%,"2,061,173"
AAVAL,1.81B,4.96%,0.57%,10.82%,1.84%,0.66,-,3.79,3.81,-,10.37%,3.81%,Aug 12/a,4.78,0.84%,"54,309"
AAVAT,80.01M,-,-22.16%,-24.50%,-44.23%,1.11,1.11,0.00,0.26,0.00%,-202.63%,-2514.88%,Aug 26/a,1.83,1.67%,"761,246"
AAVAV,7.16B,-,-3.57%,-4.60%,-3.88%,4.26,3.33,0.19,0.19,21.31%,0.73%,-10.13%,Sep 09/a,140.82,0.36%,"1,278,083"
AAVAZ,-,0.18%,-,-,-,-,-,-,-,-,-,-,-,17.10,-7.48%,"13,182"
AAVBC,444.14M,0.72%,0.61%,6.06%,4.17%,0.04,-,0.08,0.50,-,15.34%,11.51%,Jul 23/a,22.24,2.68%,"114,516"
AAVBH,343.09M,-,-0.56%,-5.64%,-4.39%,0.07,-,0.09,0.09,-,-20.04%,-14.12%,Jul 23/a,31.26,1.03%,"68,571"
AAVBP,1.39B,-,-49.30%,-53.10%,-44.63%,14.16,14.16,0.00,0.00,-,-,-,Aug 12/a,28.27,-2.28%,"507,602"
AAVD,51.33M,-,-8.48%,-26.48%,-11.92%,2.47,1.40,1.52,1.57,27.02%,1.79%,-10.70%,Aug 10/a,1.74,-0.57%,"236,874"
AAVDE,-,2.80%,-,-,-,-,-,-,-,-,-,-,-,90.33,1.10%,"1,095,233"
AAVDS,-,2.60%,-,-,-,-,-,-,-,-,-,-,-,78.05,0.85%,"13,037"
AAVDV,-,3.18%,-,-,-,-,-,-,-,-,-,-,-,109.09,0.95%,"589,839"
AAVEE,-,2.92%,-,-,-,-,-,-,-,-,-,-,-,69.54,1.50%,"5,262"
AAVEM,-,2.52%,-,-,-,-,-,-,-,-,-,-,-,95.41,1.44%,"1,435,457"
AAVES,-,3.39%,-,-,-,-,-,-,-,-,-,-,-,65.83,1.59%,"85,873"
AAVEX,1.84B,0.10%,-2.85%,-7.69%,-,5.66,5.50,-,-,23.00%,11.38%,6.34%,Aug 12/a,14.48,2.48%,"2,015,822"
AAVGB,-,3.67%,-,-,-,-,-,-,-,-,-,-,-,49.76,0.17%,"7,693"
AAVGC,-,-,-,-,-,-,-,-,-,-,-,-,-,21.16,6.39%,"1,029"
AAVGE,-,1.73%,-,-,-,-,-,-,-,-,-,-,-,99.34,0.81%,"143,348"
AAVGG,-,2.72%,-,-,-,-,-,-,-,-,-,-,-,22.46,6.64%,"388,424"
AAVGO,1695.31B,0.74%,21.63%,44.25%,24.39%,2.50,2.29,0.57,0.60,66.54%,48.57%,42.94%,Sep 02/a,355.14,3.35%,"24,639,562"
AAVGU,-,-,-,-,-,-,-,-,-,-,-,-,-,28.65,6.43%,"330,737"
AAVGV,-,2.01%,-,-,-,-,-,-,-,-,-,-,-,85.16,0.76%,"55,501"
AAVGW,-,73.56%,-,-,-,-,-,-,-,-,-,-,-,32.45,4.12%,"34,518"
AAVGX,-,2.01%,-,-,-,-,-,-,-,-,-,-,-,38.48,6.65%,"728,893"
AAVIE,-,1.51%,-,-,-,-,-,-,-,-,-,-,-,77.75,0.34%,485
AAVIG,-,4.54%,-,-,-,-,-,-,-,-,-,-,-,39.38,-0.25%,"325,217"
AAVIR,411.45M,-,-52.99%,-58.14%,-80.96%,8.13,8.13,0.00,0.00,-,-,-,Aug 12/a,5.13,0.59%,"253,264"
AAVIV,-,2.86%,-,-,-,-,-,-,-,-,-,-,-,79.47,0.93%,"85,925"
AAVK,510.80M,12.13%,-,-,-,-,-,-,-,-,-,-,-,11.57,2.12%,"195,909"
AAVL,-,2.23%,-,-,-,-,-,-,-,-,-,-,-,36.45,6.49%,"1,712,596"
AAVLC,-,0.86%,-,-,-,-,-,-,-,-,-,-,-,91.24,0.66%,"111,155"
AAVLN,1.25B,-,-,-,-,33.10,33.10,0.04,0.04,-,-,-,Aug 12/b,28.13,2.59%,"526,199"
AAVLV,-,1.12%,-,-,-,-,-,-,-,-,-,-,-,91.56,0.41%,"1,711,485"
AAVMA,-,2.46%,-,-,-,-,-,-,-,-,-,-,-,72.16,0.44%,"8,002"
AAVMC,-,1.00%,-,-,-,-,-,-,-,-,-,-,-,77.32,0.61%,"22,827"
AAVMU,-,3.74%,-,-,-,-,-,-,-,-,-,-,-,42.84,-0.76%,"58,689"
AAVMV,-,1.13%,-,-,-,-,-,-,-,-,-,-,-,77.47,0.53%,"103,888"
AAVNC,-,-,-,-,-,-,-,-,-,-,-,-,-,50.01,1.10%,"1,267"
AAVNM,-,2.81%,-,-,-,-,-,-,-,-,-,-,-,83.41,1.21%,"115,767"
AAVNT,3.78B,2.68%,2.80%,7.09%,3.94%,1.90,1.35,0.77,0.77,32.15%,10.79%,5.10%,Aug 06/b,41.17,1.55%,"876,566"
AAVNV,-,3.14%,-,-,-,-,-,-,-,-,-,-,-,84.67,1.08%,"4,764"
AAVNW,265.92M,-,0.41%,0.96%,0.71%,1.97,1.66,0.34,0.37,30.81%,4.86%,0.58%,Aug 27/b,20.68,2.73%,"151,347"
AAVO,1.12B,-,0.12%,0.24%,0.13%,1.92,1.24,0.64,0.68,11.28%,3.83%,0.12%,Sep 08/a,12.81,-0.08%,"794,826"
AAVOS,-,-,-,-,-,-,-,-,-,-,-,-,-,26.79,0.77%,142
AAVPT,2.98B,-,9.81%,16.25%,15.77%,2.00,2.00,0.04,0.06,73.33%,9.78%,15.33%,Aug 06/a,14.07,-0.07%,"1,946,323"
AAVR,751.40M,-,-66.31%,-75.10%,-40.82%,14.20,14.20,0.01,0.01,-2.54%,-4738.36%,-4619.27%,Aug 10/a,7.71,1.31%,"1,495,586"
AAVRE,-,3.13%,-,-,-,-,-,-,-,-,-,-,-,44.07,0.23%,"157,266"
AAVRY,-,-,-,-,-,-,-,-,-,-,-,-,-,24.98,-0.12%,"6,924"
AAVS,-,3.30%,-,-,-,-,-,-,-,-,-,-,-,8.15,-3.27%,"10,857,370"
AAVSC,-,1.00%,-,-,-,-,-,-,-,-,-,-,-,70.31,0.88%,"129,445"
AAVSD,-,2.76%,-,-,-,-,-,-,-,-,-,-,-,79.55,0.99%,"32,794"
AAVSE,-,2.66%,-,-,-,-,-,-,-,-,-,-,-,80.35,1.53%,"6,534"
AAVSF,-,4.41%,-,-,-,-,-,-,-,-,-,-,-,45.63,-0.09%,"38,984"
AAVSU,-,0.88%,-,-,-,-,-,-,-,-,-,-,-,88.91,0.62%,"17,185"
AAVT,8.78B,1.31%,2.42%,6.67%,4.34%,1.78,0.97,0.53,0.69,10.43%,3.11%,1.21%,Aug 05/b,106.93,4.59%,"2,156,068"
AAVTM,-,0.54%,-,-,-,-,-,-,-,-,-,-,-,55.29,0.84%,"3,138"
AAVTR,10.38B,-,-4.74%,-9.70%,-6.22%,1.78,1.18,0.65,0.66,30.67%,8.20%,-8.81%,Oct 28/b,15.34,2.06%,"6,149,101"
AAVTX,803.91M,0.08%,-32.50%,-36.27%,-22.26%,19.31,19.31,0.00,0.00,-84.75%,-154844.07%,-170055.93%,Aug 06/b,14.99,0.27%,"948,519"
AAVUQ,-,0.30%,-,-,-,-,-,-,-,-,-,-,-,68.45,0.71%,"3,890"
AAVUS,-,0.92%,-,-,-,-,-,-,-,-,-,-,-,129.58,0.68%,"425,326"
AAVUV,-,1.26%,-,-,-,-,-,-,-,-,-,-,-,120.03,0.78%,"1,580,086"
AAVX,45.86M,-,-137.45%,-165.28%,-85.31%,2.16,2.16,0.00,0.11,25.95%,-105.70%,-1534.26%,Aug 13/a,6.20,-9.22%,"446,764"
AAVXC,-,2.13%,-,-,-,-,-,-,-,-,-,-,-,83.81,1.93%,"37,453"
AAVXL,168.71M,-,-11.70%,-12.80%,-11.58%,15.62,15.62,0.00,0.00,-,-,-,Aug 25/b,1.82,-3.70%,"1,989,710"
AAVXX,-,2.08%,-,-,-,-,-,-,-,-,-,-,-,20.67,0.26%,"72,442"
AAVY,12.87B,2.34%,7.93%,31.16%,12.82%,1.13,0.79,1.37,1.58,28.98%,13.32%,7.62%,Oct 29/b,169.87,-1.02%,"631,824"
AAWAY,-,-,-,-,-,-,-,-,-,-,-,-,-,16.76,0.13%,"2,816"
AAWF,830.39M,7.72%,-,-,-,-,-,-,-,-,-,-,-,9.63,0.10%,"307,149"
AAWI,6.89B,0.86%,16.30%,36.62%,21.97%,1.52,1.06,0.62,0.66,40.30%,19.31%,18.60%,Jul 28/b,163.12,0.27%,"326,464"
AAWK,25.88B,2.70%,3.21%,10.10%,4.38%,0.52,0.49,1.21,1.38,43.79%,37.11%,21.35%,Jul 29/a,130.25,1.87%,"2,149,972"
AAWP,314.11M,14.15%,-,-,-,-,-,-,-,-,-,-,-,10.18,-0.10%,"156,565"
AAWR,3.28B,2.53%,5.30%,13.62%,7.26%,0.98,0.90,0.75,0.82,50.92%,31.85%,20.45%,Aug 05/a,82.82,2.01%,"345,254"
AAWRE,23.99M,-,-25.20%,-35.04%,-35.89%,3.73,3.73,0.15,0.18,89.31%,-54.23%,-51.92%,Jul 29/a,1.10,2.80%,"20,287"
AAWX,9.67M,-,1.36%,3.19%,1.68%,1.02,0.92,0.87,0.90,16.12%,3.55%,1.39%,-,2.48,-0.80%,"5,583"
AAX,5.06B,-,1.78%,16.77%,12.34%,0.37,-,0.26,0.42,-,29.52%,22.39%,Oct 29/a,88.93,1.51%,"401,747"
AAXG,22.21M,-,-41.96%,-88.44%,-50.14%,1.55,1.55,0.05,0.31,20.43%,-46.35%,-46.95%,-,0.12,-10.85%,"5,042,359"
AAXGN,2.19B,-,-13.15%,-18.21%,-12.23%,6.60,5.04,0.07,0.08,74.56%,-5.12%,-13.36%,Jul 29/b,37.39,-6.34%,"3,098,410"
AAXIL,42.10M,-,17.51%,23.67%,20.21%,3.19,2.20,0.02,0.03,62.44%,9.65%,8.75%,Oct 06/a,6.17,-0.32%,"5,715"
AAXIN,282.21M,-,2.87%,3.00%,3.01%,0.46,0.46,0.00,0.00,-,-,-,-,10.35,0.05%,"51,376"
AAXON,33.58B,-,2.91%,6.22%,3.62%,2.15,1.80,0.50,0.50,59.41%,1.15%,6.19%,Aug 05/a,413.35,-2.10%,"825,162"
AAXP,204.47B,1.26%,3.77%,34.15%,12.45%,2.59,2.59,1.66,1.72,59.74%,20.94%,13.45%,Oct 23/b,302.78,0.23%,"2,779,020"
AAXR,114.70M,-,4.10%,4.26%,4.16%,26.02,10.82,0.00,0.00,38.17%,14.82%,14.31%,Sep 11/a,21.54,-1.78%,"4,119"
AAXS,6.92B,1.87%,3.35%,17.42%,13.82%,0.70,-,0.23,0.23,-,20.45%,15.83%,Oct 28/a,94.88,-0.66%,"902,815"
AAXSM,9.39B,-,-27.35%,-245.10%,-82.65%,1.43,1.34,1.78,2.70,91.96%,-23.55%,-24.68%,Aug 10/b,179.25,-1.55%,"981,379"
AAXTA,6.89B,-,4.51%,14.58%,6.88%,1.53,1.12,1.01,1.22,32.16%,14.12%,6.78%,Jul 28/b,32.20,1.10%,"2,704,618"
AAXTC,-,-,-,-,-,-,-,-,-,-,-,-,-,25.01,9.48%,"5,146"
AAXTI,5.63B,-,0.57%,0.76%,0.45%,4.77,4.00,0.02,0.11,32.18%,3.09%,3.09%,Oct 29/a,85.87,4.96%,"7,348,275"
AAXTL,-,-,-,-,-,-,-,-,-,-,-,-,-,4.09,10.24%,"935,315"
AAXTQ,-,-,-,-,-,-,-,-,-,-,-,-,-,18.96,-9.63%,"627,073"
AAXTU,-,-,-,-,-,-,-,-,-,-,-,-,-,56.70,9.60%,"104,733"
AAXTX,-,-,-,-,-,-,-,-,-,-,-,-,-,42.18,9.93%,"2,454,521"
AAYA,3.91B,-,17.78%,25.70%,20.61%,2.02,1.70,0.12,0.18,61.36%,53.03%,32.79%,-,27.12,0.78%,"949,364"
AAYI,9.24B,0.26%,11.04%,18.64%,15.30%,1.69,1.28,0.17,0.23,48.64%,15.89%,11.45%,Oct 01/b,308.76,3.17%,"745,825"
AAYTU,22.49M,-,-12.41%,-52.55%,-31.51%,1.13,1.00,0.28,0.51,59.62%,-12.57%,-24.76%,Sep 22/a,2.07,-0.96%,"15,799"
AAZ,272.52M,-,-,-,-49.47%,7.52,6.56,0.04,0.07,17.86%,-268.48%,-229.06%,Aug 12/a,6.19,9.75%,"721,037"
AAZI,74.98M,-,-112.19%,-,-,1.16,0.98,-,-,1.42%,-46.93%,-51.82%,May 29/b,1.13,-3.42%,"31,718"
AAZIO,20.31M,-,-159.61%,-5847.81%,-,0.15,0.15,-,-,-130.01%,-286.09%,-331.80%,-,1.18,-0.84%,"291,457"
AAZN,243.33B,2.13%,9.15%,21.99%,13.69%,0.89,0.67,0.52,0.64,73.93%,22.38%,17.02%,Jul 27/b,156.90,-0.51%,"3,035,563"
AAZO,45.58B,-,12.55%,-,25.87%,0.90,0.14,-,-,52.34%,18.31%,12.65%,Sep 22/b,2792.03,-0.96%,"169,830"
AAZTA,1.70B,-,-5.75%,-7.04%,-7.86%,2.50,2.21,0.04,0.04,44.05%,-2.57%,-20.02%,Aug 04/a,38.75,12.38%,"3,384,485"
AAZTD,-,0.97%,-,-,-,-,-,-,-,-,-,-,-,30.86,1.11%,20
AAZTR,8.00M,-,-190.69%,-256.67%,-166.18%,4.86,4.86,0.01,0.06,-,-,-,Aug 12/a,0.13,2.72%,"825,852"
AAZUL,1.35B,1.56%,5.80%,-,13.24%,0.42,0.32,-,-,20.99%,13.60%,7.67%,Aug 13/b,7.35,3.09%,"47,132"
AAZYY,-,49.25%,-,-,-,-,-,-,-,-,-,-,-,14.32,-0.18%,"1,028"
AAZZ,4.19B,0.66%,8.99%,15.32%,10.39%,1.92,1.39,0.39,0.39,24.04%,16.23%,11.83%,Oct 13/a,139.39,2.94%,"193,028"
BB,66.21B,2.66%,13.10%,25.04%,20.41%,3.01,2.36,0.17,0.17,53.19%,52.17%,31.60%,Aug 10/b,40.23,0.32%,"7,823,239"
BBA,152.98B,0.02%,1.52%,173.55%,5.13%,1.14,0.33,6.78,7.52,4.71%,-5.38%,2.22%,Oct 27/b,193.56,0.67%,"12,642,461"
BBAB,-,4.49%,-,-,-,-,-,-,-,-,-,-,-,25.28,-0.28%,"246,189"
BBABA,263.33B,1.04%,3.83%,7.07%,5.52%,1.36,1.36,0.22,0.25,37.70%,4.06%,7.00%,Aug 20/b,105.85,-1.49%,"7,873,202"
BBABC,-,-,-,-,-,-,-,-,-,-,-,-,-,21.43,-2.81%,9
BBABO,-,67.08%,-,-,-,-,-,-,-,-,-,-,-,6.96,-1.28%,"30,881"
BBABU,-,1.73%,-,-,-,-,-,-,-,-,-,-,-,8.45,-2.79%,"277,727"
BBABW,-,70.46%,-,-,-,-,-,-,-,-,-,-,-,18.76,-1.67%,"3,608"
BBABX,-,-,-,-,-,-,-,-,-,-,-,-,-,15.71,-3.14%,"544,309"
BBAC,375.86B,2.22%,0.97%,11.25%,5.34%,1.03,-,1.10,2.47,-,21.32%,16.53%,Oct 14/b,53.75,0.04%,"35,089,452"
BBACC,293.32M,-,2.13%,2.22%,2.20%,0.14,0.14,0.00,0.00,-,-,-,-,10.49,0.01%,329
BBAER,40.00M,-,-4.12%,-32.42%,-4.19%,1.73,1.68,7.64,7.81,36.28%,10.58%,-35.04%,Aug 06/a,0.68,-0.32%,"308,833"
BBAFE,-,0.27%,-,-,-,-,-,-,-,-,-,-,-,29.79,0.80%,"32,011"
BBAFN,209.23M,-,-4.95%,-54.74%,-45.67%,0.16,-,0.16,0.17,-,-94.65%,-79.06%,Oct 29/a,7.76,5.58%,"94,142"
BBAGX,-,-,-,-,-,-,-,-,-,-,-,-,-,101.83,0.89%,"2,334"
BBAGY,-,46.29%,-,-,-,-,-,-,-,-,-,-,-,23.50,-0.40%,"3,033"
BBAH,8.10B,3.58%,10.45%,68.11%,14.53%,1.59,1.59,3.42,3.46,20.91%,9.74%,6.96%,Oct 23/b,67.35,-4.43%,"2,771,021"
BBAI,-,1.22%,-,-,-,-,-,-,-,-,-,-,-,48.80,2.09%,"3,297,908"
BBAIG,-,41.28%,-,-,-,-,-,-,-,-,-,-,-,11.52,-7.92%,"75,901"
BBAIV,-,-,-,-,-,-,-,-,-,-,-,-,-,27.24,-0.07%,"10,322"
BBAK,267.42M,-,-6.11%,-,-15.10%,0.77,0.42,-,-,9.24%,0.76%,-7.30%,Aug 13/a,1.55,0.00%,"1,054,727"
BBALI,-,7.74%,-,-,-,-,-,-,-,-,-,-,-,34.53,0.58%,"231,853"
BBALL,14.92B,1.42%,4.88%,17.26%,7.54%,1.07,0.66,1.18,1.32,15.16%,11.48%,6.55%,Aug 04/b,56.37,-0.23%,"1,864,496"
BBALQ,-,8.05%,-,-,-,-,-,-,-,-,-,-,-,57.73,1.29%,"27,306"
BBALT,-,-,-,-,-,-,-,-,-,-,-,-,-,34.99,0.20%,"606,342"
BBALY,711.12M,-,-8.22%,-119.88%,-10.36%,0.91,0.85,10.44,10.70,40.41%,-0.30%,-25.83%,Aug 14/a,14.09,1.00%,"253,415"
BBAM,73.47B,4.41%,15.49%,35.10%,25.55%,1.24,1.24,0.46,0.71,94.81%,61.57%,48.89%,Aug 05/b,44.85,0.65%,"3,561,123"
BBAMA,-,1.42%,-,-,-,-,-,-,-,-,-,-,-,36.81,0.57%,"3,151"
BBAMB,-,3.15%,-,-,-,-,-,-,-,-,-,-,-,24.91,-0.23%,"15,085"
BBAMD,-,3.50%,-,-,-,-,-,-,-,-,-,-,-,32.50,0.31%,"16,441"
BBAMG,-,0.01%,-,-,-,-,-,-,-,-,-,-,-,45.35,0.80%,"13,605"
BBAMO,-,1.36%,-,-,-,-,-,-,-,-,-,-,-,34.77,0.47%,"3,635"
BBAMU,-,2.91%,-,-,-,-,-,-,-,-,-,-,-,25.24,0.02%,"9,024"
BBAMV,-,1.25%,-,-,-,-,-,-,-,-,-,-,-,36.28,0.39%,"9,049"
BBAMY,-,7.13%,-,-,-,-,-,-,-,-,-,-,-,26.52,0.07%,"5,912"
BBANC,2.81B,2.54%,-0.06%,-0.66%,-0.49%,0.11,-,0.35,0.89,-,-3.06%,-4.02%,Oct 27/a,17.74,1.43%,"2,332,618"
BBAND,2.05B,-,0.21%,0.59%,0.24%,2.01,2.01,1.45,1.47,34.10%,-1.82%,0.27%,Jul 29/b,63.74,2.08%,"895,489"
BBANF,3.63B,1.84%,1.73%,13.67%,12.32%,0.47,-,0.04,0.05,-,33.28%,26.23%,Jul 23/a,108.08,1.49%,"165,966"
BBANL,9.72M,-,-0.56%,-1.89%,-1.88%,1.25,1.25,0.00,0.01,0.96%,-0.08%,-0.06%,-,4.63,1.98%,"13,369"
BBANR,2.49B,3.04%,1.26%,10.78%,9.87%,0.06,-,0.06,0.27,-,28.78%,23.54%,Oct 21/a,67.88,0.85%,"336,821"
BBANX,191.94M,8.98%,-,-,-,-,-,-,-,-,-,-,-,20.00,0.96%,"30,118"
BBAOS,7.83M,-,-71.42%,-132.75%,-365.70%,0.75,0.75,0.00,0.22,-26.44%,-1310.33%,-2112.79%,-,0.23,-1.43%,"189,304"
BBAP,29.65B,4.17%,2.80%,20.56%,13.11%,0.37,-,0.46,0.95,-,33.73%,23.18%,Aug 14/b,373.31,-1.33%,"247,213"
BBAPR,-,-,-,-,-,-,-,-,-,-,-,-,-,54.82,0.38%,"3,211"
BBAR,-,-,-,-,-,-,-,-,-,-,-,-,-,40.83,-0.61%,"187,739"
BBARK,73.35M,-,-14.58%,-36.70%,-29.03%,2.02,0.84,0.41,0.48,61.15%,-7.02%,-8.42%,Aug 06/a,8.12,-4.69%,"43,444"
BBASG,-,-,-,-,-,-,-,-,-,-,-,-,-,28.55,0.91%,"20,120"
BBASV,-,0.38%,-,-,-,-,-,-,-,-,-,-,-,30.06,0.50%,"4,263"
BBATL,59.00M,-,-8.57%,-40.33%,-11.10%,2.19,2.19,0.77,0.78,12.72%,-3.19%,-51.40%,Aug 12/a,1.03,-1.90%,"1,868,032"
BBATRA,3.35B,-,-3.75%,-12.38%,-5.99%,0.49,0.49,1.08,1.73,14.00%,-5.40%,-8.56%,Aug 05/b,57.62,-0.38%,"38,682"
BBATRK,3.35B,-,-3.75%,-12.38%,-5.99%,0.49,0.49,1.08,1.73,14.00%,-5.40%,-8.56%,Aug 05/b,52.03,-0.42%,"501,598"
BBATT,-,1.76%,-,-,-,-,-,-,-,-,-,-,-,14.57,1.71%,"14,657"
BBAUG,-,-,-,-,-,-,-,-,-,-,-,-,-,55.56,0.53%,"2,265"
BBAVA,-,-,-,-,-,-,-,-,-,-,-,-,-,28.84,-3.52%,"2,990"
BBAX,12.14B,0.17%,-4.74%,-14.31%,-6.96%,1.95,1.32,1.29,1.43,31.85%,5.62%,-8.63%,Jul 30/b,23.49,-0.63%,"4,808,578"
BBAY,-,-,-,-,-,-,-,-,-,-,-,-,-,30.69,0.40%,445
BBB,5.46B,-,6.57%,10.60%,7.94%,2.38,2.38,0.28,0.28,76.35%,16.03%,13.09%,Sep 24/b,9.30,1.31%,"17,172,312"
BBBAG,-,4.58%,-,-,-,-,-,-,-,-,-,-,-,43.64,-0.21%,"114,199"
BBBAI,1.27B,-,-11.91%,-16.55%,-11.07%,5.67,5.67,0.01,0.03,27.92%,-71.17%,-65.20%,Jul 30/a,2.65,-3.28%,"25,273,898"
BBBAR,2.53B,3.25%,1.19%,7.97%,6.22%,0.38,-,0.19,0.35,-,16.65%,4.24%,Aug 27/a,12.38,-0.40%,"781,635"
BBBAX,-,3.84%,-,-,-,-,-,-,-,-,-,-,-,61.34,0.16%,"259,577"
BBBB,-,0.14%,-,-,-,-,-,-,-,-,-,-,-,32.35,0.46%,"1,177"
BBBBI,-,5.14%,-,-,-,-,-,-,-,-,-,-,-,48.47,-0.25%,"14,982"
BBBBL,-,6.20%,-,-,-,-,-,-,-,-,-,-,-,43.58,-0.28%,213
BBBBS,-,4.21%,-,-,-,-,-,-,-,-,-,-,-,49.70,-0.10%,"11,227"
BBBC,-,1.47%,-,-,-,-,-,-,-,-,-,-,-,44.56,-0.98%,"9,031"
BBBCA,-,1.74%,-,-,-,-,-,-,-,-,-,-,-,100.97,0.80%,"847,516"
BBBCB,-,5.30%,-,-,-,-,-,-,-,-,-,-,-,42.78,-0.32%,"4,025"
BBBCP,496.38M,1.32%,1.15%,3.58%,1.42%,1.71,1.60,1.49,1.51,35.92%,11.54%,2.03%,Sep 03/a,9.85,-0.30%,"128,144"
BBBD,20.37B,8.15%,1.06%,13.79%,4.06%,0.69,-,2.25,4.62,-,7.99%,6.15%,Oct 22/a,3.65,3.99%,"48,378,132"
BBBDC,903.62M,12.05%,3.24%,7.50%,3.43%,3.15,3.15,1.22,1.22,79.00%,64.46%,32.95%,Aug 05/a,8.63,-0.80%,"690,982"
BBBEM,-,2.58%,-,-,-,-,-,-,-,-,-,-,-,77.32,1.01%,"17,129"
BBBEU,-,3.04%,-,-,-,-,-,-,-,-,-,-,-,75.38,1.02%,"109,826"
BBBGI,20.53M,-,-25.66%,-115.84%,-50.93%,1.23,1.23,4.37,4.55,3.55%,-4.82%,-55.68%,Aug 12/a,11.08,-1.34%,"16,306"
BBBH,-,0.40%,-,-,-,-,-,-,-,-,-,-,-,237.45,-0.54%,"11,617"
