Ticker,PerfWeek,PerfMonth,PerfQuart,PerfHalf,PerfYTD,PerfYear,Perf3Y,Perf5Y,Perf10Y,VolatilityW,VolatilityM,AvgVolume,RelVolume,Price,Change,Volume
AACHR,-6.04%,-19.90%,-3.71%,-16.31%,-37.90%,-62.58%,-8.07%,-42.20%,-,5.14%,5.06%,31.14M,1.06,4.67,0.43%,"33,129,810"
AACHV,-10.51%,-7.65%,13.12%,122.09%,45.67%,118.07%,79.65%,-12.77%,-99.25%,6.64%,5.51%,1.46M,0.71,7.24,2.99%,"1,035,936"
AACHX,-12.79%,-37.65%,-22.16%,-,-19.57%,-,-,-,-,3.99%,3.53%,0.73K,0.72,20.49,0.26%,522
AACI,1.12%,-3.29%,-18.13%,-33.71%,-31.62%,-31.70%,-48.10%,-44.16%,-,2.82%,2.98%,8.24M,1.04,11.74,2.26%,"8,576,271"
AACIC,5.20%,2.15%,-14.94%,-17.16%,-19.95%,-16.51%,41.13%,157.36%,-33.50%,1.92%,2.07%,264.71K,0.93,9.51,0.96%,"247,068"
AACIG,-0.44%,-,-,-,-1.40%,-,-,-,-,0.07%,-,79.59K,0.00,39.97,-1.13%,13
AACII,-0.25%,-0.12%,-1.08%,-0.59%,-1.11%,0.86%,-,-,-,0.52%,0.63%,53.64K,1.25,25.34,-0.34%,"66,977"
AACIO,1.64%,1.75%,2.52%,10.60%,9.13%,9.21%,56.49%,57.74%,-,0.65%,0.59%,140.44K,0.73,47.69,-0.27%,"102,112"
AACIU,-1.91%,-7.55%,-1.15%,-19.94%,-18.15%,-28.41%,3.63%,-60.40%,-83.74%,6.59%,5.57%,202.48K,0.62,2.57,1.98%,"125,080"
AACIW,3.62%,-2.56%,-10.20%,22.40%,5.94%,-3.87%,140.16%,64.34%,163.66%,2.45%,2.34%,924.73K,0.64,50.65,-0.12%,"587,474"
AACKY,0.61%,-1.56%,-2.11%,-4.22%,-11.52%,-13.56%,-,-,-,0.97%,0.95%,22.46K,1.29,17.38,-0.55%,"29,019"
AACLC,1.85%,1.32%,2.48%,13.21%,11.13%,12.44%,62.93%,56.56%,-,0.42%,0.50%,7.45K,0.74,87.07,-0.50%,"5,483"
AACLO,-0.30%,0.02%,0.08%,0.31%,0.25%,0.09%,-,-,-,0.15%,0.08%,44.57K,0.45,50.40,0.05%,"19,841"
AACLS,5.50%,16.14%,-3.17%,32.25%,72.27%,65.43%,-14.65%,191.61%,905.81%,4.18%,4.19%,381.46K,0.73,138.40,-1.95%,"279,452"
AACLZ,9.66%,30.68%,-18.27%,-,-45.05%,-,-,-,-,4.01%,2.63%,0.80K,1.79,13.08,-3.90%,"1,427"
AACM,-1.14%,-11.75%,-14.36%,-32.15%,-38.86%,-54.97%,-28.96%,-9.25%,102.78%,3.73%,3.42%,1.91M,0.81,58.28,-3.13%,"1,549,163"
AACMM,-20.78%,-14.44%,-62.23%,-,-60.30%,-,-,-,-,10.58%,7.94%,4.82K,1.49,9.93,-8.18%,"7,184"
AACMR,-10.07%,-5.38%,-31.37%,57.72%,84.46%,79.86%,291.03%,90.38%,-,5.75%,6.00%,1.07M,1.13,72.77,-3.42%,"1,208,619"
AACN,7.24%,9.84%,41.41%,1.44%,-26.71%,-21.73%,-37.01%,-39.73%,69.52%,4.50%,3.69%,6.59M,0.79,196.64,1.68%,"5,233,372"
AACNB,1.32%,-3.38%,6.96%,24.94%,31.76%,46.38%,93.67%,122.75%,143.05%,2.10%,2.11%,70.18K,0.72,63.12,-0.96%,"50,701"
AACNT,-3.55%,-9.33%,-10.82%,1.87%,-16.00%,10.75%,54.55%,23.86%,35.19%,2.55%,1.85%,40.61K,0.18,13.60,-1.88%,"7,390"
AACOG,0.44%,-5.04%,6.10%,36.25%,39.08%,22.99%,24.69%,-64.85%,-,6.41%,6.16%,124.51K,0.32,9.04,0.67%,"40,376"
AACOM,0.98%,0.55%,16.15%,-,19.32%,-,-,-,-,0.50%,0.49%,0.53K,0.10,24.09,-0.50%,52
AACON,-2.49%,-3.69%,-19.24%,-34.17%,-48.91%,-70.23%,-100.00%,-,-,3.49%,6.08%,53.15K,0.20,2.35,2.62%,"10,416"
AACP,-1.80%,-12.42%,-16.44%,-17.86%,-19.22%,-24.13%,-28.48%,-60.77%,-64.58%,1.38%,1.66%,715.34K,1.22,4.37,0.00%,"874,018"
AACQQ,0.15%,4.18%,-,-,1.23%,-,-,-,-,0.58%,0.56%,1.78K,0.22,25.42,-0.49%,388
AACR,-7.41%,-27.79%,-41.25%,-46.67%,-52.01%,-49.98%,24.12%,-35.39%,-71.67%,4.44%,5.00%,36.34K,1.42,10.24,-0.58%,"51,478"
AACRE,-4.95%,-18.71%,-17.61%,-25.96%,-23.64%,-20.31%,-59.71%,-75.70%,-70.21%,4.08%,2.80%,456.71K,1.22,3.65,-2.67%,"556,355"
AACRS,-35.36%,-43.89%,-40.46%,-13.92%,12.96%,84.78%,-43.89%,-81.48%,-86.20%,12.08%,8.19%,2.35M,3.84,3.40,-8.11%,"9,003,171"
AACRT,-3.16%,-7.67%,-,-,-11.25%,-,-,-,-,0.82%,0.56%,1.49K,0.67,22.24,-1.63%,"1,005"
AACRV,-8.29%,-10.48%,-8.29%,22.88%,-21.99%,-1.57%,-74.07%,-,-,6.62%,6.87%,378.42K,0.75,1.88,1.08%,"283,455"
AACSG,-0.12%,-5.17%,-7.91%,10.25%,12.52%,-,-,-,-,0.60%,0.45%,10.64K,0.43,45.95,-1.65%,"4,573"
AACSI,1.02%,-2.03%,-0.24%,13.37%,13.67%,14.49%,70.98%,50.60%,-,0.09%,0.16%,0.32K,2.21,75.81,-0.26%,715
AACSM,0.49%,-,-,-,-0.00%,-,-,-,-,0.32%,-,79.87K,0.00,39.64,-1.34%,106
AACSP,-6.80%,-7.49%,-,-,-10.89%,-,-,-,-,0.90%,1.44%,3.30K,0.93,22.35,-0.57%,"3,072"
AACSV,0.49%,-4.82%,-4.88%,6.13%,15.21%,-,-,-,-,0.61%,0.37%,2.95K,0.91,46.92,-1.42%,"2,678"
AACT,5.92%,-7.06%,1.87%,8.35%,15.59%,27.60%,68.01%,148.34%,-,2.26%,2.43%,391.12K,0.66,45.82,-1.08%,"256,246"
AACTG,1.04%,-4.50%,-0.57%,-12.90%,16.44%,29.61%,22.33%,-27.78%,-28.49%,2.01%,2.25%,224.16K,0.58,4.36,-0.34%,"129,424"
AACTU,-7.12%,-47.14%,-41.12%,-62.28%,-88.17%,-89.71%,-,-,-,18.94%,15.65%,381.35K,1.67,0.72,-10.77%,"637,890"
AACU,-2.27%,1.41%,29.10%,36.97%,53.76%,57.91%,120.77%,84.52%,204.62%,2.50%,2.60%,36.37K,0.79,61.98,-1.82%,"28,690"
AACV,2.15%,-6.79%,-12.94%,-2.60%,-6.05%,2.83%,35.60%,-10.29%,68.12%,1.61%,2.73%,28.87K,2.09,24.70,0.24%,"60,409"
AACVA,0.10%,48.51%,50.87%,127.95%,30.17%,12.26%,-27.30%,-42.92%,-,0.34%,0.94%,7.57M,1.04,10.44,0.00%,"7,866,419"
AACVF,2.28%,1.01%,2.82%,12.69%,12.69%,12.49%,68.29%,70.30%,-,0.54%,0.49%,5.32K,1.33,55.66,-0.43%,"7,070"
AACVT,-0.01%,-1.08%,0.11%,6.95%,5.49%,5.10%,-,-,-,0.19%,0.17%,6.36K,0.54,28.23,-0.63%,"3,432"
AACVU,1.38%,-1.53%,0.94%,11.24%,14.91%,17.76%,-,-,-,0.55%,0.55%,9.09K,0.82,31.49,-0.24%,"7,453"
AACWI,1.23%,-0.26%,2.35%,11.13%,13.58%,15.44%,73.78%,58.35%,173.88%,0.66%,0.73%,2.35M,0.95,160.71,-0.70%,"2,227,515"
AACWV,1.23%,-1.64%,1.84%,2.15%,4.62%,3.53%,30.68%,19.99%,66.61%,0.47%,0.49%,81.59K,1.55,124.24,-0.36%,"126,093"
AACWX,-0.20%,-3.54%,0.00%,4.44%,12.42%,14.61%,61.54%,35.75%,83.51%,0.79%,0.84%,3.35M,0.64,75.47,-1.19%,"2,131,586"
AACXP,3.17%,-9.09%,-10.96%,-56.08%,-47.79%,-69.70%,-96.61%,-98.55%,-,4.60%,4.08%,127.38K,0.61,1.30,-0.76%,"78,042"
AACYB,-,-,-,-,-,-,-,-,-,-,-,-,-,20.02,-,"8,539"
AACYN,-0.48%,0.24%,0.53%,0.34%,3.18%,-,-,-,-,0.41%,0.32%,2.01M,1.87,20.76,0.00%,"3,755,877"
AACYQ,-0.80%,0.48%,4.05%,-,4.21%,-,-,-,-,3.69%,1.41%,88.50K,2.02,21.05,0.05%,"178,583"
AACYS,-0.44%,-0.15%,0.20%,-,1.84%,-,-,-,-,0.43%,0.42%,421.91K,1.17,20.49,0.15%,"491,811"
AAD,1.25%,-11.23%,-1.73%,-12.28%,-2.88%,5.42%,88.43%,133.51%,111.01%,2.11%,2.31%,205.37K,1.44,34.14,-0.52%,"295,576"
AADAC,-0.59%,-0.30%,0.00%,1.72%,1.11%,-,-,-,-,-0.06%,0.11%,33.15K,0.00,10.06,-0.10%,15
AADAG,-12.19%,-19.48%,-27.01%,-29.75%,48.68%,41.21%,68.77%,-79.41%,-,8.03%,9.82%,259.39K,0.67,2.81,-4.10%,"173,065"
AADAM,-3.73%,-22.86%,-18.41%,-1.71%,2.60%,10.31%,-9.98%,-47.57%,-60.24%,3.09%,2.83%,980.30K,1.10,7.49,-2.98%,"1,082,526"
AADBE,-2.99%,-9.52%,4.55%,-2.73%,-33.49%,-33.17%,-55.80%,-59.80%,114.26%,3.20%,3.21%,5.07M,1.30,232.77,-2.25%,"6,569,937"
AADBG,-6.42%,-20.09%,0.00%,-21.17%,-65.75%,-67.04%,-,-,-,6.17%,6.39%,4.27M,0.99,3.50,-4.63%,"4,246,247"
AADBT,1.47%,-61.69%,-,-,-98.96%,-,-,-,-,14.27%,22.85%,44.39M,0.25,0.12,-0.40%,"11,219,207"
AADBU,-6.48%,-20.56%,-0.22%,-21.02%,-20.45%,-,-,-,-,4.95%,5.33%,26.81K,0.64,19.62,-4.52%,"17,026"
AADC,-2.47%,-10.47%,-16.30%,-15.11%,-9.54%,-7.52%,19.23%,-4.68%,42.49%,1.70%,1.68%,1.46M,0.99,65.16,-0.96%,"1,446,020"
AADCT,16.39%,9.23%,9.23%,-61.93%,-59.77%,-67.05%,69.05%,-93.91%,-,11.15%,9.24%,1.39M,1.26,1.42,11.81%,"1,750,783"
AADDS,0.42%,4.01%,0.04%,-,4.55%,-,-,-,-,0.95%,0.89%,7.38K,0.18,25.87,-1.32%,"1,360"
AADEA,-5.04%,-10.63%,-17.68%,-7.21%,40.93%,42.25%,169.21%,399.24%,135.55%,4.63%,3.86%,1.07M,1.23,24.31,-1.18%,"1,322,128"
AADGM,-12.55%,-77.98%,-76.36%,-90.51%,-87.13%,-94.33%,-98.77%,-98.66%,-,13.00%,18.73%,8.89M,0.18,0.13,-3.04%,"1,638,286"
AADI,3.37%,12.91%,4.18%,18.45%,51.21%,75.44%,135.72%,145.59%,536.57%,2.18%,2.53%,3.53M,0.68,410.08,-2.49%,"2,389,933"
AADIG,-2.18%,-16.08%,-,-,-20.32%,-,-,-,-,4.44%,5.50%,990.77K,0.46,17.53,-1.63%,"452,298"
AADIL,-0.50%,-40.00%,42.50%,141.82%,-27.45%,-59.01%,-94.34%,-99.84%,-,12.94%,11.45%,56.67K,0.08,3.99,0.25%,"4,408"
AADIU,6.26%,25.51%,2.89%,-,-17.16%,-,-,-,-,2.94%,2.96%,11.28K,0.40,12.67,-4.73%,"4,497"
AADIV,-0.10%,-2.97%,2.56%,7.65%,7.23%,7.23%,46.14%,25.11%,-,0.88%,0.78%,4.96K,0.86,19.44,-1.16%,"4,290"
AADM,2.47%,-3.74%,2.99%,13.41%,41.49%,29.34%,11.64%,29.07%,90.72%,2.71%,2.65%,3.68M,0.59,81.34,-1.06%,"2,179,300"
AADMA,1.10%,6.29%,9.39%,3.15%,-44.41%,-27.52%,202.69%,789.47%,51.80%,4.39%,4.23%,2.62M,1.17,10.14,-0.39%,"3,049,651"
AADME,1.53%,1.60%,2.36%,12.18%,11.33%,11.56%,62.34%,42.09%,130.14%,0.58%,0.52%,10.73K,0.56,57.12,-0.29%,"6,024"
AADNT,4.22%,-6.55%,-9.95%,-15.38%,-8.45%,-27.75%,-51.14%,-58.79%,-,4.58%,4.28%,970.67K,1.43,17.55,0.23%,"1,390,270"
AADP,2.30%,-1.48%,9.42%,31.49%,2.63%,-9.88%,7.15%,27.19%,202.16%,2.04%,1.89%,2.24M,0.65,264.00,0.63%,"1,460,300"
AADPT,-9.07%,7.97%,20.55%,77.09%,61.82%,83.14%,459.15%,-21.81%,-,7.10%,5.24%,2.39M,0.89,26.28,-2.30%,"2,120,225"
AADPV,1.56%,-4.04%,-5.56%,3.98%,2.50%,0.77%,82.50%,-,-,0.83%,0.76%,9.36K,0.49,43.91,-1.15%,"4,594"
AADRX,-13.09%,-,-,-,-21.58%,-,-,-,-,9.66%,-,1.42M,0.50,17.33,-6.73%,"705,703"
AADSE,-11.91%,-16.39%,-21.03%,-17.53%,-23.58%,-15.59%,43.13%,-2.22%,-,7.28%,5.07%,18.94K,2.00,9.69,-1.72%,"37,959"
AADSK,12.46%,10.76%,12.69%,-2.33%,-20.59%,-25.19%,11.91%,-16.95%,226.41%,3.41%,3.22%,2.14M,1.05,235.05,1.63%,"2,247,585"
AADT,3.62%,-12.74%,-5.26%,-7.89%,-21.93%,-26.57%,-2.33%,-22.79%,-,2.58%,2.49%,7.63M,1.13,6.30,-0.94%,"8,640,262"
AADTN,13.53%,2.37%,-42.69%,-43.48%,-10.70%,-12.32%,-1.02%,-59.20%,-60.00%,5.16%,4.18%,1.98M,1.12,7.76,1.84%,"2,217,215"
AADUR,-10.77%,-17.08%,-30.95%,7.99%,7.58%,-28.37%,328.65%,404.49%,-,4.87%,4.10%,414.03K,1.14,11.15,-5.47%,"471,881"
AADUS,2.47%,-5.07%,3.24%,22.72%,5.48%,2.38%,35.56%,51.59%,327.92%,2.73%,2.60%,219.69K,1.04,113.27,0.10%,"229,452"
AADV,11.63%,-6.15%,-26.74%,23.85%,31.73%,-20.60%,-61.23%,-86.60%,-,6.39%,5.89%,99.22K,0.60,28.98,6.35%,"59,994"
AADVB,-0.32%,-30.85%,16.62%,-2.05%,6.41%,-34.78%,-,-,-,9.35%,8.69%,1.72M,0.01,6.21,-2.66%,"22,451"
AADVE,0.48%,-2.65%,1.62%,5.73%,18.81%,20.35%,57.81%,-,-,0.26%,0.35%,2.24K,0.05,46.52,-0.97%,120
AADX,1.44%,-0.15%,0.46%,12.00%,11.66%,15.99%,66.25%,68.05%,284.14%,1.20%,1.10%,275.08K,0.73,26.04,-0.95%,"201,422"
AADXN,13.41%,-15.41%,-46.86%,-51.70%,-59.46%,-63.94%,-64.42%,-98.24%,-,3.84%,8.52%,180.26K,0.05,3.13,-1.57%,"9,403"
AAEAQ,0.10%,0.20%,1.00%,1.92%,1.61%,-,-,-,-,0.00%,0.02%,53.10K,0.00,10.10,0.20%,38
AAEBI,3.50%,-12.05%,-2.73%,1.88%,-13.26%,-9.47%,-,-,-,5.12%,4.43%,376.71K,2.59,10.95,-3.27%,"975,489"
AAEC,2.45%,-22.09%,-20.05%,-38.76%,-34.70%,-64.32%,-22.99%,-57.05%,-97.48%,5.59%,6.73%,40.02K,0.72,3.35,-4.01%,"28,867"
AAEE,1.95%,-5.07%,-9.35%,-10.23%,1.46%,-3.15%,36.92%,22.49%,113.62%,1.48%,1.42%,1.63M,2.15,101.32,-0.35%,"3,493,471"
AAEF,0.21%,-5.11%,2.05%,18.38%,35.29%,45.47%,102.13%,14.10%,83.36%,1.99%,1.88%,101.89K,0.59,9.47,-1.87%,"60,495"
AAEG,-3.24%,-8.44%,-4.90%,7.33%,8.30%,6.64%,71.81%,61.20%,102.67%,1.12%,1.22%,4.84M,0.94,8.35,-1.53%,"4,530,586"
AAEHG,-21.40%,-10.28%,-13.61%,-,-48.86%,-,-,-,-,19.71%,17.48%,894.72K,2.74,6.98,-6.06%,"2,452,672"
AAEHL,19.96%,53.23%,-28.04%,-36.36%,-92.75%,-96.38%,-99.87%,-99.99%,-100.00%,15.25%,26.64%,1.72M,0.04,12.32,4.76%,"65,812"
AAEHR,-10.29%,-1.56%,17.27%,41.50%,342.64%,241.76%,131.29%,436.43%,3247.19%,9.24%,8.50%,2.83M,1.37,89.37,-3.01%,"3,881,447"
AAEI,-14.37%,-48.20%,-49.60%,-65.42%,-81.10%,-75.09%,-50.00%,-98.42%,-,10.32%,8.72%,38.87K,0.62,0.65,-4.94%,"24,085"
AAEIS,3.70%,1.22%,-5.50%,-20.36%,39.59%,68.84%,195.74%,230.56%,511.40%,3.92%,4.14%,594.66K,0.81,292.25,-3.47%,"482,428"
AAELV,0.62%,-2.30%,-0.30%,8.00%,11.27%,15.24%,-,-,-,0.00%,0.09%,1.30K,2.97,26.22,-0.26%,"3,881"
AAEM,-1.57%,-10.63%,21.04%,-16.33%,6.41%,8.48%,299.98%,235.48%,301.31%,2.47%,2.67%,2.62M,0.61,180.39,-3.03%,"1,593,206"
AAEMC,1.50%,-0.34%,-,-,-2.37%,-,-,-,-,0.00%,0.05%,3.71K,0.00,19.83,-0.92%,8
AAEMD,-6.90%,235.36%,74.68%,-45.56%,-56.17%,-83.33%,-99.17%,-99.96%,-100.00%,4.95%,10.12%,2.52M,0.01,6.07,-0.33%,"28,535"
AAEMG,2.67%,2.64%,-,-,-0.30%,-,-,-,-,0.00%,0.07%,3.66K,0.00,20.04,-0.99%,11
AAEMV,1.56%,-1.95%,-,-,-3.44%,-,-,-,-,0.19%,0.11%,3.68K,0.00,19.43,-0.69%,8
AAENT,-2.17%,-17.43%,-26.95%,-35.99%,-44.31%,-30.66%,230.88%,-54.13%,-,4.98%,7.14%,156.16K,0.10,4.50,-2.17%,"14,994"
AAEO,-0.67%,2.56%,5.88%,-3.55%,-33.03%,14.08%,8.95%,-29.70%,1.09%,3.04%,4.12%,5.62M,0.69,17.66,-1.29%,"3,870,482"
AAEON,3.75%,32.45%,-38.08%,-65.42%,-71.70%,-66.71%,-99.94%,-99.96%,-,15.43%,15.86%,8.41M,0.35,0.31,7.44%,"2,916,241"
AAEP,2.90%,-2.66%,-8.79%,-9.38%,5.87%,3.32%,69.11%,45.09%,97.57%,1.76%,1.58%,3.83M,0.84,122.08,0.34%,"3,207,311"
AAER,-0.67%,-0.68%,-5.61%,-1.16%,-0.83%,15.31%,134.59%,137.96%,257.02%,2.29%,1.93%,1.06M,1.18,142.56,-2.54%,"1,252,812"
AAERO,3.42%,4.81%,-1.74%,3.68%,-25.64%,-,-,-,-,5.41%,4.78%,297.77K,0.82,16.33,-2.39%,"244,244"
AAERT,-6.23%,-2.26%,-3.89%,69.91%,67.80%,23.57%,-91.88%,-,-,7.20%,5.74%,17.20K,0.56,6.92,-4.29%,"9,714"
AAES,0.20%,0.67%,1.36%,3.68%,4.11%,3.68%,19.92%,-38.02%,28.82%,0.29%,0.29%,7.84M,0.80,14.93,0.00%,"6,299,628"
AAESB,0.24%,-1.41%,-,-,-3.22%,-,-,-,-,0.03%,0.02%,3.61K,0.00,19.46,-1.00%,8
AAESG,0.01%,-1.02%,-,-,-3.37%,-,-,-,-,0.06%,0.03%,3.59K,0.00,19.49,-1.22%,9
AAESI,3.75%,-10.94%,-12.32%,10.07%,32.27%,8.16%,-41.06%,-,-,5.65%,6.07%,3.43M,0.61,12.46,-1.97%,"2,081,151"
AAESL,0.77%,-1.89%,-,-,-2.90%,-,-,-,-,0.06%,0.04%,3.65K,0.04,19.47,-0.71%,156
AAESP,0.00%,0.10%,1.06%,-,1.11%,-,-,-,-,0.02%,0.04%,99.03K,0.00,9.99,0.20%,8
AAESR,1.56%,0.70%,-0.54%,14.26%,19.09%,20.13%,101.56%,89.85%,-,0.62%,0.65%,37.11K,1.42,20.19,-1.03%,"52,689"
AAETH,-0.09%,-2.32%,31.47%,9.83%,3.84%,-21.64%,49.77%,-,-,0.35%,0.47%,0.88K,0.00,37.54,0.00%,0
AAEVA,2.14%,-11.75%,-34.91%,10.22%,7.98%,-18.71%,292.72%,-62.06%,-,5.04%,5.72%,1.59M,0.75,14.34,-1.58%,"1,191,648"
AAEXA,-2.60%,-5.41%,-8.05%,-2.16%,-4.74%,-4.91%,-,-,-,1.31%,1.55%,74.88K,3.32,10.85,-0.64%,"248,778"
AAEYE,3.42%,-12.80%,-2.39%,8.93%,-30.43%,-51.77%,31.63%,-35.47%,98.71%,4.24%,5.65%,129.28K,0.33,6.95,0.43%,"42,763"
AAFB,-2.31%,-11.84%,-17.54%,-14.11%,-13.96%,-13.96%,0.54%,-37.35%,-35.61%,1.37%,1.43%,95.16K,3.21,9.31,-2.51%,"305,831"
AAFCG,-11.81%,-9.54%,8.73%,9.48%,11.40%,-14.88%,-58.95%,-79.28%,-,4.13%,3.49%,89.66K,1.38,3.17,-3.20%,"123,434"
AAFDM,-0.71%,-4.52%,0.70%,2.54%,9.63%,14.24%,59.80%,27.71%,69.84%,0.46%,0.62%,7.90K,0.83,88.26,-1.17%,"6,576"
AAFEM,0.63%,-1.14%,5.19%,13.74%,24.47%,28.40%,85.48%,44.39%,77.76%,1.00%,0.62%,3.68K,0.75,98.57,-1.05%,"2,749"
AAFG,1.65%,-1.32%,-2.30%,5.41%,2.91%,-2.85%,37.23%,36.33%,224.57%,1.50%,1.42%,387.30K,0.68,139.02,-0.75%,"265,066"
AAFGR,2.53%,4.92%,5.51%,18.97%,9.76%,7.19%,88.88%,40.48%,-,0.54%,0.54%,5.96K,0.90,38.89,-0.15%,"5,367"
AAFIF,0.38%,-1.49%,-1.49%,-1.28%,-1.65%,-1.86%,3.93%,-3.45%,-,1.32%,0.92%,466.36K,1.37,9.26,-0.11%,"640,085"
AAFIX,0.10%,-2.87%,-4.38%,-5.68%,-5.98%,-6.39%,-,-,-,0.37%,0.29%,22.96K,0.34,23.59,-0.08%,"7,789"
AAFJK,0.08%,-1.22%,-5.97%,-56.71%,-81.07%,6.97%,-,-,-,1.71%,1.95%,27.61K,0.06,12.12,-0.08%,"1,602"
AAFK,-3.67%,-11.42%,2.31%,-3.56%,-0.86%,7.24%,97.15%,25.81%,28.81%,1.81%,1.78%,68.90K,0.08,26.52,-1.63%,"5,707"
AAFL,0.86%,-2.10%,-7.58%,-0.23%,2.24%,-0.17%,45.28%,108.16%,215.89%,1.56%,1.53%,2.05M,0.63,112.74,-0.78%,"1,287,483"
AAFLG,1.99%,0.65%,3.30%,12.10%,15.17%,15.82%,83.65%,74.84%,-,0.63%,0.64%,73.99K,1.14,45.03,-0.18%,"84,292"
AAFMC,1.26%,-1.88%,-0.30%,7.53%,16.36%,18.11%,70.47%,57.38%,-,1.01%,0.85%,35.63K,0.62,40.11,-1.43%,"21,996"
AAFNXU,-,-,-,-,-,-,-,-,-,-,-,-,-,-,-,0
AAFOS,2.60%,-1.16%,1.72%,19.03%,33.86%,47.27%,-,-,-,1.12%,0.93%,14.50K,0.14,46.02,-0.41%,"2,022"
AAFRI,11.67%,9.47%,18.59%,24.37%,11.06%,42.77%,8.89%,22.01%,-,4.14%,3.43%,20.13K,1.81,12.25,5.24%,"36,402"
AAFRM,8.78%,4.48%,-10.11%,51.19%,1.18%,-1.75%,319.79%,-43.76%,-,4.25%,4.44%,4.22M,0.77,75.31,0.57%,"3,242,114"
AAFRU,17.26%,5.08%,-28.00%,75.89%,-32.61%,-45.16%,-,-,-,6.16%,7.40%,40.73K,0.20,9.92,0.51%,"8,181"
AAFSC,0.02%,-2.83%,-4.14%,12.17%,20.27%,22.45%,-,-,-,0.52%,1.32%,0.46K,1.16,36.61,-1.66%,540
AAFSM,1.02%,-1.46%,-2.00%,14.72%,20.41%,22.93%,68.11%,48.76%,-,1.06%,0.89%,17.95K,2.51,39.59,-0.85%,"45,106"
AAFYA,15.45%,-2.73%,-4.01%,-6.96%,-9.80%,-7.95%,-6.90%,-28.46%,-,3.91%,3.60%,231.81K,2.50,13.90,-0.11%,"578,748"
AAG,-5.88%,-19.76%,-2.97%,-20.37%,-0.06%,31.21%,219.58%,49.60%,102.31%,3.40%,3.99%,10.02M,1.14,16.65,-5.07%,"11,450,497"
AAGBK,13.02%,-3.98%,-10.33%,-9.83%,-40.82%,-,-,-,-,7.26%,4.17%,258.56K,2.14,6.51,-2.40%,"553,132"
AAGCC,6.53%,13.39%,2.11%,0.06%,58.81%,-,-,-,-,5.41%,6.08%,37.42K,0.40,15.50,3.33%,"15,067"
AAGCO,-4.45%,-14.26%,-3.63%,-8.97%,4.63%,-1.11%,-5.07%,-5.56%,146.95%,4.08%,3.47%,1.00M,1.20,109.15,-6.06%,"1,202,894"
AAGD,-4.78%,-7.92%,-7.31%,-2.53%,-4.29%,-19.65%,29.47%,-5.02%,30.07%,1.98%,1.70%,105.55K,0.76,11.16,-1.76%,"80,414"
AAGEM,0.90%,-4.24%,0.34%,12.31%,26.45%,30.41%,-,-,-,1.16%,1.19%,10.85K,0.74,48.54,-0.84%,"8,031"
AAGEN,-23.77%,1.88%,133.64%,80.24%,141.08%,78.12%,-64.29%,-93.28%,-94.57%,10.75%,7.84%,4.20M,0.28,7.57,1.07%,"1,155,751"
AAGG,-0.24%,-2.67%,-3.94%,-5.15%,-5.58%,-5.81%,1.68%,-17.36%,-15.29%,0.51%,0.40%,9.48M,1.49,94.31,-0.05%,"14,121,333"
AAGGA,-0.21%,-1.92%,-2.76%,-3.22%,-3.85%,-4.01%,-,-,-,0.49%,0.29%,14.94K,0.85,24.32,-0.43%,"12,658"
AAGGH,0.11%,-2.96%,-5.06%,-6.21%,-7.34%,-7.51%,-8.88%,-,-,0.88%,0.72%,307.97K,1.46,18.95,-0.16%,"450,949"
AAGGM,-0.07%,-2.12%,-3.47%,-4.66%,-5.07%,-5.57%,0.70%,-18.06%,-14.38%,0.34%,0.29%,20.96K,0.21,99.39,0.14%,"4,333"
AAGGS,-0.01%,-2.71%,-3.82%,-4.76%,-5.42%,-6.35%,-,-,-,0.31%,0.15%,0.55K,0.77,38.99,-0.01%,420
AAGGY,0.00%,-3.08%,-4.70%,-5.83%,-6.52%,-6.94%,0.22%,-20.45%,-19.46%,0.54%,0.42%,164.48K,0.97,41.18,-0.10%,"159,973"
AAGI,-2.66%,-13.50%,5.52%,-33.79%,-18.27%,-5.96%,172.99%,325.51%,328.98%,2.45%,2.95%,4.18M,0.68,31.53,-3.67%,"2,825,658"
AAGIG,-16.47%,-21.51%,-9.85%,-17.23%,-54.02%,-85.43%,-94.80%,-95.80%,-96.06%,11.68%,8.50%,128.80K,1.05,0.91,-4.28%,"134,897"
AAGIO,-4.39%,-5.25%,-25.71%,-5.86%,16.79%,-22.22%,32.46%,-27.78%,-39.67%,3.76%,3.96%,1.08M,1.55,31.79,0.22%,"1,673,115"
AAGIQ,1.33%,6.70%,12.11%,29.14%,19.05%,20.12%,-,-,-,1.14%,1.27%,5.21K,1.04,27.06,-1.23%,"5,420"
AAGIX,2.97%,5.54%,7.11%,40.07%,34.81%,32.82%,-,-,-,1.10%,1.35%,134.12K,0.97,48.94,-1.25%,"129,739"
AAGL,7.68%,-6.21%,-25.91%,364.00%,397.75%,223.40%,-81.24%,-86.85%,-,5.72%,6.37%,290.73K,1.22,85.70,2.76%,"355,727"
AAGM,0.80%,-7.74%,4.36%,33.78%,18.80%,32.40%,38.43%,80.60%,411.60%,2.32%,2.38%,112.79K,1.23,208.58,-2.50%,"138,992"
AAGMB,-20.72%,-40.98%,-32.46%,-10.66%,-40.14%,-,-,-,-,14.57%,10.41%,135.03K,0.78,8.80,-0.45%,"104,931"
AAGMH,-21.08%,-37.78%,-50.12%,-46.32%,-71.39%,-91.71%,-99.27%,-99.88%,-,34.76%,25.83%,1.45M,0.41,0.56,-3.24%,"596,939"
AAGMI,-2.56%,-14.27%,10.95%,-6.14%,4.29%,25.85%,-,-,-,0.77%,1.20%,1.45K,1.22,67.48,-2.91%,"1,773"
AAGNC,-6.73%,-20.79%,-23.58%,-18.02%,-21.08%,-15.32%,-5.26%,-47.19%,-55.29%,2.58%,2.44%,25.91M,1.68,8.46,-2.76%,"43,637,587"
AAGNG,-1.49%,-3.20%,-1.49%,-0.99%,0.47%,4.99%,39.57%,24.45%,125.65%,1.40%,0.84%,10.30K,0.76,36.06,-0.08%,"7,783"
AAGNT,3.13%,-4.90%,-21.80%,-36.81%,-58.18%,-64.95%,-74.20%,-91.02%,48.43%,5.93%,5.78%,1.55M,0.95,3.79,-0.92%,"1,473,144"
AAGO,2.10%,-5.29%,-16.19%,-16.90%,-23.07%,-16.31%,14.45%,40.04%,142.43%,1.63%,1.94%,417.61K,0.81,69.14,-0.42%,"338,024"
AAGOX,1.07%,0.48%,-1.89%,17.45%,18.07%,13.00%,59.60%,46.83%,-,1.64%,1.35%,51.72K,0.27,33.72,-0.44%,"13,793"
AAGPU,5.89%,6.93%,72.74%,167.56%,68.39%,-15.57%,-77.07%,-96.51%,-99.89%,9.92%,9.55%,445.86K,0.60,12.04,-2.03%,"268,734"
AAGQ,-2.63%,-19.18%,-5.98%,-43.99%,-58.01%,-16.98%,182.60%,95.67%,63.67%,3.86%,3.99%,2.53M,1.45,65.14,-6.00%,"3,680,985"
AAGQI,-0.46%,-3.67%,-0.11%,2.87%,9.60%,12.27%,-,-,-,0.49%,0.46%,3.95K,0.37,18.08,-0.60%,"1,477"
AAGRO,3.35%,-14.38%,4.80%,-26.56%,32.16%,33.84%,-2.69%,18.55%,-8.87%,4.37%,3.86%,771.18K,0.73,10.48,-3.14%,"565,331"
AAGRW,2.89%,3.93%,5.26%,19.78%,12.44%,12.84%,-,-,-,0.18%,0.14%,0.75K,0.19,33.95,-0.17%,140
AAGRZ,8.65%,-25.17%,-60.30%,-61.56%,-77.99%,-96.07%,-,-,-,11.81%,14.98%,349.95K,0.04,3.39,2.42%,"14,640"
AAGX,7.00%,-7.42%,-41.18%,-31.26%,29.07%,50.59%,751.71%,814.70%,639.76%,4.41%,4.51%,360.09K,0.86,404.39,-3.63%,"309,149"
AAGYS,4.99%,-5.65%,-6.62%,55.34%,-14.24%,-6.22%,43.85%,88.39%,841.96%,3.48%,3.60%,263.00K,0.95,101.92,3.17%,"250,240"
AAGZ,-0.34%,-1.71%,-2.43%,-3.33%,-3.69%,-3.55%,0.96%,-10.19%,-7.59%,0.35%,0.26%,28.11K,1.02,106.18,-0.04%,"28,759"
AAGZD,-0.17%,-0.30%,-0.48%,-0.44%,0.07%,0.12%,3.99%,4.24%,1.90%,0.56%,0.57%,73.51K,2.78,22.50,-0.17%,"204,454"
AAHBM,0.39%,-3.01%,-,-,4.18%,-,-,-,-,1.55%,1.60%,10.21K,0.33,25.70,-1.16%,"3,375"
AAHCO,4.26%,-5.01%,-42.13%,-51.72%,-40.96%,-34.81%,-26.32%,-74.71%,-,4.63%,4.18%,2.83M,1.02,5.88,1.91%,"2,884,618"
AAHD,-2.36%,-4.51%,1.13%,-,3.65%,-,-,-,-,0.46%,0.52%,5.89K,3.48,25.85,-2.80%,"20,492"
AAHG,34.44%,48.14%,-18.79%,-47.16%,-26.22%,-25.77%,-18.79%,-60.20%,-,13.88%,12.45%,107.57K,0.16,1.21,3.42%,"16,769"
AAHLT,1.29%,6.16%,9.41%,11.99%,19.52%,25.55%,18.23%,-,-,1.40%,0.86%,29.22K,0.64,31.48,0.03%,"18,613"
AAHMA,-4.38%,11.97%,-34.17%,36.40%,-73.48%,-,-,-,-,6.35%,10.41%,482.30K,0.04,1.31,1.55%,"17,468"
AAHR,-3.69%,-9.58%,-8.30%,2.00%,4.91%,20.27%,-,-,-,2.20%,1.88%,2.92M,1.42,49.37,-2.22%,"4,148,205"
AAHRT,-1.31%,-7.38%,-14.97%,6.17%,-9.06%,-11.08%,-39.51%,-52.52%,-49.51%,2.59%,2.74%,847.11K,0.78,6.02,-0.33%,"657,709"
AAHT,-7.17%,-30.60%,-31.46%,-16.67%,-48.36%,-62.33%,-90.48%,-98.44%,-99.96%,4.08%,4.42%,26.52K,0.09,2.20,-0.90%,"2,329"
AAHYB,0.00%,-2.22%,-2.90%,-3.38%,-4.25%,-4.14%,5.02%,-,-,0.33%,0.34%,3.10K,0.54,44.77,-0.09%,"1,675"
AAI,2.18%,6.85%,24.64%,27.90%,-16.69%,-41.27%,-54.63%,-75.04%,-,3.66%,4.21%,4.96M,0.60,11.23,-0.09%,"2,980,472"
AAIA,0.21%,-1.12%,2.57%,24.35%,46.11%,48.16%,157.46%,83.59%,190.42%,1.04%,1.15%,383.07K,0.49,142.47,-1.49%,"189,024"
AAIAI,3.74%,-15.70%,-70.48%,-,-72.25%,-,-,-,-,9.86%,13.69%,538.47K,0.40,3.33,-8.01%,"216,453"
AAIB,12.78%,4.90%,-18.03%,-18.48%,58.73%,-17.13%,-,-,-,13.56%,11.99%,1.81M,0.91,1.50,-4.46%,"1,647,428"
AAIBD,-5.88%,-13.98%,-21.02%,-53.53%,-47.22%,-41.21%,-,-,-,1.29%,2.02%,6.58K,0.28,40.80,0.57%,"1,814"
AAIBF,0.62%,-,-,-,-0.43%,-,-,-,-,0.49%,-,17.36K,0.69,24.98,-0.64%,"12,003"
AAIBU,6.21%,13.89%,19.14%,86.45%,53.58%,36.39%,-,-,-,1.99%,1.76%,5.78K,0.58,75.83,-0.64%,"3,372"
AAIBZ,-18.75%,-26.84%,-52.99%,34.66%,46.96%,-,-,-,-,7.48%,7.13%,451.84K,1.42,3.38,-6.37%,"641,330"
AAICH,-0.30%,-,-,-,-3.09%,-,-,-,-,0.43%,-,7.16K,0.07,24.97,-1.62%,501
AAIDX,-21.31%,-40.56%,-41.08%,-82.06%,-99.31%,-,-,-,-,12.45%,11.52%,92.45K,0.90,0.34,-2.54%,"82,853"
AAIEQ,1.88%,-0.33%,0.08%,11.57%,10.86%,10.89%,69.69%,21.06%,-,0.73%,0.61%,5.12K,0.43,50.05,-0.46%,"2,216"
AAIFA,76.43%,144.55%,270.50%,303.59%,215.21%,45.29%,40.34%,-30.23%,-,17.14%,10.07%,282.54K,2.05,7.41,-3.39%,"580,543"
AAIFC,-8.25%,-14.89%,-20.22%,-59.64%,-59.64%,-84.03%,13.85%,-92.87%,-91.06%,7.13%,7.51%,867.43K,1.56,0.44,-1.18%,"1,355,054"
AAIFD,3.10%,5.98%,5.20%,32.89%,48.59%,55.73%,-,-,-,0.99%,0.98%,12.11K,0.59,55.84,-1.10%,"7,191"
AAIFF,-20.26%,9.91%,-1.61%,-28.24%,39.43%,-59.06%,-86.66%,-98.75%,-73.33%,6.75%,10.86%,2.63M,0.11,1.22,-2.40%,"282,689"
AAIFR,-0.41%,-,-,-,6.43%,-,-,-,-,0.60%,-,1.82K,1.15,25.75,-0.79%,"2,083"
AAIFU,27.10%,-20.04%,-66.48%,-50.35%,-76.03%,-88.06%,-99.57%,-99.75%,-99.59%,10.19%,21.59%,32.02K,0.76,12.85,14.94%,"24,475"
AAIG,1.67%,1.31%,-4.36%,-2.29%,-11.56%,-9.98%,24.30%,32.27%,25.97%,1.67%,1.89%,3.85M,1.27,75.66,0.73%,"4,900,667"
AAIHY,3.05%,6.14%,-,-,13.09%,-,-,-,-,1.11%,1.25%,24.43K,0.88,22.64,-0.63%,"21,424"
AAII,5.84%,0.95%,38.05%,40.32%,34.05%,18.12%,-,-,-,3.21%,3.56%,163.09K,1.00,26.45,2.64%,"163,628"
AAIIA,0.00%,0.39%,0.20%,2.19%,3.32%,-,-,-,-,0.45%,0.29%,31.23K,0.05,10.27,-0.19%,"1,642"
AAIIO,-17.42%,-44.10%,-67.94%,31.12%,-82.14%,-96.96%,-99.31%,-99.47%,-,10.79%,7.61%,1.18M,1.55,1.09,-3.54%,"1,834,409"
AAIIR,3.27%,10.20%,18.65%,-23.62%,-22.65%,-24.21%,-,-,-,10.36%,9.50%,19.91K,1.65,7.89,3.14%,"32,777"
AAIM,4.46%,-20.42%,-36.94%,-66.91%,-83.81%,-93.04%,-99.61%,-99.90%,-100.00%,6.51%,5.88%,4.64M,0.12,0.18,0.16%,"547,529"
AAIMD,-2.67%,-16.48%,-35.28%,-25.08%,-24.63%,-68.06%,-91.76%,-99.55%,-98.68%,5.33%,7.61%,190.29K,0.21,1.24,-4.18%,"40,379"
AAIMG,5.16%,-,-,-,7.87%,-,-,-,-,0.91%,-,5.73K,1.43,21.21,-0.46%,"8,162"
AAIMS,-0.27%,-3.36%,-5.56%,7.73%,6.12%,-,-,-,-,0.13%,0.28%,4.65K,0.07,26.98,-1.59%,318
AAIN,-0.39%,-4.75%,-18.52%,6.19%,17.12%,6.76%,-29.94%,-27.15%,42.81%,4.08%,3.06%,268.49K,1.46,59.38,0.12%,"393,199"
AAINF,3.28%,7.10%,-,-,7.25%,-,-,-,-,0.27%,0.73%,1.09K,0.42,20.97,-1.55%,463
AAINP,0.27%,-2.40%,-3.39%,-3.83%,-4.53%,-4.83%,-,-,-,0.28%,0.23%,6.51K,0.17,24.10,-0.18%,"1,106"
AAINT,0.08%,13.82%,19.67%,44.43%,37.70%,-,-,-,-,0.85%,1.13%,2.85K,0.74,35.42,-0.30%,"2,114"
AAIO,2.53%,-1.54%,-5.17%,12.53%,17.24%,12.52%,62.62%,17.45%,-,1.53%,2.13%,71.24K,0.70,25.50,-0.82%,"49,825"
AAIOO,0.51%,0.43%,0.89%,3.05%,3.31%,3.81%,-,-,-,2.08%,0.71%,18.48K,0.51,26.55,-0.08%,"9,402"
AAIOS,-10.08%,-11.86%,-21.48%,-5.25%,-47.90%,-85.78%,-76.58%,-99.52%,-,7.98%,7.38%,41.74K,0.10,11.15,-6.14%,"4,173"
AAIOT,-7.39%,-11.15%,-38.55%,-18.58%,-50.56%,-50.47%,32.83%,-61.47%,-49.23%,3.66%,3.91%,1.73M,0.59,2.63,-2.95%,"1,019,402"
AAIP,-1.02%,2.99%,-35.20%,22.96%,50.97%,80.69%,281.73%,-,-,3.13%,4.30%,691.50K,0.73,23.40,-3.03%,"506,033"
AAIPI,0.93%,1.59%,2.08%,9.13%,-5.72%,-11.66%,-,-,-,0.48%,0.82%,175.36K,1.05,37.76,-0.55%,"183,606"
AAIPO,4.15%,-1.77%,-6.35%,9.84%,32.78%,25.46%,-,-,-,2.17%,1.91%,1.18M,1.57,29.37,-2.20%,"1,843,116"
AAIQ,2.32%,3.65%,4.45%,34.42%,31.09%,31.86%,143.41%,117.59%,-,1.08%,1.18%,1.42M,0.66,66.67,-0.57%,"941,437"
AAIQD,-7.05%,-23.98%,-40.07%,-,-27.43%,-,-,-,-,1.70%,1.20%,0.41K,1.39,36.76,1.36%,569
AAIQU,7.04%,26.16%,30.35%,-,-8.64%,-,-,-,-,2.65%,3.05%,9.87K,0.83,22.69,-1.40%,"8,156"
AAIR,-1.82%,-23.80%,-27.06%,-17.52%,20.33%,19.94%,67.40%,192.31%,216.96%,4.04%,4.80%,499.21K,0.90,99.62,-4.24%,"451,194"
AAIRE,-15.15%,-28.21%,-43.43%,-82.07%,-89.26%,-92.29%,-,-,-,7.28%,6.99%,112.34K,0.63,1.12,-10.40%,"70,212"
AAIRG,-16.94%,-24.68%,-29.93%,-28.97%,1.48%,1.48%,16.22%,-65.52%,-70.47%,11.83%,6.32%,68.71K,0.52,4.12,-2.14%,"35,802"
AAIRI,2.35%,1.56%,-11.22%,-19.44%,-14.98%,-16.61%,-5.43%,-74.41%,-93.56%,4.89%,3.72%,26.06K,0.60,2.61,0.97%,"15,530"
AAIRJ,-5.64%,-19.30%,-19.12%,28.67%,-6.60%,-31.60%,-65.28%,-,-,4.34%,4.38%,1.33M,0.58,3.68,-3.66%,"774,624"
AAIRO,-4.08%,-13.51%,-4.08%,-28.12%,-22.49%,-68.28%,-,-,-,4.10%,4.91%,450.66K,1.02,6.34,-2.91%,"460,048"
AAIRR,1.20%,-4.48%,-15.98%,-12.32%,6.27%,7.19%,105.79%,148.17%,416.97%,2.28%,1.89%,735.58K,1.23,104.48,-3.34%,"904,328"
AAIRS,3.41%,-32.72%,-57.97%,-33.09%,-8.08%,-77.33%,-75.07%,-,-,8.67%,8.51%,813.82K,1.08,1.82,-2.15%,"877,923"
AAIRT,8.21%,-4.24%,13.78%,41.65%,60.79%,39.59%,36.79%,11.63%,131.19%,5.70%,6.49%,30.62K,1.55,30.71,-0.29%,"47,394"
AAIS,2.82%,6.65%,-0.52%,60.53%,103.42%,110.09%,-,-,-,1.86%,2.11%,531.94K,1.71,76.83,-1.04%,"911,933"
AAISP,15.05%,2.88%,-3.60%,-0.47%,-25.95%,-67.53%,-79.85%,-77.98%,-,18.29%,7.05%,1.02M,0.55,2.14,1.42%,"563,621"
AAIT,0.69%,2.42%,3.75%,19.18%,30.30%,32.38%,114.02%,250.79%,618.60%,2.61%,2.25%,282.54K,0.73,334.58,-3.02%,"206,691"
AAIUP,-0.02%,7.26%,15.70%,31.56%,31.24%,-,-,-,-,1.14%,1.09%,2.01K,1.08,32.21,0.11%,"2,183"
AAIV,-11.11%,-29.03%,-36.92%,-38.04%,-43.26%,-38.46%,-24.04%,-29.69%,12.31%,3.75%,3.43%,1.43M,1.30,1.76,-5.88%,"1,863,353"
AAIVC,4.33%,6.43%,7.02%,56.81%,76.94%,82.28%,238.97%,131.07%,359.01%,0.93%,1.17%,9.21K,0.21,119.98,-0.72%,"1,940"
AAIVI,-1.64%,-5.46%,0.25%,0.38%,9.37%,14.44%,52.45%,39.14%,48.13%,0.40%,0.39%,2.96K,0.33,56.85,-1.26%,971
AAIVL,1.71%,-1.98%,-0.35%,7.26%,13.17%,13.31%,48.20%,35.63%,67.71%,0.38%,0.36%,4.56K,0.17,130.13,-0.50%,774
AAIX,3.15%,8.63%,4.91%,-,5.28%,-,-,-,-,0.60%,0.58%,0.57K,0.95,25.77,-0.29%,544
AAIXI,-5.04%,-59.51%,-90.33%,-99.34%,-97.70%,-99.18%,-99.95%,-,-,41.80%,20.19%,3.10M,4.31,1.32,-28.65%,"13,359,842"
AAIYY,0.00%,-2.09%,-5.64%,-24.92%,-56.85%,-72.83%,-,-,-,2.35%,2.88%,82.69K,0.74,7.50,0.27%,"61,001"
AAIZ,1.23%,-5.08%,-4.47%,19.24%,10.75%,23.32%,83.27%,63.95%,196.60%,2.00%,2.03%,369.18K,0.91,266.73,-1.56%,"334,163"
AAJAN,0.48%,0.43%,1.05%,2.99%,3.14%,4.34%,-,-,-,0.18%,0.11%,2.50K,0.53,28.72,0.08%,"1,325"
AAJG,-0.44%,-9.68%,-10.51%,2.85%,-12.25%,-26.70%,-2.12%,48.02%,349.08%,2.77%,2.53%,1.41M,0.76,227.10,-1.20%,"1,078,457"
AAJUL,0.67%,0.25%,1.08%,3.54%,4.63%,6.17%,-,-,-,0.26%,0.26%,31.36K,0.67,30.42,0.00%,"20,986"
AAKA,-0.21%,1.18%,-4.30%,8.57%,1.46%,15.25%,154.26%,-88.97%,-,1.76%,2.93%,3.29K,0.26,10.86,1.46%,844
AAKAF,0.06%,-5.99%,-2.13%,-3.05%,6.38%,7.76%,-,-,-,0.09%,0.04%,0.04K,0.39,30.96,-1.25%,17
AAKAL,-3.94%,-5.09%,-,-,-28.99%,-,-,-,-,6.87%,7.82%,39.26K,2.50,17.05,-7.46%,"98,210"
AAKAM,-1.64%,-0.95%,-19.23%,-9.82%,19.90%,36.57%,-1.09%,0.83%,90.37%,3.72%,5.40%,4.19M,0.92,104.61,-3.69%,"3,878,070"
AAKAN,-24.90%,-41.16%,-80.80%,-37.84%,-81.24%,-96.35%,-99.93%,-,-,8.46%,9.35%,1.33M,0.06,1.93,2.12%,"86,025"
AAKBA,-5.07%,-15.20%,-38.92%,-38.92%,-45.75%,-70.39%,-17.60%,-68.81%,-90.14%,5.46%,5.79%,6.09M,1.51,0.87,-0.58%,"9,163,926"
AAKO-A,0.00%,0.62%,2.25%,2.08%,5.15%,27.60%,127.90%,129.62%,17.32%,0.00%,1.91%,1.02K,0.02,24.50,0.00%,24
AAKO-B,8.55%,6.78%,4.65%,16.58%,12.90%,41.26%,153.80%,159.80%,41.59%,2.45%,2.65%,9.12K,0.29,31.50,3.09%,"2,639"
AAKR,-3.52%,-11.24%,-14.92%,-10.32%,-11.98%,-8.08%,32.36%,-16.26%,-46.89%,1.93%,1.83%,1.37M,0.85,18.08,-1.69%,"1,165,868"
AAKRE,1.44%,-7.59%,-2.46%,0.15%,-18.44%,-,-,-,-,1.31%,1.34%,425.51K,0.99,53.43,-0.61%,"420,879"
AAKTS,-7.55%,-28.06%,-36.66%,6.01%,-33.33%,-,-,-,-,5.65%,5.42%,372.45K,0.79,18.00,0.78%,"294,104"
AAKTX,-7.26%,-21.30%,-34.46%,122.29%,-25.39%,-79.46%,-94.18%,-99.35%,-99.87%,11.01%,11.73%,62.26K,0.52,8.62,2.80%,"32,445"
AALA,13.29%,63.67%,-,-,-32.92%,-,-,-,-,7.90%,8.77%,6.99K,2.34,16.31,-3.98%,"16,380"
AALAB,7.38%,32.34%,-8.43%,204.68%,129.77%,80.22%,-,-,-,6.24%,6.24%,4.19M,1.20,382.25,-1.94%,"5,029,495"
AALAI,2.47%,3.75%,5.87%,34.86%,31.87%,29.03%,-,-,-,1.06%,1.23%,71.92K,1.01,47.62,-0.79%,"72,404"
AALAR,0.63%,1.90%,-34.82%,-74.16%,-81.24%,-89.22%,-58.61%,-84.81%,-,6.11%,10.46%,176.99K,0.11,1.61,-4.73%,"19,563"
AALB,-2.86%,-20.70%,-19.99%,-42.09%,-27.35%,13.50%,-35.72%,-53.78%,24.74%,2.77%,3.25%,2.27M,0.85,102.75,-3.39%,"1,931,386"
AALBG,-6.74%,-38.65%,-40.71%,-72.59%,-74.57%,-,-,-,-,5.12%,5.58%,33.23K,1.07,4.00,-6.98%,"35,610"
AALC,-2.70%,-8.85%,-6.17%,-18.51%,-20.06%,-16.41%,-16.94%,-19.67%,-,1.61%,1.61%,1.90M,0.81,63.00,-0.30%,"1,544,334"
AALCO,-0.91%,-3.80%,-6.18%,-14.01%,5.09%,13.58%,54.53%,9.29%,43.13%,1.25%,1.99%,19.89K,1.04,38.23,-0.10%,"20,711"
AALDB,0.91%,1.13%,2.86%,-,4.06%,-,-,-,-,0.18%,0.18%,7.84K,0.27,26.06,-0.11%,"2,123"
AALDF,0.00%,0.14%,0.84%,2.37%,3.15%,3.54%,-,-,-,0.08%,0.04%,58.05K,0.00,10.82,-0.00%,144
AALDX,-22.07%,-37.75%,-58.32%,-38.94%,-81.49%,-82.91%,-83.70%,-88.98%,-86.78%,15.94%,9.53%,1.24M,1.04,0.96,4.66%,"1,287,897"
AALEC,3.78%,-22.27%,17.43%,-20.66%,23.08%,-37.46%,-71.26%,-92.09%,-,18.54%,10.01%,2.68M,1.48,1.92,6.08%,"3,972,727"
AALF,0.00%,-0.64%,-0.64%,0.19%,1.60%,2.56%,-,-,-,0.00%,0.13%,0.81K,0.09,10.82,0.09%,75
AALG,1.38%,-9.05%,-3.23%,-11.00%,-6.53%,-16.45%,-9.70%,9.51%,137.45%,3.72%,3.24%,164.14K,0.69,156.91,-3.21%,"112,441"
AALGM,1.87%,1.54%,-35.47%,3.23%,40.37%,34.65%,19.76%,20.27%,-,3.95%,4.09%,2.41M,1.00,37.03,-4.46%,"2,410,837"
AALGN,-3.77%,-8.87%,-21.50%,-20.90%,-10.43%,7.20%,-50.86%,-78.85%,55.97%,2.18%,2.63%,901.56K,0.75,139.87,-1.12%,"678,976"
AALGS,-5.51%,-7.64%,-21.42%,-33.42%,-42.92%,-45.93%,-72.33%,-98.55%,-,5.77%,7.40%,108.74K,0.18,5.32,-1.12%,"19,405"
AALGT,0.65%,0.29%,-33.47%,-11.85%,-10.54%,22.79%,-2.41%,-60.78%,-47.37%,3.97%,4.23%,500.30K,0.77,76.28,-1.62%,"384,344"
AALH,-0.94%,-5.08%,-18.03%,-10.44%,3.69%,-,-,-,-,3.55%,2.87%,1.18M,0.58,21.10,-2.27%,"684,410"
AALHC,4.78%,-36.48%,-59.34%,-59.88%,-56.71%,-49.65%,16.80%,-49.88%,-,6.54%,8.14%,7.58M,0.87,8.55,2.15%,"6,563,823"
AALIL,0.90%,-2.32%,-4.01%,3.44%,4.74%,5.92%,-,-,-,0.62%,0.57%,2.15K,1.03,30.31,-1.81%,"2,218"
AALIS,6.98%,6.88%,8.35%,10.30%,11.08%,-,-,-,-,9.37%,2.49%,36.50K,18.93,11.03,-1.96%,"691,031"
AALIT,11.32%,-26.17%,-46.12%,1.29%,-74.54%,-84.63%,-92.47%,-95.56%,-,7.63%,7.39%,559.86K,0.87,9.93,9.60%,"486,132"
AALK,2.30%,-2.82%,-21.04%,-0.80%,-21.29%,-19.20%,12.89%,-34.28%,-41.87%,2.95%,3.45%,2.79M,0.99,39.59,-0.75%,"2,756,686"
AALKS,2.28%,-8.89%,-22.94%,19.20%,48.12%,33.91%,55.45%,38.98%,-2.46%,3.42%,3.32%,1.83M,0.99,41.44,-0.49%,"1,816,098"
AALKT,3.36%,-26.99%,-20.10%,-14.09%,-38.66%,-39.56%,-19.42%,-42.41%,-,2.96%,4.87%,1.56M,0.79,14.15,0.28%,"1,236,552"
AALL,0.94%,-11.64%,-9.93%,5.60%,7.59%,5.74%,97.92%,75.87%,227.27%,1.70%,2.13%,1.90M,0.88,223.95,-0.14%,"1,664,034"
AALLE,-3.81%,-5.22%,9.51%,2.37%,-7.10%,-16.45%,42.65%,12.44%,121.16%,2.97%,2.12%,1.28M,1.53,147.91,-4.70%,"1,948,667"
AALLO,-10.63%,-23.12%,-31.90%,-47.04%,4.38%,5.93%,-52.81%,-94.13%,-,4.74%,4.84%,5.91M,0.66,1.43,-2.05%,"3,899,722"
AALLR,-6.29%,-21.28%,-18.00%,-15.17%,-8.89%,-43.77%,-99.76%,-,-,5.16%,8.47%,97.58K,0.83,0.98,-0.13%,"81,041"
AALLT,-3.67%,5.45%,-6.44%,15.65%,-17.29%,-24.44%,321.24%,-48.15%,53.98%,3.44%,3.57%,278.23K,0.80,8.13,-2.52%,"222,590"
AALLW,0.21%,-4.57%,-2.09%,-2.69%,4.15%,1.38%,-,-,-,0.92%,0.87%,588.35K,0.95,28.63,-0.59%,"560,695"
AALLY,-0.66%,-11.61%,-17.16%,-10.41%,-17.49%,-6.39%,48.06%,-29.44%,89.12%,1.80%,2.16%,3.31M,1.22,37.37,-0.66%,"4,047,035"
AALM,-8.05%,-36.72%,-17.69%,-31.37%,37.34%,69.94%,2257.02%,1068.87%,3953.60%,4.92%,6.58%,6.57M,0.74,12.10,-7.21%,"4,857,940"
AALMR,-18.49%,-7.28%,4.87%,-,22.88%,-,-,-,-,14.05%,8.95%,380.49K,3.02,27.77,-13.92%,"1,148,153"
AALMS,-8.39%,-36.01%,-77.66%,-70.19%,-30.64%,50.11%,-,-,-,5.76%,6.44%,2.45M,0.89,6.77,-2.31%,"2,170,153"
AALMU,4.37%,-3.08%,-29.32%,12.27%,-24.87%,-26.50%,330.00%,-,-,5.10%,6.15%,538.16K,0.55,12.90,-1.68%,"297,140"
AALNT,1.55%,18.51%,26.27%,75.16%,110.85%,169.38%,274.52%,240.23%,773.11%,4.52%,4.55%,247.02K,1.27,113.33,-3.34%,"312,989"
AALNY,-9.05%,-13.72%,-28.26%,-31.43%,-43.57%,-51.17%,26.84%,10.60%,554.83%,5.41%,3.88%,1.83M,0.58,224.41,0.21%,"1,064,112"
AALOV,-0.30%,0.30%,0.40%,1.52%,1.11%,-,-,-,-,0.05%,0.05%,66.91K,0.00,10.01,-0.15%,206
AALOY,-2.94%,-21.41%,-38.91%,-0.75%,-2.04%,16.82%,214.68%,-72.66%,-75.88%,3.71%,5.54%,2.40M,0.58,7.93,-2.34%,"1,389,758"
AALP,-18.01%,-26.46%,-67.00%,-75.05%,-86.80%,-98.58%,-99.82%,-99.98%,-99.97%,10.65%,13.88%,132.42K,5.80,3.96,-1.49%,"768,004"
AALPS,-13.47%,-10.55%,-39.58%,-65.56%,-60.39%,-97.70%,-96.81%,-,-,7.73%,5.38%,68.14K,0.34,0.34,-10.71%,"22,898"
AALPX,-0.10%,0.10%,1.02%,-,-0.50%,-,-,-,-,0.00%,0.04%,98.63K,0.00,9.95,0.00%,7
AALRG,1.78%,2.26%,5.03%,14.71%,14.97%,16.59%,-,-,-,0.06%,0.07%,0.54K,0.03,31.75,-0.23%,16
AALRM,0.39%,-2.37%,5.78%,22.35%,7.17%,6.36%,-8.97%,-31.85%,85.29%,2.65%,2.42%,425.23K,1.46,54.68,-2.55%,"620,580"
AALRS,1.46%,-3.58%,3.79%,29.14%,42.27%,47.51%,80.51%,2.79%,91.86%,2.26%,2.17%,187.39K,1.20,32.04,-0.99%,"225,043"
AALSN,-2.21%,-15.17%,-2.65%,-11.39%,13.14%,32.35%,86.78%,216.91%,289.04%,3.51%,3.12%,818.64K,0.91,110.76,-3.48%,"748,527"
AALT,-6.99%,-20.83%,-14.74%,-21.07%,-26.32%,-32.32%,5.56%,-78.39%,-97.34%,3.49%,4.00%,4.19M,0.76,2.66,-0.37%,"3,168,243"
AALTG,6.58%,5.88%,2.53%,11.53%,40.87%,-2.85%,-44.04%,-54.01%,-,5.86%,5.60%,185.70K,0.97,6.48,-3.86%,"180,457"
AALTI,-7.69%,-19.30%,-24.59%,-28.12%,-40.52%,-22.25%,-58.87%,-72.02%,-,4.87%,4.58%,176.25K,0.71,2.76,-4.17%,"124,685"
AALTL,1.53%,-3.74%,-9.96%,-0.88%,3.38%,3.07%,30.19%,6.84%,-,0.61%,0.48%,7.57K,0.77,44.37,-0.98%,"5,860"
AALTO,-1.22%,-11.21%,-35.71%,-16.59%,26.56%,228.38%,-8.42%,-30.44%,-49.09%,3.85%,3.58%,1.76M,0.54,3.64,-2.80%,"950,892"
AALTY,-0.86%,-5.09%,-5.69%,-4.27%,-2.26%,-1.42%,11.15%,-12.66%,-21.81%,0.68%,0.61%,19.85K,1.69,11.66,-0.58%,"33,583"
AALUB,-0.10%,0.10%,0.50%,1.30%,1.50%,-,-,-,-,0.12%,0.11%,115.82K,0.44,10.13,-0.05%,"50,575"
AALV,-1.22%,-8.09%,-7.09%,0.01%,-6.89%,-9.66%,15.35%,21.69%,45.87%,2.19%,2.08%,676.63K,1.55,110.52,-2.24%,"1,046,100"
AALVO,0.86%,12.72%,76.20%,63.41%,14.04%,-32.29%,-37.57%,-40.55%,-,6.02%,5.33%,1.03M,0.84,5.85,-4.72%,"864,565"
AALX,-2.17%,-7.78%,-11.23%,0.54%,10.65%,0.92%,39.65%,-11.14%,-39.30%,1.81%,1.97%,36.15K,2.38,241.14,-1.77%,"86,040"
AALXO,-18.71%,-43.50%,-45.15%,-40.37%,0.00%,-38.25%,-86.47%,-98.23%,-,10.46%,8.19%,1.05M,0.73,1.13,1.80%,"764,262"
AALZN,-20.81%,-18.45%,18.10%,47.12%,-24.73%,-44.98%,-99.55%,-99.96%,-,16.07%,7.81%,90.11K,0.21,1.37,0.00%,"18,886"
AAM,3.42%,-8.95%,-7.66%,-7.21%,17.20%,8.99%,75.51%,91.11%,-,3.11%,2.51%,2.36M,1.12,20.85,-1.37%,"2,634,007"
AAMA,3.05%,17.50%,-31.91%,-,28.14%,-,-,-,-,5.25%,6.05%,294.41K,0.32,26.05,-4.12%,"93,055"
AAMAA,8.17%,1.22%,4.04%,-,16.64%,-,-,-,-,1.59%,1.10%,1.44K,0.13,30.61,2.81%,187
AAMAC,0.10%,-0.81%,-,-,-2.00%,-,-,-,-,0.04%,-,46.42K,0.00,9.80,0.00%,8
AAMAL,-1.98%,-3.30%,0.67%,12.36%,45.58%,70.62%,174.13%,188.20%,-,2.22%,2.30%,208.08K,1.07,46.63,-2.14%,"222,249"
AAMAN,-1.69%,-2.51%,3.86%,-,3.45%,-,-,-,-,1.03%,1.05%,26.94K,0.15,10.50,-1.13%,"4,096"
AAMAT,1.81%,10.12%,-11.55%,34.98%,102.60%,146.10%,271.12%,307.14%,1650.08%,2.79%,3.13%,7.20M,0.53,520.65,-1.81%,"3,780,119"
AAMAU,3.06%,17.43%,-31.47%,-,10.01%,-,-,-,-,5.38%,6.17%,292.18K,0.65,15.83,-3.94%,"190,234"
AAMAX,0.47%,-2.18%,-1.11%,-5.18%,-6.14%,-10.39%,3.71%,-,-,1.05%,0.97%,53.69K,0.57,7.41,-1.20%,"30,815"
AAMBA,-6.01%,2.91%,-16.65%,22.62%,-7.78%,-19.92%,22.34%,-58.82%,-6.46%,3.80%,5.50%,1.66M,0.50,65.33,-3.84%,"826,269"
AAMBO,-3.16%,-10.02%,-19.65%,-14.02%,-33.33%,-48.09%,37.31%,-86.76%,-95.91%,2.89%,2.82%,14.31K,0.39,1.84,0.00%,"5,540"
AAMBP,1.38%,-10.75%,-4.97%,6.02%,7.32%,18.92%,52.78%,-56.22%,-,2.85%,2.76%,2.19M,0.91,4.40,-0.90%,"1,980,078"
AAMBQ,-9.08%,3.96%,-27.58%,112.99%,117.47%,93.08%,-,-,-,5.97%,6.01%,513.26K,1.10,61.98,-1.99%,"566,479"
AAMBR,28.09%,133.20%,62.86%,-0.87%,31.79%,-24.25%,16.33%,-96.24%,-,9.55%,15.95%,453.90K,0.65,2.28,14.57%,"294,297"
AAMC,-4.00%,12.50%,51.58%,114.93%,84.62%,1.41%,-68.90%,-98.61%,-98.22%,6.52%,6.96%,33.40M,0.64,2.88,-2.37%,"21,237,867"
AAMCI,-12.35%,-27.43%,-44.57%,-53.92%,-63.21%,-71.75%,-72.47%,-,-,6.74%,9.35%,157.55K,0.18,2.91,-0.68%,"28,147"
AAMCR,-1.43%,-6.95%,-3.37%,-2.62%,-1.06%,3.67%,-6.76%,-30.30%,-,1.87%,1.98%,3.51M,0.81,41.26,-1.22%,"2,856,202"
AAMCX,-7.89%,-11.09%,8.48%,42.25%,12.82%,35.44%,-8.44%,-76.58%,-79.15%,3.79%,3.82%,657.95K,1.04,10.74,-2.19%,"686,014"
AAMD,5.57%,27.71%,18.13%,178.60%,201.58%,205.36%,502.26%,506.73%,9468.30%,3.02%,3.58%,23.43M,0.79,645.86,-0.55%,"18,561,149"
AAMDC,11.03%,59.03%,23.90%,-,33.63%,-,-,-,-,3.33%,4.41%,6.47K,0.44,31.67,-0.85%,"2,865"
AAMDD,-5.30%,-24.08%,-23.18%,-72.86%,-77.39%,-79.52%,-,-,-,2.91%,3.53%,754.87K,0.76,21.28,0.47%,"571,831"
AAMDG,10.69%,58.44%,22.69%,460.19%,462.49%,363.20%,-,-,-,5.50%,6.21%,49.53K,3.95,149.01,-1.02%,"195,620"
AAMDL,10.94%,57.90%,22.60%,456.31%,464.18%,418.81%,-,-,-,6.08%,7.18%,2.70M,0.76,87.73,-1.16%,"2,053,083"
AAMDW,4.86%,26.94%,1.89%,128.30%,112.33%,76.19%,-,-,-,3.17%,3.97%,94.91K,0.62,107.14,-0.48%,"58,984"
AAMDY,3.13%,17.94%,-2.55%,55.97%,39.45%,9.97%,-48.02%,-,-,2.36%,2.99%,347.41K,2.46,53.06,-0.32%,"853,111"
AAME,0.36%,4.57%,6.71%,7.87%,21.09%,37.04%,65.50%,98.07%,420.78%,1.76%,1.92%,1.30M,0.94,248.62,-2.01%,"1,224,537"
AAMEI,1.33%,0.77%,0.21%,-,1.73%,-,-,-,-,0.21%,0.72%,3.71K,2.20,26.12,-0.63%,"8,160"
AAMEM,-0.06%,-2.15%,0.95%,-,-0.91%,-,-,-,-,0.20%,0.53%,2.83K,0.10,24.72,-1.54%,284
AAMG,3.14%,4.68%,3.32%,31.63%,30.81%,57.15%,188.69%,146.30%,146.37%,2.71%,2.85%,275.28K,0.96,377.09,-0.69%,"263,177"
AAMGN,-2.00%,5.06%,13.60%,18.09%,26.20%,39.77%,54.44%,97.53%,146.61%,2.66%,2.32%,2.71M,0.83,413.08,2.60%,"2,237,193"
AAMGR,2.20%,3.96%,3.98%,-,4.09%,-,-,-,-,0.38%,1.07%,5.99K,2.62,26.24,-0.58%,"15,673"
AAMH,-1.28%,-7.12%,-8.93%,2.04%,-6.54%,-7.35%,-10.59%,-21.38%,48.41%,1.70%,1.65%,2.47M,0.96,30.00,-1.54%,"2,375,943"
AAMHI,-0.96%,-4.75%,-8.57%,-,-8.80%,-,-,-,-,0.00%,0.00%,0.02K,1.00,22.90,-0.57%,23
AAMID,0.97%,0.56%,1.78%,7.98%,9.33%,7.74%,41.96%,-,-,0.64%,0.67%,10.26K,0.15,36.66,-1.59%,"1,575"
AAMIX,-10.97%,-25.55%,-47.21%,-59.10%,-70.48%,-85.82%,-,-,-,7.58%,6.70%,4.43M,0.01,3.41,-1.73%,"56,725"
AAMJB,1.16%,-8.38%,-0.80%,1.01%,16.65%,20.27%,-,-,-,1.85%,1.79%,28.10K,0.38,34.89,-1.58%,"10,726"
AAMKL,-1.35%,0.92%,-61.58%,-,-70.23%,-,-,-,-,7.81%,7.23%,227.92K,0.98,6.57,-3.95%,"222,716"
AAMKR,-0.21%,3.06%,-27.56%,-0.29%,32.40%,75.70%,134.09%,106.81%,434.95%,3.97%,4.02%,4.73M,0.54,52.27,-2.10%,"2,549,727"
AAMKX,-0.99%,2.60%,-59.57%,-,-52.65%,-,-,-,-,2.97%,2.54%,2.03K,0.14,10.63,-4.15%,277
AAMLP,0.94%,-6.45%,-1.11%,-0.29%,11.36%,12.67%,28.24%,52.08%,-16.16%,1.94%,1.47%,1.21M,1.54,52.36,-2.04%,"1,866,380"
AAMLX,-5.74%,-19.04%,49.24%,62.12%,127.07%,103.34%,58.28%,-,-,4.68%,4.79%,2.29M,0.90,27.43,-2.18%,"2,056,710"
AAMMO,-2.55%,-6.75%,-,-,-4.26%,-,-,-,-,0.39%,0.67%,3.19K,0.33,23.49,-3.53%,"1,052"
AAMN,1.84%,8.30%,15.82%,92.47%,131.79%,88.30%,-53.24%,-69.62%,14.48%,3.37%,3.27%,698.81K,0.82,36.53,-0.54%,"570,976"
AAMOD,46.45%,10.19%,-45.69%,-83.93%,-87.67%,-94.84%,-99.46%,-,-,48.53%,17.91%,3.88M,0.22,2.27,-9.20%,"857,006"
AAMOM,4.18%,6.53%,5.81%,24.91%,30.95%,30.55%,114.15%,81.62%,-,0.68%,0.75%,5.21K,0.20,63.66,-0.68%,"1,055"
AAMP,-0.36%,-11.88%,-1.92%,8.27%,0.04%,-1.45%,50.28%,77.51%,384.93%,1.93%,2.63%,551.84K,0.78,490.56,-1.22%,"432,739"
AAMPG,-5.73%,-16.97%,-54.88%,55.79%,-1.00%,-31.16%,48.00%,-14.45%,228.89%,4.06%,4.14%,1.92M,0.25,2.96,-1.00%,"480,595"
AAMPH,-1.05%,11.38%,34.28%,25.20%,-4.63%,-1.12%,-45.88%,32.68%,31.04%,2.96%,3.73%,467.02K,1.66,25.54,-1.43%,"776,285"
AAMPL,6.57%,17.89%,57.36%,135.41%,27.46%,46.57%,38.85%,-71.59%,-,3.76%,4.81%,1.92M,1.55,14.76,-0.20%,"2,967,020"
AAMPU,-8.41%,-24.10%,-51.89%,-,-90.23%,-,-,-,-,9.67%,10.56%,369.85K,1.47,1.90,-2.81%,"544,041"
AAMPX,-3.62%,-10.20%,-21.46%,-44.86%,18.25%,-26.36%,107.80%,-,-,5.19%,5.53%,5.61M,1.43,9.33,-1.48%,"8,017,428"
AAMPY,5.94%,-9.72%,9.58%,-24.15%,-2.41%,-12.55%,-34.12%,31.18%,-,3.71%,3.42%,693.73K,0.66,4.46,-0.45%,"460,362"
AAMR,1.18%,-23.93%,13.50%,-14.57%,-14.84%,3.40%,-30.56%,199.32%,234.01%,3.71%,4.65%,319.14K,0.52,170.21,-3.83%,"165,578"
AAMRC,5.89%,-8.36%,-14.50%,-13.18%,-25.13%,-43.55%,-33.93%,-63.25%,339.48%,4.88%,4.88%,657.05K,0.69,21.93,-3.31%,"455,362"
AAMRN,-7.54%,-15.65%,-20.50%,-18.40%,-13.87%,-37.62%,-29.76%,-87.86%,-80.80%,3.44%,2.66%,66.67K,1.12,12.02,-0.41%,"74,942"
AAMRO,-,-,-,-,-,-,-,-,-,-,-,-,-,-,-,0
AAMRX,-2.43%,15.25%,15.45%,54.60%,55.95%,89.67%,368.97%,249.64%,-16.60%,3.19%,4.45%,2.21M,2.11,19.65,-3.18%,"4,663,518"
AAMRZ,-2.67%,-13.25%,-27.45%,-35.21%,-31.88%,-21.83%,-,-,-,2.17%,2.39%,3.73M,1.14,36.39,-2.39%,"4,246,581"
AAMS,-4.93%,-4.93%,-10.89%,1.50%,-36.02%,-46.53%,-49.81%,-51.96%,-56.59%,2.42%,2.98%,17.21K,1.80,1.35,-2.17%,"30,996"
AAMSC,9.03%,4.27%,-14.61%,-3.88%,10.28%,-43.87%,360.67%,105.84%,356.03%,5.27%,4.08%,708.39K,1.93,31.74,-0.35%,"1,369,057"
AAMSF,2.79%,-2.45%,-29.53%,-27.94%,-36.76%,-40.80%,-45.03%,-44.06%,-29.54%,2.31%,2.41%,428.90K,1.09,24.29,2.92%,"466,955"
AAMSS,-18.53%,-49.29%,-75.58%,-,-97.73%,-,-,-,-,12.53%,14.67%,283.85K,0.45,0.39,-9.69%,"127,802"
AAMST,-8.10%,-14.15%,-20.87%,-48.88%,-51.85%,-73.08%,-63.89%,-95.51%,-,4.27%,5.69%,114.89K,0.39,0.91,-2.15%,"44,705"
AAMT,1.52%,-5.43%,0.72%,-5.68%,-5.35%,-11.12%,4.14%,-37.55%,53.15%,2.12%,2.13%,2.62M,0.94,166.18,0.85%,"2,469,491"
AAMTB,0.00%,-1.85%,12.26%,20.06%,46.95%,52.01%,55.22%,11.30%,-,2.47%,2.71%,371.68K,0.67,28.67,-1.34%,"249,158"
AAMTD,-15.40%,-12.47%,-30.15%,-34.00%,-32.97%,-42.61%,-81.67%,-97.48%,-,11.57%,7.76%,10.55K,15.70,0.66,-9.08%,"165,637"
AAMTM,2.15%,-8.09%,-13.10%,-31.82%,-36.17%,-26.69%,-,-,-,3.76%,3.14%,2.01M,0.88,18.51,-1.39%,"1,776,860"
AAMTX,-1.69%,-0.57%,4.17%,-36.82%,25.90%,-41.67%,-57.73%,-90.88%,8.02%,4.59%,6.82%,878.42K,0.36,1.75,-2.23%,"316,702"
AAMUB,0.94%,-7.96%,-1.17%,0.49%,15.98%,19.77%,44.72%,86.22%,33.93%,2.88%,1.38%,1.92K,0.01,21.91,-2.19%,19
AAMUN,-0.35%,-0.58%,-0.46%,-0.61%,-0.63%,-,-,-,-,0.32%,0.17%,4.83K,0.00,25.90,0.00%,22
AAMUU,10.94%,58.72%,23.33%,466.21%,469.10%,419.70%,-,-,-,5.49%,6.56%,76.69K,0.47,311.19,-0.99%,"36,343"
AAMWL,-6.92%,-5.25%,38.60%,121.37%,157.43%,109.27%,-41.48%,-92.77%,-,8.45%,5.84%,123.37K,0.79,12.64,3.02%,"97,177"
AAMX,5.29%,-3.00%,-13.66%,-15.14%,7.93%,7.78%,34.40%,38.49%,104.07%,2.55%,2.15%,2.60M,1.06,22.31,-0.22%,"2,743,195"
AAMYY,1.04%,0.70%,-12.47%,-13.50%,-39.25%,-45.60%,-,-,-,0.65%,1.09%,24.17K,0.70,13.68,-0.04%,"16,804"
AAMZA,2.48%,-6.52%,1.31%,4.36%,21.21%,20.78%,43.47%,76.39%,-55.53%,2.30%,2.05%,34.66K,1.27,47.89,-1.68%,"44,158"
AAMZD,-4.11%,-1.68%,-8.10%,-18.86%,-16.60%,-21.52%,-59.93%,-,-,2.09%,1.88%,11.51M,1.11,8.39,-1.41%,"12,786,374"
AAMZG,8.68%,1.09%,3.20%,-,4.43%,-,-,-,-,3.77%,3.44%,91.22K,0.88,15.78,2.90%,"80,210"
AAMZN,4.32%,1.15%,5.21%,17.48%,12.61%,17.20%,103.13%,57.41%,519.28%,2.09%,1.92%,39.09M,0.93,259.92,1.42%,"36,225,813"
AAMZO,-8.23%,-2.95%,-19.74%,-39.42%,-47.08%,-,-,-,-,3.30%,2.92%,57.46K,0.18,13.50,-2.88%,"10,303"
AAMZP,4.25%,-0.90%,-2.62%,4.93%,-8.14%,-10.05%,-,-,-,1.75%,1.49%,8.05K,0.58,26.05,1.42%,"4,708"
AAMZU,8.49%,0.38%,3.51%,22.13%,5.46%,7.72%,78.39%,-,-,4.16%,3.83%,2.45M,1.01,36.86,2.70%,"2,465,086"
AAMZW,4.31%,-1.25%,-3.94%,-1.15%,-15.53%,-20.92%,-,-,-,2.28%,1.94%,15.63K,1.04,35.78,1.64%,"16,233"
AAMZY,3.22%,-0.28%,-1.76%,-7.43%,-20.26%,-26.56%,-45.61%,-,-,1.48%,1.43%,266.13K,0.64,10.59,1.05%,"171,249"
AAMZZ,8.36%,1.55%,5.13%,25.33%,10.07%,14.42%,-,-,-,4.03%,3.63%,134.92K,0.75,34.64,2.82%,"101,651"
AAN,-0.78%,-25.37%,-18.77%,-20.67%,-24.35%,-27.40%,14.22%,32.96%,217.05%,4.12%,4.41%,496.42K,1.19,156.21,-1.22%,"591,941"
AANAB,-9.17%,-19.35%,-31.45%,4.49%,41.26%,129.28%,255.77%,148.58%,-,4.45%,4.37%,575.24K,1.33,45.65,-4.68%,"766,531"
AANDE,0.37%,-7.02%,-7.11%,-11.73%,24.02%,57.22%,32.36%,107.88%,84.24%,3.12%,2.80%,358.47K,0.82,65.94,-1.00%,"294,301"
AANDG,1.73%,2.77%,27.34%,91.89%,113.42%,-,-,-,-,3.81%,3.94%,482.43K,0.35,55.34,-3.12%,"170,168"
AANEL,11.14%,19.49%,24.02%,74.86%,89.01%,42.06%,-,-,-,5.02%,5.34%,86.33K,0.79,30.61,0.16%,"68,479"
AANET,6.01%,10.70%,16.86%,48.78%,64.72%,48.55%,344.96%,848.39%,3956.00%,3.01%,3.03%,6.38M,0.78,215.83,0.22%,"5,003,472"
AANEW,0.63%,0.85%,3.96%,15.66%,8.13%,3.57%,58.75%,20.62%,-,0.04%,0.10%,0.17K,0.28,54.31,-0.36%,46
AANF,3.53%,-7.92%,56.27%,36.75%,10.78%,84.81%,153.48%,254.27%,765.01%,3.38%,3.66%,1.50M,0.72,139.44,-1.38%,"1,088,143"
AANGH,-6.34%,1.82%,3.62%,-9.20%,-6.55%,17.43%,-49.67%,-96.51%,-,4.73%,5.64%,29.48K,0.10,3.52,-1.32%,"3,039"
AANGI,5.90%,29.79%,-4.09%,-13.60%,-52.82%,-57.87%,-65.92%,-95.15%,-93.33%,6.41%,6.14%,769.42K,1.00,6.10,2.35%,"766,382"
AANGL,-0.61%,-3.99%,-4.98%,-5.15%,-5.87%,-6.59%,4.46%,-15.37%,-3.48%,0.51%,0.43%,833.21K,1.28,27.64,-0.25%,"1,066,587"
AANGO,-7.74%,-6.77%,9.83%,39.53%,10.51%,28.42%,100.71%,-46.71%,-14.41%,4.71%,3.59%,502.56K,2.01,14.19,-1.60%,"1,012,599"
AANGU,1.79%,1.68%,-,-,1.21%,-,-,-,-,0.43%,0.57%,436.62K,0.03,25.75,-0.13%,"12,721"
AANGX,-11.78%,-15.23%,4.04%,43.55%,-11.78%,-44.99%,-60.98%,-,-,6.33%,6.57%,1.66M,0.66,4.12,-0.48%,"1,102,502"
AANIK,-0.66%,-7.18%,21.38%,28.40%,103.23%,114.85%,5.74%,-51.90%,-59.01%,4.72%,3.32%,98.08K,1.86,19.53,2.14%,"182,666"
AANIP,-0.99%,2.42%,-14.14%,-8.96%,-8.88%,-21.54%,23.19%,102.05%,6.12%,2.48%,2.98%,366.89K,1.19,71.93,0.57%,"438,193"
AANIX,0.68%,1.72%,-8.39%,8.06%,-5.45%,-28.22%,-16.43%,-33.56%,-38.54%,6.06%,5.44%,298.07K,0.82,2.95,-2.32%,"245,246"
AANL,-12.19%,-9.41%,31.55%,16.79%,889.44%,712.14%,29.22%,-,-,7.71%,7.06%,180.54K,0.53,14.05,-2.84%,"95,074"
AANNA,0.57%,-16.14%,-11.07%,-58.27%,-7.85%,-35.21%,-75.05%,-,-,5.59%,6.02%,265.46K,0.69,2.65,-2.93%,"184,301"
AANNX,-5.20%,-14.13%,-32.49%,-33.72%,-20.12%,30.62%,98.51%,-79.59%,-,5.88%,6.10%,3.23M,0.76,4.01,-0.50%,"2,450,040"
AANPA,-1.59%,-43.64%,-55.66%,-79.54%,-91.60%,-93.11%,-,-,-,6.63%,9.87%,103.94K,0.06,1.86,-4.62%,"6,614"
AANRO,-7.87%,-34.32%,-14.91%,8.34%,32.13%,295.96%,-,-,-,6.65%,6.57%,550.28K,0.63,23.52,-0.72%,"348,048"
AANTA,-12.98%,-33.82%,-48.88%,-66.52%,-74.35%,-81.72%,-,-,-,14.33%,12.89%,20.14K,0.37,2.28,-10.17%,"7,474"
AANTW,1.70%,-0.47%,-,-,-0.12%,-,-,-,-,1.80%,1.85%,62.74K,1.01,25.18,-1.41%,"63,150"
AANTX,-8.83%,-18.90%,4.75%,45.21%,325.44%,270.23%,-67.47%,-,-,9.21%,7.69%,237.06K,1.54,4.85,-4.34%,"365,253"
AANV,-1.13%,-1.04%,1.30%,1.89%,1.40%,-,-,-,-,0.57%,0.58%,6.34K,1.36,25.28,-1.04%,"8,599"
AANVS,-4.72%,-6.92%,-37.95%,-47.39%,-65.03%,-46.46%,-86.06%,-95.48%,-,6.70%,7.36%,921.66K,0.47,1.21,2.54%,"430,025"
AAOA,0.59%,-1.21%,0.63%,6.94%,9.25%,10.72%,55.13%,39.14%,114.61%,0.61%,0.62%,121.65K,1.66,97.84,-0.54%,"202,345"
AAOCT,0.65%,1.23%,2.14%,4.69%,5.27%,6.48%,-,-,-,0.42%,0.26%,11.19K,3.13,27.97,-0.11%,"35,088"
AAOD,-1.08%,-6.07%,-3.27%,3.40%,3.08%,4.25%,35.44%,2.34%,32.59%,2.32%,1.45%,405.53K,1.18,10.05,-1.47%,"477,887"
AAOHY,0.52%,-2.50%,-2.68%,-2.81%,-3.38%,-4.12%,-,-,-,0.60%,0.49%,64.05K,0.57,10.73,-0.19%,"36,371"
AAOK,0.17%,-2.01%,-1.92%,-0.12%,0.67%,0.52%,21.11%,2.99%,24.16%,0.52%,0.44%,169.40K,1.68,40.40,-0.20%,"285,377"
AAOM,-0.04%,-2.05%,-1.30%,1.33%,2.07%,2.57%,26.64%,8.87%,38.66%,0.47%,0.47%,252.94K,3.60,48.72,-0.35%,"909,806"
AAOMR,-2.19%,-13.24%,-20.13%,-15.80%,-17.07%,-23.39%,-5.43%,-50.98%,-,2.40%,2.56%,137.83K,0.73,7.14,-3.25%,"101,043"
AAON,-2.28%,-14.35%,-23.93%,-17.98%,-23.35%,-26.29%,-17.30%,-7.78%,140.42%,2.11%,2.39%,1.52M,1.01,270.47,-1.28%,"1,541,420"
AAOR,0.28%,-1.63%,-0.32%,4.23%,5.69%,6.71%,40.45%,23.51%,73.05%,0.52%,0.55%,382.30K,1.60,68.71,-0.43%,"609,810"
AAORT,-5.30%,-14.01%,-10.37%,-40.07%,-52.62%,-46.66%,39.33%,-1.73%,24.77%,5.26%,4.20%,638.02K,0.55,21.61,-1.05%,"351,988"
AAOS,-1.83%,-5.92%,-6.24%,-17.12%,-17.25%,-22.49%,-17.76%,-14.41%,10.75%,2.41%,2.08%,1.54M,0.89,55.34,-2.74%,"1,372,448"
AAOSL,6.33%,14.62%,-23.01%,19.93%,47.60%,7.98%,-0.78%,-9.14%,28.13%,4.44%,4.09%,594.71K,0.63,29.24,-2.34%,"374,950"
AAOTG,3.03%,4.27%,7.32%,39.62%,24.04%,24.29%,134.48%,-,-,1.12%,0.98%,4.11K,0.61,69.41,0.08%,"2,511"
AAOUT,-0.80%,8.80%,12.61%,70.96%,107.89%,98.40%,70.05%,-35.38%,-,4.79%,4.68%,165.48K,0.49,16.07,-0.12%,"81,252"
AAP,4.18%,5.37%,20.68%,22.44%,72.98%,307.96%,241.48%,96.17%,18.42%,4.39%,4.43%,113.03K,0.74,9.22,-2.12%,"84,020"
AAPA,5.46%,0.60%,31.60%,13.06%,79.11%,74.68%,16.55%,92.15%,-30.82%,3.90%,3.36%,5.60M,0.64,43.81,-0.66%,"3,585,022"
AAPAC,-0.10%,0.29%,0.98%,2.09%,3.12%,-,-,-,-,0.02%,0.03%,23.89K,0.01,10.26,-0.10%,208
AAPAM,-6.56%,-17.80%,-7.84%,-8.29%,-16.07%,-21.43%,-3.54%,-27.81%,40.88%,3.47%,2.77%,910.55K,3.01,33.75,-3.57%,"2,738,586"
AAPC,9.29%,-13.39%,-15.64%,-11.79%,-8.51%,-,-,-,-,4.40%,4.20%,149.80K,0.57,16.24,-0.49%,"85,594"
AAPCB,-0.07%,-2.41%,-3.74%,-5.01%,-5.30%,-5.76%,1.20%,-,-,0.45%,0.39%,102.78K,0.39,28.08,-0.07%,"40,301"
AAPD,-0.04%,-6.58%,-5.99%,-6.23%,12.59%,2.67%,-1.05%,5.61%,105.89%,2.06%,1.88%,1.08M,0.87,278.12,-1.02%,"948,489"
AAPDB,0.92%,1.09%,2.58%,-,4.06%,-,-,-,-,0.00%,0.01%,0.25K,0.04,26.44,-0.09%,10
AAPEI,9.17%,1.52%,-20.37%,-20.20%,21.83%,24.43%,830.30%,73.64%,129.10%,3.63%,3.97%,303.15K,0.97,46.05,-0.37%,"294,216"
AAPG,4.17%,0.02%,-3.41%,-8.22%,5.10%,16.48%,129.95%,188.73%,-,3.10%,3.17%,3.04M,1.01,40.21,-2.87%,"3,058,893"
AAPH,3.86%,7.08%,7.93%,29.40%,29.57%,40.61%,320.06%,363.23%,971.44%,2.43%,2.82%,12.39M,0.74,87.55,-1.21%,"9,195,190"
AAPHG,7.85%,12.34%,9.16%,-,7.99%,-,-,-,-,2.27%,3.19%,5.11K,0.37,16.73,-1.77%,"1,882"
AAPHU,8.09%,12.88%,9.21%,44.55%,12.27%,-,-,-,-,3.58%,3.53%,6.62K,0.48,28.51,-1.70%,"3,183"
AAPI,-0.72%,0.97%,-4.16%,9.79%,1.97%,7.51%,66.67%,-84.89%,-,3.20%,2.84%,209.76K,0.38,4.15,0.73%,"80,229"
AAPIE,0.29%,-2.61%,-0.67%,3.91%,8.65%,7.05%,58.02%,-,-,0.95%,0.96%,81.62K,0.50,38.58,-1.25%,"40,814"
AAPLD,-2.30%,-15.90%,-26.26%,-14.32%,-2.90%,-12.78%,360.54%,60.01%,27846.01%,5.67%,5.60%,17.65M,2.76,23.81,-6.04%,"48,763,258"
AAPLE,-0.74%,5.11%,-2.25%,33.44%,35.36%,37.68%,7.31%,0.39%,-10.96%,2.04%,1.91%,2.73M,0.97,16.04,-1.78%,"2,648,128"
AAPLM,-13.83%,-12.24%,14.36%,39.61%,15.00%,16.64%,-92.71%,-,-,4.82%,7.01%,22.42K,0.30,21.50,-2.71%,"6,621"
AAPLU,0.04%,-3.42%,-4.80%,-6.18%,-6.65%,-7.08%,-,-,-,0.54%,0.47%,80.85K,0.94,23.31,-0.34%,"76,065"
AAPLX,-5.39%,-32.89%,-57.02%,-55.88%,-61.72%,-77.61%,-,-,-,11.51%,11.30%,1.83M,6.33,6.49,-11.70%,"11,587,344"
AAPLY,0.47%,3.05%,-3.90%,0.17%,-11.33%,-14.22%,-36.79%,-,-,1.07%,1.37%,99.82K,0.49,11.82,0.60%,"48,550"
AAPLZ,2.12%,23.71%,-0.82%,-67.05%,-80.40%,-,-,-,-,10.55%,10.47%,143.70K,0.47,24.05,11.86%,"67,054"
AAPMC,0.19%,0.19%,0.80%,-,0.70%,-,-,-,-,0.00%,0.08%,68.93K,0.00,9.98,-0.00%,10
AAPMD,-17.66%,-37.34%,-,-,-18.00%,-,-,-,-,10.51%,10.73%,558.79K,0.83,18.04,-3.27%,"465,623"
AAPMI,2.88%,18.45%,-30.52%,-,-21.54%,-,-,-,-,1.10%,2.18%,1.49K,0.07,17.01,-3.26%,101
AAPMU,0.02%,-2.50%,-3.64%,-4.06%,-4.48%,-4.64%,1.09%,-,-,0.52%,0.45%,36.12K,1.01,23.97,-0.35%,"36,316"
AAPNAU,-,-,-,-,-,-,-,-,-,-,-,-,-,-,-,0
AAPO,-0.44%,-12.34%,-3.58%,7.94%,-20.18%,-8.33%,27.58%,81.71%,519.90%,2.99%,2.90%,3.38M,0.79,115.55,-0.34%,"2,677,152"
AAPOC,0.34%,0.68%,1.63%,3.14%,2.01%,3.01%,-,-,-,0.33%,0.30%,14.63K,3.86,26.73,0.00%,"56,500"
AAPOG,16.23%,6.12%,5.79%,17.22%,12.91%,-4.15%,-10.44%,4.98%,-9.59%,6.11%,3.30%,236.69K,2.56,41.11,2.78%,"606,776"
AAPP,-3.15%,-9.85%,-45.95%,-28.10%,-58.25%,-55.48%,596.61%,231.16%,-,4.85%,4.70%,5.88M,0.60,281.29,0.90%,"3,533,516"
AAPPC,-7.78%,-21.69%,-75.10%,-,-71.21%,-,-,-,-,6.91%,6.13%,4.66K,1.85,8.26,1.19%,"8,626"
AAPPF,-1.77%,-4.39%,12.36%,27.36%,-15.34%,-17.76%,1.86%,54.06%,936.68%,3.97%,3.55%,366.16K,1.48,196.97,-3.12%,"542,061"
AAPPN,7.06%,9.20%,49.60%,63.39%,6.61%,27.96%,-11.07%,-58.69%,-,5.19%,5.02%,844.22K,1.80,37.76,1.37%,"1,520,956"
AAPPS,-4.23%,-5.93%,-5.17%,244.01%,112.60%,51.86%,92.92%,-86.35%,952.48%,7.25%,7.45%,3.27M,0.95,10.63,1.33%,"3,107,982"
AAPPX,-7.38%,-21.44%,-75.17%,-61.77%,-90.56%,-90.89%,-,-,-,9.74%,9.42%,1.43M,0.65,10.04,1.41%,"931,843"
AAPRB,0.64%,0.97%,2.59%,7.47%,8.25%,-,-,-,-,0.24%,0.13%,1.96K,0.33,27.70,0.00%,648
AAPRE,-19.33%,-27.54%,-16.90%,-13.77%,-29.07%,-57.99%,-87.44%,-99.41%,-,9.97%,8.01%,270.98K,0.92,0.61,-4.80%,"249,900"
AAPRH,0.04%,-1.86%,-0.78%,-0.18%,0.38%,0.04%,0.94%,-,-,0.23%,0.27%,4.80K,1.33,24.81,0.00%,"6,376"
AAPRJ,0.16%,-1.62%,-0.59%,-0.35%,-0.08%,-0.20%,0.41%,-,-,0.10%,0.14%,3.65K,1.44,24.63,0.00%,"5,259"
AAPRP,0.64%,0.87%,2.85%,8.28%,13.04%,15.62%,-,-,-,0.09%,0.10%,3.77K,0.07,33.60,0.13%,281
AAPRT,0.67%,1.01%,2.88%,8.84%,13.67%,16.24%,52.98%,67.07%,-,0.10%,0.09%,5.86K,0.18,47.33,-0.03%,"1,038"
AAPRW,0.44%,0.74%,2.12%,5.84%,9.09%,11.05%,35.38%,42.65%,-,0.14%,0.12%,11.89K,6.96,38.03,-0.01%,"82,701"
AAPRZ,1.50%,1.20%,2.49%,11.74%,9.61%,7.62%,46.51%,54.55%,-,1.04%,0.29%,0.75K,2.21,41.01,-0.21%,"1,649"
AAPT,16.60%,13.07%,17.52%,28.94%,34.46%,25.16%,43.86%,-5.24%,74.05%,7.43%,3.93%,46.55K,3.17,5.97,-0.33%,"147,336"
AAPTV,2.79%,-3.30%,-26.13%,-27.19%,-31.40%,-38.77%,-46.17%,-68.32%,-11.12%,2.95%,2.90%,4.01M,0.58,44.22,-1.12%,"2,337,237"
AAPUE,1.84%,1.28%,3.05%,14.87%,14.82%,16.92%,82.20%,-,-,0.61%,0.63%,145.45K,0.48,47.85,-0.31%,"69,969"
AAPUR,0.00%,0.20%,1.21%,-,1.31%,-,-,-,-,0.07%,0.08%,140.99K,0.01,10.04,-0.30%,"1,723"
AAPUS,41.00%,206.52%,-4.08%,-62.50%,-57.01%,-58.77%,-,-,-,43.68%,29.82%,3.26M,6.88,7.05,-1.12%,"22,396,870"
AAPVO,1.10%,-2.13%,-53.30%,-57.01%,-80.49%,-94.19%,-100.00%,-100.00%,-100.00%,5.10%,5.67%,110.82K,0.11,1.84,2.51%,"12,152"
AAPWC,-0.76%,-6.43%,-16.03%,-2.00%,-29.75%,-30.33%,1.86%,-55.18%,-41.03%,2.21%,3.98%,11.57K,0.26,1.31,0.76%,"2,953"
AAPXM,0.27%,0.44%,1.50%,2.87%,3.85%,5.10%,-,-,-,0.17%,0.08%,2.05K,0.37,32.24,-0.06%,764
AAPXT,0.20%,0.20%,0.79%,1.60%,2.63%,-,-,-,-,0.07%,0.09%,254.69K,0.00,10.15,0.05%,744
AAPYX,4.08%,-16.39%,-42.83%,-33.07%,-27.14%,-10.21%,-21.30%,-81.67%,-49.10%,5.17%,6.56%,124.22K,0.28,2.55,0.20%,"34,797"
AAQB,-0.28%,-18.27%,0.85%,-0.70%,-0.70%,-56.02%,-80.96%,-98.78%,-,10.03%,9.75%,496.73K,0.13,0.92,5.59%,"64,029"
AAQEC,1.41%,0.53%,5.27%,7.15%,0.27%,-,-,-,-,0.56%,0.48%,24.90K,2.82,25.94,0.08%,"70,188"
AAQLG,1.39%,-0.01%,1.59%,-,4.65%,-,-,-,-,0.00%,0.02%,0.03K,0.30,26.36,-0.46%,8
AAQLT,1.66%,2.20%,3.00%,11.89%,15.44%,18.30%,-,-,-,1.01%,0.74%,37.19K,0.99,32.45,-0.27%,"36,973"
AAQMS,-18.62%,-31.86%,-25.28%,-50.61%,-58.13%,-66.28%,-99.02%,-99.49%,-99.89%,7.01%,8.28%,35.43K,0.92,2.01,-4.51%,"32,741"
AAQN,0.60%,-10.92%,-10.60%,-19.30%,-17.72%,-12.61%,-12.31%,-65.32%,-41.29%,1.77%,2.02%,4.10M,1.35,5.06,0.00%,"5,537,595"
AAQST,-0.22%,-11.32%,8.96%,10.53%,-28.48%,-22.61%,247.37%,20.31%,-,3.68%,4.86%,2.64M,0.51,4.62,0.22%,"1,357,059"
AAQWA,-0.82%,-4.74%,-6.09%,-9.65%,-4.98%,-8.59%,26.36%,9.36%,-,0.94%,0.79%,5.81K,0.50,17.83,-1.71%,"2,892"
AAR,6.53%,-8.98%,3.13%,-9.19%,3.22%,4.93%,38.67%,74.88%,28.13%,3.34%,3.26%,4.16M,1.16,35.57,-0.42%,"4,807,827"
AARAI,-12.07%,-21.58%,-53.80%,-71.52%,-92.75%,-95.94%,-,-,-,8.81%,10.23%,3.40M,2.95,0.19,-5.12%,"10,010,493"
AARAY,-6.18%,-3.28%,-4.02%,-28.76%,-69.27%,-83.86%,-91.53%,-93.38%,-95.68%,17.13%,11.61%,7.08M,0.28,0.25,-3.10%,"1,972,825"
AARB,0.38%,0.96%,0.65%,2.09%,3.39%,3.77%,14.76%,16.09%,-,1.73%,0.71%,16.93K,9.80,30.06,0.14%,"165,907"
AARBB,-3.73%,-3.73%,-5.55%,4.29%,-26.38%,-43.72%,-81.93%,-,-,3.23%,4.15%,5.73K,1.87,4.26,-5.02%,"10,692"
AARBE,-4.50%,-20.32%,-19.69%,-11.64%,-49.82%,-74.14%,-74.03%,-92.78%,-,5.29%,7.30%,3.00M,0.46,0.59,-0.92%,"1,388,446"
AARBK,-2.20%,-25.75%,-32.73%,-21.55%,-34.90%,-98.51%,-98.99%,-99.94%,-,6.28%,7.00%,14.92K,0.69,2.22,2.30%,"10,228"
AARCB,-0.45%,-8.13%,-15.90%,17.10%,71.01%,75.96%,28.48%,43.16%,516.77%,2.88%,3.22%,297.68K,0.41,126.87,-1.07%,"121,720"
AARCC,-3.40%,-6.35%,0.22%,1.54%,-8.80%,-7.10%,-2.69%,-10.70%,20.30%,1.80%,1.39%,4.47M,1.22,18.45,-1.02%,"5,450,502"
AARCI,0.00%,0.00%,0.50%,2.12%,2.02%,-,-,-,-,0.10%,0.14%,54.75K,0.00,10.10,0.30%,8
AARCL,-0.20%,-0.10%,1.01%,-,1.32%,-,-,-,-,0.00%,0.15%,27.58K,0.00,10.00,0.00%,14
AARCM,0.17%,-0.12%,-0.15%,-0.18%,-0.11%,-0.30%,0.35%,-0.05%,-,0.06%,0.03%,0.44K,0.55,100.00,0.03%,243
AARCO,10.49%,-3.42%,-4.59%,-5.95%,7.63%,17.91%,-11.43%,52.80%,30.01%,5.22%,3.05%,1.39M,2.07,7.90,-2.71%,"2,879,617"
AARCP,-0.01%,-2.74%,-,-,-3.23%,-,-,-,-,0.28%,0.11%,54.43K,0.37,24.24,-0.08%,"20,042"
AARCT,-6.76%,-18.33%,78.28%,50.18%,108.24%,-37.64%,-49.14%,-70.42%,-28.77%,10.80%,9.17%,931.04K,0.56,12.77,-1.81%,"517,810"
AARCX,-12.59%,-37.92%,-21.73%,-48.44%,-75.98%,-92.63%,-,-,-,9.42%,8.57%,42.56K,1.62,8.61,0.82%,"68,787"
AARDC,-1.22%,-7.64%,-11.39%,-7.42%,-14.59%,-17.44%,-10.20%,-30.52%,-22.98%,1.42%,1.36%,108.54K,1.59,11.36,-0.53%,"172,644"
AARDT,5.22%,1.21%,7.83%,16.61%,23.22%,-25.58%,-,-,-,3.39%,3.59%,439.73K,1.56,10.88,1.87%,"684,144"
AARDX,-4.68%,-13.53%,-39.41%,-46.56%,-44.08%,-36.94%,-17.88%,156.69%,-75.83%,4.06%,3.82%,4.08M,1.32,3.26,-1.51%,"5,389,483"
AARE,-4.74%,-10.95%,-6.80%,0.83%,-7.62%,-42.11%,-53.76%,-76.44%,-55.74%,3.58%,3.46%,1.90M,1.12,45.21,-1.55%,"2,115,107"
AAREC,-8.94%,-33.47%,-9.05%,-25.77%,-33.25%,-57.45%,-4.32%,-21.92%,-86.21%,5.22%,5.02%,2.11M,0.96,1.63,-4.12%,"2,016,765"
AARES,-0.36%,-16.50%,-4.86%,10.42%,-28.39%,-22.13%,6.76%,52.68%,542.25%,3.04%,3.20%,2.15M,0.68,115.75,-1.69%,"1,458,151"
AARGT,1.90%,-8.48%,-4.78%,-7.23%,-3.93%,28.41%,117.21%,167.26%,260.73%,2.25%,1.99%,131.44K,0.99,87.82,-2.08%,"130,362"
AARGX,-3.18%,-7.81%,2.08%,18.26%,10.40%,16.44%,87.23%,208.88%,-,2.75%,2.20%,284.70K,0.91,928.44,-0.22%,"258,329"
AARHS,3.91%,16.17%,24.56%,50.92%,-7.89%,0.24%,14.15%,-,-,4.94%,5.13%,1.38M,1.06,9.84,-0.81%,"1,461,495"
AARI,0.48%,-8.25%,-8.73%,-13.32%,-3.64%,-6.73%,1.47%,-34.03%,-35.85%,2.16%,1.73%,4.17M,0.96,6.23,-0.32%,"3,996,642"
AARIA,1.91%,0.51%,-,-,5.17%,-,-,-,-,0.11%,0.22%,0.17K,2.32,26.04,-0.58%,384
AARIS,-2.13%,-14.76%,15.46%,-17.41%,4.93%,64.22%,630.90%,333.33%,1248.38%,3.58%,3.88%,1.55M,0.77,17.03,-3.57%,"1,193,304"
AARKB,-0.22%,6.23%,31.76%,16.63%,-4.86%,-31.63%,-,-,-,2.16%,2.27%,1.73M,1.38,27.63,-2.68%,"2,383,070"
AARKD,-0.67%,1.33%,4.29%,12.20%,5.27%,-,-,-,-,0.47%,0.13%,0.22K,0.06,21.32,-1.34%,14
AARKE,-0.60%,1.60%,4.34%,-,2.29%,-,-,-,-,0.61%,0.39%,0.74K,0.45,20.97,-1.11%,330
AARKF,1.25%,0.30%,11.22%,17.42%,-3.21%,-20.46%,137.14%,-9.50%,-,1.64%,1.94%,117.81K,1.11,46.10,-1.33%,"130,413"
AARKG,-7.52%,7.02%,16.60%,80.29%,73.08%,67.13%,90.86%,-31.44%,182.17%,6.37%,4.25%,3.74M,1.90,50.14,-3.11%,"7,114,976"
AARKI,-0.68%,1.62%,4.83%,14.27%,15.16%,-,-,-,-,0.07%,0.29%,0.13K,0.29,23.43,-1.55%,38
AARKK,-0.90%,2.58%,8.30%,25.50%,14.79%,-0.91%,125.20%,-20.93%,336.34%,2.81%,2.35%,4.77M,1.23,88.30,-2.42%,"5,881,649"
AARKO,2.67%,-10.10%,-46.93%,-22.95%,-6.83%,2.67%,-43.82%,-58.53%,-,2.95%,3.34%,894.03K,0.44,4.23,0.71%,"395,303"
AARKQ,3.08%,0.76%,0.23%,4.36%,9.01%,3.72%,140.00%,59.33%,503.65%,1.35%,1.50%,110.22K,1.20,124.99,-1.74%,"132,114"
AARKR,-0.78%,-7.84%,-23.59%,-33.58%,-33.33%,-37.74%,-71.14%,-71.29%,-79.90%,2.76%,3.43%,7.61K,0.18,4.47,-2.83%,"1,342"
AARKT,-0.63%,0.27%,2.92%,10.24%,5.83%,-4.90%,-,-,-,0.56%,0.18%,0.21K,0.62,19.83,-1.35%,129
AARKW,3.22%,4.58%,10.54%,32.36%,11.89%,-6.82%,201.59%,17.88%,682.85%,1.30%,1.55%,67.18K,0.59,165.30,-1.21%,"39,469"
AARKX,2.26%,0.31%,0.94%,2.90%,12.56%,4.08%,141.81%,65.50%,-,1.50%,1.63%,565.05K,1.40,32.62,-1.84%,"789,721"
AARKY,1.14%,0.59%,-,-,0.99%,-,-,-,-,0.75%,0.98%,111.76K,0.59,20.49,0.00%,"65,453"
AARL,-2.53%,5.76%,-26.56%,4.02%,-1.68%,0.25%,9.12%,29.53%,105.42%,3.43%,3.78%,9.84K,0.15,15.79,-0.38%,"1,464"
AARLI,-0.65%,-3.96%,-1.59%,0.07%,2.70%,-,-,-,-,0.04%,0.07%,0.81K,6.72,25.78,-0.88%,"5,416"
AARLO,-3.63%,-15.31%,-8.78%,-12.13%,-14.58%,-29.25%,24.74%,83.85%,-,4.36%,4.19%,1.26M,2.72,11.95,-6.64%,"3,438,091"
AARLP,1.28%,-7.73%,0.61%,-8.96%,5.90%,-2.77%,9.14%,109.01%,10.56%,1.47%,1.82%,292.64K,1.58,24.60,-0.28%,"463,531"
AARLU,1.62%,1.39%,2.56%,11.65%,8.47%,10.01%,-,-,-,0.14%,0.28%,3.43K,0.02,32.88,-0.22%,80
AARM,1.63%,12.56%,-10.22%,97.68%,169.30%,84.74%,444.32%,-,-,3.61%,5.11%,5.28M,0.65,294.37,-2.71%,"3,424,629"
AARMA,2.61%,17.77%,-33.26%,-,-45.78%,-,-,-,-,4.91%,5.86%,5.91K,0.56,14.80,-5.22%,"3,307"
AARMG,2.76%,17.08%,-34.40%,131.40%,278.77%,56.79%,-,-,-,7.10%,10.35%,1.04M,1.04,21.59,-5.35%,"1,081,933"
AARMH,1.86%,14.86%,-8.84%,100.60%,170.73%,82.45%,-,-,-,2.35%,3.76%,19.09K,0.59,12.60,-2.17%,"11,193"
AARMK,3.49%,-3.75%,-4.25%,27.96%,50.35%,44.40%,125.28%,109.70%,108.56%,1.79%,2.12%,2.44M,0.61,55.42,-0.05%,"1,489,731"
AARMP,3.81%,-34.54%,-21.12%,-68.56%,-39.33%,21.34%,43.77%,9.80%,-98.14%,8.76%,11.17%,210.30K,0.49,3.81,-1.04%,"103,696"
AARMS,0.21%,-2.29%,-,-,-2.27%,-,-,-,-,0.13%,0.13%,53.01K,0.19,24.48,-0.02%,"10,011"
AARMW,-0.22%,7.27%,-29.81%,37.54%,66.79%,-,-,-,-,3.97%,5.73%,75.95K,0.63,45.15,-3.40%,"48,163"
AARMY,-2.60%,-5.57%,-6.87%,-16.70%,-5.45%,-13.95%,-,-,-,1.18%,1.48%,3.52K,4.31,22.54,-1.64%,"15,139"
AAROC,-0.66%,-9.80%,-21.86%,-15.71%,15.64%,23.62%,143.05%,256.52%,132.36%,3.22%,3.16%,1.75M,0.96,30.09,-2.40%,"1,683,748"
AAROW,-0.68%,-6.37%,-9.74%,2.06%,16.56%,33.43%,115.29%,8.58%,38.97%,1.92%,2.04%,87.72K,0.58,36.60,-1.61%,"50,791"
AARP,0.80%,-0.15%,4.72%,7.13%,13.63%,10.13%,38.38%,-,-,1.44%,0.62%,8.13K,1.37,34.32,-0.41%,"11,096"
AARQ,3.54%,-7.47%,-9.11%,-10.70%,-37.46%,-71.07%,12.36%,-67.90%,-76.60%,5.36%,5.24%,227.75K,1.06,2.05,-0.24%,"240,297"
AARQQ,-6.28%,-0.18%,10.16%,75.35%,3.06%,-59.17%,50.91%,-95.22%,-,4.37%,7.75%,344.05K,0.50,22.55,-3.76%,"171,355"
AARQT,-8.55%,-0.90%,-16.02%,-1.79%,-16.77%,17.50%,415.35%,4.81%,-,4.13%,5.18%,2.22M,0.78,24.17,1.05%,"1,725,984"
AARR,-3.90%,-18.11%,-22.24%,-23.31%,-24.87%,-14.75%,-29.20%,-75.66%,-87.84%,2.93%,2.43%,4.06M,1.37,13.29,-1.48%,"5,556,771"
AARRY,-5.21%,-18.72%,-40.87%,-47.67%,-58.57%,-56.19%,-80.66%,-78.98%,-,4.80%,4.84%,6.73M,0.90,3.82,-5.91%,"6,057,114"
AARTC,0.10%,0.50%,0.30%,2.04%,1.62%,-,-,-,-,0.01%,0.10%,53.12K,0.00,10.02,0.20%,22
AARTL,-15.59%,-44.91%,-62.85%,-94.46%,-89.65%,-97.10%,-98.47%,-99.81%,-,7.32%,24.63%,473.82K,0.11,3.41,-1.45%,"52,247"
AARTNA,1.05%,-8.56%,-1.09%,3.71%,6.14%,2.32%,-20.80%,-12.95%,25.28%,1.84%,1.96%,30.87K,0.54,33.55,-0.42%,"16,770"
AARTV,-1.69%,-35.66%,-25.61%,13.09%,63.17%,141.38%,-,-,-,6.45%,6.59%,403.35K,0.80,7.00,-3.71%,"324,576"
AARTW,5.45%,5.79%,30.56%,55.19%,40.00%,15.85%,43.67%,-10.23%,11.91%,5.26%,4.64%,536.23K,0.01,3.29,0.00%,"3,237"
AARTY,2.91%,5.04%,10.84%,58.38%,67.29%,68.16%,163.57%,89.02%,-,1.37%,1.56%,467.80K,1.16,80.60,-0.79%,"540,311"
AARVN,-3.68%,-17.95%,-12.76%,-33.54%,-37.18%,-19.89%,-60.97%,-91.10%,-,3.70%,4.18%,780.72K,0.77,7.45,1.92%,"601,836"
AARVR,1.46%,2.22%,3.45%,26.47%,20.12%,14.72%,100.30%,-,-,0.23%,0.16%,0.32K,1.21,58.79,-0.45%,386
AARW,2.20%,6.71%,13.01%,49.70%,110.56%,94.03%,93.27%,97.85%,262.05%,3.39%,3.20%,566.63K,0.75,232.00,-3.49%,"422,389"
AARWG,2.44%,0.26%,-1.75%,8.71%,6.46%,-,-,-,-,0.65%,0.54%,2.18K,0.21,26.15,-0.63%,458
AARWR,-6.07%,-27.76%,-26.81%,-4.47%,-7.40%,68.25%,144.07%,4.24%,773.30%,3.40%,5.09%,1.90M,0.96,61.48,-0.10%,"1,819,296"
AARX,0.10%,-0.45%,55.27%,50.99%,20.80%,37.44%,-,-,-,0.17%,0.35%,3.64M,0.45,19.75,0.10%,"1,657,570"
AARXS,-4.74%,-11.54%,10.60%,-,23.82%,-,-,-,-,4.10%,4.67%,858.13K,0.76,47.05,-4.93%,"652,572"
AAS,-0.59%,-5.44%,-19.90%,-22.64%,-27.36%,-20.58%,-,-,-,2.73%,3.07%,6.16M,0.85,27.13,-2.27%,"5,228,279"
AASA,-1.74%,-11.86%,5.16%,-15.80%,-8.20%,17.58%,321.07%,179.21%,310.67%,2.53%,3.11%,54.15K,0.84,54.78,-4.00%,"45,519"
AASAN,10.68%,6.14%,26.59%,54.21%,-31.95%,-34.98%,-45.34%,-91.43%,-,5.69%,6.29%,6.28M,0.87,9.33,0.43%,"5,473,245"
AASB,-0.84%,-6.88%,-6.52%,4.37%,10.29%,7.09%,70.22%,27.57%,44.88%,1.90%,1.88%,1.90M,0.91,28.41,-1.70%,"1,737,362"
AASBH,-1.96%,-,-,-,3.18%,-,-,-,-,4.26%,-,297.96K,0.37,17.54,-2.61%,"111,138"
AASBP,3.35%,-2.49%,42.17%,-75.83%,-94.55%,-98.00%,-99.93%,-,-,4.73%,7.08%,37.99K,0.33,8.63,-1.48%,"12,494"
AASC,-0.96%,2.72%,20.63%,19.53%,74.50%,61.40%,47.13%,394.12%,158.46%,4.33%,3.41%,598.77K,1.38,18.48,-1.81%,"828,377"
AASCE,0.46%,-5.70%,-3.96%,10.81%,22.66%,25.60%,-,-,-,1.42%,1.39%,116.74K,3.39,32.91,-1.79%,"395,536"
AASCI,1.70%,0.47%,2.67%,5.82%,7.36%,-,-,-,-,0.32%,0.41%,2.14K,0.62,37.03,-0.46%,"1,338"
AASD,-1.67%,-3.22%,-4.07%,-,7.28%,-,-,-,-,0.55%,0.18%,0.42K,1.08,26.45,0.47%,451
AASEA,-0.86%,-5.55%,1.36%,4.69%,13.37%,19.15%,44.11%,40.22%,49.39%,0.60%,0.69%,22.79K,0.34,20.78,-1.50%,"7,681"
AASEC,-0.34%,-1.35%,-1.74%,-,-2.31%,-,-,-,-,0.00%,0.00%,2.58K,0.00,49.03,0.06%,12
AASG,1.39%,-0.19%,-6.06%,1.99%,-3.40%,-7.41%,5.35%,-38.73%,26.65%,1.20%,1.13%,253.38K,0.82,5.12,-1.54%,"207,293"
AASGI,-1.24%,-13.46%,-16.65%,-19.44%,-13.96%,-9.81%,24.92%,-5.84%,-,2.21%,2.24%,243.05K,0.75,19.08,-2.25%,"182,055"
AASGM,2.14%,0.81%,7.01%,13.71%,25.27%,25.08%,-,-,-,0.57%,0.46%,1.29K,0.07,33.36,-0.44%,94
AASH,4.05%,-2.69%,8.72%,25.68%,20.45%,48.81%,-10.59%,-23.95%,23.17%,2.41%,2.50%,679.50K,1.33,70.67,-0.42%,"906,806"
AASHR,-0.67%,-4.81%,-9.56%,-3.22%,-1.22%,-1.13%,25.97%,-14.78%,34.35%,0.59%,0.53%,3.54M,0.84,32.45,-0.61%,"2,973,904"
AASHS,-0.57%,-5.35%,-13.74%,-4.37%,3.57%,6.56%,42.72%,-0.23%,15.97%,0.53%,0.44%,8.61K,0.22,40.10,-0.59%,"1,855"
AASIA,0.78%,-1.05%,-3.01%,12.59%,22.09%,21.52%,66.84%,-,-,0.26%,0.34%,3.85K,0.51,41.72,-1.41%,"1,962"
AASIC,-0.31%,-4.00%,6.12%,21.58%,21.23%,42.69%,-,-,-,3.59%,3.24%,73.36K,0.59,25.47,-0.16%,"43,207"
AASIX,4.52%,-1.65%,-16.63%,-31.89%,-3.82%,-18.55%,-42.30%,-62.70%,10.20%,3.01%,3.12%,272.37K,0.65,16.64,-0.36%,"175,969"
AASLE,-7.63%,-14.94%,-20.79%,-25.42%,-31.93%,-40.39%,-67.30%,-72.53%,-,3.50%,2.69%,442.72K,1.54,4.84,-2.62%,"680,291"
AASLV,1.14%,-1.59%,-0.09%,4.82%,7.58%,9.32%,-,-,-,0.28%,0.33%,9.08K,0.05,30.15,-0.38%,434
AASM,-4.14%,-27.12%,-13.50%,-24.00%,-14.33%,-0.75%,993.53%,556.87%,175.65%,3.66%,4.59%,3.65M,0.75,5.32,-4.49%,"2,754,681"
AASMB,-2.30%,-34.95%,-17.65%,-21.81%,-32.52%,-3.81%,153.31%,-42.05%,-78.39%,5.00%,5.61%,275.62K,0.69,22.95,3.47%,"190,786"
AASMF,0.80%,5.25%,7.64%,9.85%,15.33%,16.73%,-,-,-,0.54%,0.60%,5.76K,0.18,27.66,0.07%,"1,016"
AASMG,-1.34%,2.22%,-7.03%,34.32%,117.51%,110.70%,-,-,-,3.24%,3.98%,54.63K,1.95,49.13,-3.46%,"106,722"
AASMH,0.62%,6.03%,2.42%,31.75%,74.57%,85.06%,-,-,-,1.29%,1.56%,12.97K,0.83,12.63,-0.94%,"10,747"
AASML,-0.37%,2.27%,0.04%,27.02%,68.71%,80.08%,202.16%,141.69%,1596.71%,1.84%,2.19%,1.49M,0.84,1804.96,-1.59%,"1,249,158"
AASMU,-1.00%,1.79%,-6.96%,34.19%,24.53%,-,-,-,-,3.23%,4.03%,107.94K,0.27,32.17,-3.03%,"29,465"
AASMZ,-1.24%,2.42%,-6.37%,-,-23.64%,-,-,-,-,0.67%,0.98%,0.70K,0.45,21.08,-3.24%,311
AASND,0.25%,-15.43%,-17.07%,-2.05%,7.11%,8.84%,152.44%,36.57%,1046.06%,2.30%,3.62%,656.76K,1.25,228.41,1.04%,"820,548"
AASO,9.42%,17.69%,15.70%,-6.37%,5.32%,-0.60%,20.34%,25.52%,-,4.01%,4.25%,1.67M,0.92,52.62,0.59%,"1,542,070"
AASPC,0.09%,0.37%,-0.28%,-1.14%,-53.81%,4.54%,-,-,-,1.32%,1.04%,22.53K,0.08,10.82,0.28%,"1,860"
AASPI,7.92%,-32.23%,-44.41%,-36.44%,-46.54%,-67.85%,195.91%,-,-,7.79%,7.15%,3.98M,1.06,2.86,0.35%,"4,229,748"
AASPN,5.47%,17.72%,10.31%,55.80%,104.24%,-28.29%,-26.37%,-88.03%,-4.62%,4.38%,4.90%,1.14M,0.59,5.78,-1.53%,"672,770"
AASPS,-11.06%,6.44%,-16.78%,-9.71%,-14.39%,-54.20%,-81.08%,-93.67%,-97.60%,7.77%,6.03%,16.44K,1.03,5.95,-1.49%,"16,987"
AASR,-1.92%,-9.57%,-18.67%,-35.08%,-28.67%,-26.53%,17.25%,32.10%,68.61%,3.63%,2.64%,64.72K,0.93,230.67,-4.20%,"60,344"
AASRV,-2.82%,-3.66%,17.28%,20.11%,40.44%,48.34%,73.64%,15.46%,37.00%,5.69%,4.78%,19.11K,0.61,4.48,1.82%,"11,578"
AASST,-4.17%,3.77%,123.69%,174.98%,90.96%,-32.89%,-13.30%,-,-,5.52%,6.24%,6.50M,1.29,28.18,-5.26%,"8,385,139"
AASSX,-8.64%,-,-,-,-12.06%,-,-,-,-,10.28%,-,87.80K,1.23,24.43,-10.48%,"107,974"
AASTC,-8.66%,-9.74%,-27.64%,86.92%,98.27%,36.93%,-29.79%,-77.13%,-97.36%,8.26%,8.10%,131.10K,0.22,6.86,0.29%,"29,098"
AASTE,-2.56%,-8.60%,-29.55%,-33.49%,-9.49%,-17.47%,-13.08%,-27.48%,-32.73%,4.90%,3.17%,230.27K,2.32,39.21,-4.96%,"535,239"
AASTG,4.98%,-20.04%,-47.94%,-,-54.50%,-,-,-,-,9.83%,10.40%,28.18K,2.91,7.38,-7.63%,"82,112"
AASTH,4.41%,-2.52%,-20.66%,35.50%,49.70%,22.45%,13.82%,-55.73%,828.50%,3.08%,4.91%,460.58K,1.44,37.14,0.38%,"664,506"
AASTI,-3.57%,-18.46%,-42.28%,-40.29%,-40.88%,7.05%,-98.26%,-100.00%,-100.00%,8.78%,6.87%,336.47K,0.39,2.43,-0.82%,"132,671"
AASTL,1.44%,-3.97%,17.83%,-7.64%,3.17%,15.26%,-34.92%,-59.75%,-,5.65%,4.56%,1.05M,0.34,4.23,-2.76%,"361,530"
AASTN,-10.52%,5.22%,-19.89%,-60.58%,-78.54%,-,-,-,-,12.01%,12.53%,419.60K,0.78,16.92,6.89%,"328,222"
AASTS,3.04%,-8.27%,-17.91%,-37.12%,-16.49%,-18.86%,1530.38%,484.30%,-,5.80%,6.22%,12.11M,0.89,60.65,-3.91%,"10,788,640"
AASTT,4.92%,-19.30%,-45.43%,-,-38.84%,-,-,-,-,3.88%,5.07%,0.90K,2.68,16.34,-7.84%,"2,423"
AASTX,5.00%,-19.10%,-46.30%,-79.27%,-75.37%,-82.87%,-,-,-,11.78%,12.70%,4.33M,1.17,10.08,-7.69%,"5,063,320"
AASTY,4.39%,-20.55%,-48.01%,-,-74.23%,-,-,-,-,10.56%,11.60%,174.78K,1.07,5.36,-7.99%,"187,770"
AASUP,4.76%,-19.86%,-46.77%,-,-72.67%,-,-,-,-,9.44%,9.16%,19.07K,0.89,6.87,-7.88%,"17,030"
AASUR,-2.51%,-16.61%,-5.26%,-14.19%,-21.66%,-9.45%,-19.70%,-18.00%,6.96%,4.28%,3.72%,103.07K,1.07,7.38,-1.07%,"110,518"
AASX,2.92%,15.00%,5.80%,89.56%,184.22%,302.11%,493.51%,540.90%,683.29%,2.62%,3.11%,7.65M,0.53,45.76,-2.18%,"4,067,405"
AASYS,4.89%,13.62%,-5.73%,35.07%,40.24%,72.21%,124.49%,56.03%,271.31%,3.71%,4.07%,373.92K,0.69,17.60,-0.90%,"259,412"
AAT,0.86%,-,-,-,1.50%,-,-,-,-,1.20%,-,7.68K,0.61,20.32,-2.02%,"4,702"
AATAT,-2.15%,-4.09%,0.82%,-14.97%,-18.98%,-10.31%,79.33%,-,-,2.38%,2.53%,913.10K,0.88,31.92,-0.90%,"807,609"
AATC,-3.15%,0.45%,14.55%,-,-1.31%,-,-,-,-,0.38%,0.20%,0.22K,0.63,24.11,-4.11%,138
AATCH,-10.07%,-2.91%,0.11%,-24.24%,-28.14%,-54.40%,-99.97%,-99.97%,-,5.45%,8.45%,4.84M,0.24,0.18,-1.10%,"1,185,564"
AATCL,1.23%,0.33%,-1.00%,-0.22%,-1.72%,-,-,-,-,1.00%,0.59%,32.31K,1.82,24.63,0.06%,"58,848"
AATCX,-15.00%,-15.56%,-27.14%,-56.03%,-75.71%,-93.34%,-75.29%,-79.37%,-,7.96%,7.42%,16.99K,1.06,2.55,-3.41%,"18,069"
AATEC,-0.68%,11.53%,7.78%,-12.09%,-51.28%,-23.79%,-9.37%,-17.07%,40.99%,5.42%,4.74%,2.17M,1.13,10.25,-2.75%,"2,439,046"
AATEN,5.16%,16.27%,-25.19%,13.90%,61.16%,57.34%,148.34%,110.25%,187.40%,3.04%,3.88%,1.28M,0.84,28.51,-0.24%,"1,068,561"
AATER,4.14%,-16.14%,-48.66%,-15.15%,-12.16%,-45.94%,-83.70%,-99.39%,-,10.34%,11.40%,1.87M,0.04,0.61,-4.92%,"67,075"
AATEX,3.41%,-4.99%,-24.03%,95.66%,271.87%,277.06%,159.44%,30.85%,242.39%,5.25%,5.10%,327.59K,0.84,81.18,-2.67%,"275,239"
AATFV,1.63%,2.65%,4.13%,24.25%,18.58%,16.49%,181.53%,95.17%,-,0.90%,1.14%,37.80K,0.28,41.35,-0.80%,"10,568"
AATGL,-19.71%,-27.45%,-60.36%,-72.75%,-79.17%,-80.62%,-,-,-,11.78%,11.52%,21.15K,0.06,4.36,-9.17%,"1,367"
AATHE,-9.04%,-26.39%,-38.29%,-14.85%,7.79%,-22.34%,29.19%,-73.86%,-90.15%,6.45%,7.28%,16.19K,1.20,3.32,-1.48%,"19,349"
AATHM,-2.78%,-5.36%,0.78%,14.02%,-7.19%,-27.99%,-29.66%,-57.68%,-20.39%,3.01%,2.80%,687.46K,0.32,20.66,-0.29%,"221,150"
AATHR,-16.37%,-1.69%,-27.24%,45.19%,-49.42%,-41.93%,-,-,-,11.62%,12.33%,13.97K,0.71,3.14,0.54%,"9,890"
AATI,-0.11%,-8.74%,0.44%,20.97%,64.86%,126.55%,378.36%,1014.19%,974.33%,3.40%,3.95%,1.65M,0.83,189.19,-2.83%,"1,373,867"
AATII,0.19%,0.47%,-1.74%,2.69%,3.28%,4.80%,-,-,-,0.17%,0.21%,229.98K,3.24,10.70,0.00%,"745,406"
AATKR,0.11%,1.04%,34.35%,43.91%,49.96%,51.49%,-34.24%,4.43%,392.73%,0.14%,0.21%,872.18K,0.89,94.85,0.14%,"777,331"
AATLC,8.12%,0.88%,-3.66%,55.76%,41.36%,74.81%,222.01%,67.71%,2982.74%,3.53%,3.26%,141.24K,2.07,94.64,1.69%,"292,384"
AATLO,1.63%,-1.27%,9.81%,10.02%,38.89%,58.97%,96.97%,35.18%,18.40%,2.30%,2.27%,33.22K,0.45,31.89,-1.18%,"14,995"
AATLQ,0.10%,0.00%,-,-,0.81%,-,-,-,-,0.07%,0.10%,172.86K,0.00,9.97,0.00%,0
AATLX,-4.76%,-26.15%,-27.49%,-47.25%,-43.26%,-58.62%,-91.01%,-62.35%,-96.80%,5.85%,5.52%,262.14K,1.10,2.40,-3.61%,"288,607"
AATMP,1.73%,-6.64%,-1.50%,1.58%,20.68%,22.00%,69.48%,113.06%,52.41%,1.32%,1.21%,15.94K,1.33,34.72,-1.78%,"21,263"
AATMU,1.61%,-6.98%,-11.81%,-30.11%,-15.01%,0.00%,115.64%,-,-,3.58%,2.82%,682.05K,0.90,44.12,-4.00%,"614,958"
AATNI,3.06%,-4.75%,21.43%,7.66%,25.75%,99.65%,-10.80%,-38.96%,-56.18%,3.27%,3.31%,81.78K,0.76,28.67,1.16%,"61,766"
AATNM,-4.46%,-13.01%,10.31%,-8.55%,-21.32%,-32.28%,-82.37%,-86.37%,-97.15%,8.60%,6.65%,140.17K,0.71,1.07,-3.60%,"100,101"
AATO,1.77%,-5.27%,-8.88%,-16.06%,-5.02%,-8.98%,46.67%,77.37%,127.22%,1.34%,1.32%,1.02M,1.50,159.21,-0.33%,"1,533,678"
AATOM,0.23%,5.56%,-36.02%,-1.13%,97.74%,-9.71%,-34.87%,-80.80%,-41.73%,6.52%,5.17%,532.17K,0.55,4.37,-2.02%,"293,457"
AATOS,26.15%,-2.19%,4.24%,-48.96%,-72.20%,-83.76%,-77.36%,-94.98%,-99.32%,8.32%,7.59%,71.51K,0.27,2.46,0.41%,"19,070"
AATPC,-0.98%,-12.12%,-28.27%,-26.98%,-61.88%,-96.52%,-99.97%,-99.97%,-,4.29%,4.99%,817.81K,0.01,2.03,-2.40%,"5,948"
AATR,-0.60%,-3.14%,-3.23%,-8.78%,-1.25%,-7.78%,-4.73%,-3.08%,59.21%,1.84%,1.78%,450.14K,1.35,120.43,0.15%,"605,947"
AATRA,10.24%,-8.41%,-5.78%,87.03%,-48.20%,-40.05%,-73.42%,-97.87%,-97.84%,9.78%,8.29%,57.11K,0.20,9.37,-3.90%,"11,449"
AATRC,-5.14%,-0.78%,54.25%,88.91%,34.76%,56.24%,27.57%,-25.90%,204.28%,5.83%,4.22%,1.08M,0.69,53.31,-0.69%,"752,856"
AATRO,-4.14%,-14.96%,-10.06%,11.19%,49.33%,69.20%,403.10%,471.62%,161.47%,3.98%,4.35%,609.77K,1.08,64.63,-6.55%,"659,065"
AATS,-1.66%,-8.65%,-36.01%,-41.48%,-35.55%,-32.69%,-55.80%,-45.97%,108.33%,2.89%,2.62%,243.98K,0.77,17.75,-2.74%,"187,315"
AATTO,-4.20%,-30.60%,-,-,-21.81%,-,-,-,-,7.18%,10.07%,456.92K,1.13,16.42,-6.17%,"515,712"
AATTR,0.63%,1.25%,2.14%,4.83%,6.75%,-,-,-,-,0.06%,0.10%,4.64K,0.02,96.56,-0.06%,114
AATTT,1.54%,2.52%,-14.29%,-31.61%,34.01%,-67.11%,-,-,-,4.66%,7.83%,162.90K,0.13,2.64,1.15%,"20,702"
AATXG,-11.66%,-9.57%,-15.11%,-43.01%,-44.59%,-78.48%,-81.58%,-99.71%,-,4.44%,6.33%,16.78K,0.26,3.26,-0.00%,"4,356"
AATYR,-8.15%,-42.12%,-52.16%,-65.20%,-64.46%,-66.72%,-80.81%,-96.73%,-99.31%,6.93%,8.97%,3.23M,0.35,0.28,-1.80%,"1,121,609"
AAU,-4.15%,-16.49%,9.94%,-16.17%,5.59%,20.82%,464.58%,408.18%,570.51%,2.27%,2.59%,2.58M,0.93,90.05,-3.74%,"2,402,801"
AAUAU,-2.55%,-13.31%,13.18%,-12.84%,0.03%,-,-,-,-,0.72%,0.74%,1.65K,0.60,36.80,-2.98%,990
AAUB,-0.92%,-6.51%,-9.53%,-0.32%,6.52%,4.53%,30.06%,-1.18%,38.80%,1.97%,1.84%,1.11M,1.07,37.60,-1.42%,"1,187,285"
AAUBN,0.19%,-0.94%,-2.63%,9.54%,-2.41%,-2.59%,22.38%,-22.44%,-4.36%,1.64%,1.87%,1.94K,0.77,26.30,-2.38%,"1,491"
AAUC,-5.92%,23.10%,15.48%,19.83%,51.32%,-4.03%,-59.78%,-88.70%,-,4.11%,9.96%,5.58K,0.18,8.58,-1.49%,"1,019"
AAUDC,2.34%,9.96%,8.86%,20.51%,25.20%,13.50%,11.42%,-66.49%,106.62%,3.95%,3.50%,111.10K,1.33,10.93,0.37%,"147,302"
AAUGC,0.79%,0.67%,-,-,0.42%,-,-,-,-,0.66%,0.22%,1.35K,1.41,25.52,-0.56%,"1,906"
AAUGM,0.44%,0.40%,1.21%,3.85%,4.50%,5.61%,-,-,-,0.12%,0.16%,18.89K,0.04,35.56,-0.06%,677
AAUGO,4.25%,-3.86%,29.43%,-13.23%,62.69%,126.26%,1274.33%,683.06%,9291.56%,4.33%,4.61%,964.43K,1.07,82.02,-5.37%,"1,029,363"
AAUGP,1.03%,1.09%,3.49%,9.77%,10.40%,12.75%,-,-,-,0.23%,0.21%,6.53K,0.02,34.35,0.09%,122
AAUGT,1.32%,1.21%,3.69%,10.83%,11.29%,13.58%,65.20%,-,-,0.20%,0.18%,3.67K,0.00,39.67,-0.11%,17
AAUGU,1.30%,1.15%,2.10%,11.60%,10.31%,11.74%,-,-,-,0.11%,0.21%,4.39K,0.36,32.51,-0.31%,"1,594"
AAUGW,0.73%,0.84%,2.52%,6.87%,7.60%,9.56%,43.88%,-,-,0.14%,0.22%,26.28K,0.06,35.01,-0.09%,"1,598"
AAUGZ,1.38%,1.20%,2.40%,11.64%,10.26%,8.08%,42.89%,46.98%,-,0.09%,0.16%,1.51K,0.65,46.61,-0.18%,979
AAUID,-4.44%,-14.19%,-69.71%,-67.25%,-58.44%,-87.06%,-95.58%,-99.61%,-99.05%,33.29%,18.86%,564.86K,0.51,0.36,-6.12%,"290,449"
AAUMI,-3.64%,-13.04%,12.97%,-14.01%,-3.19%,7.97%,-,-,-,0.83%,1.01%,2.40K,1.16,89.02,-3.35%,"2,783"
AAUNA,1.41%,-3.63%,-2.32%,-14.98%,2.64%,-23.60%,-,-,-,1.67%,2.28%,153.05K,0.32,5.05,-1.37%,"49,122"
AAUPH,-1.14%,-0.37%,-3.50%,0.76%,0.38%,36.72%,119.32%,-19.30%,240.64%,2.36%,2.49%,1.03M,0.66,16.01,2.04%,"682,529"
AAUR,3.25%,-12.14%,-8.92%,35.22%,48.96%,5.93%,171.09%,-42.45%,-,3.64%,5.43%,28.75M,0.60,5.72,-0.52%,"17,370,376"
AAURA,2.87%,-12.23%,-7.71%,-4.58%,18.53%,12.15%,-28.14%,-,-,5.10%,4.60%,748.66K,0.97,6.46,4.70%,"723,720"
AAURE,-3.51%,-25.68%,-43.59%,-57.36%,-55.96%,-86.76%,-96.56%,-,-,7.23%,13.73%,127.18K,0.14,1.10,4.76%,"17,676"
AAUSF,0.41%,-4.84%,-1.89%,-0.71%,5.48%,5.89%,55.50%,62.05%,-,0.66%,0.68%,53.11K,3.40,48.91,-0.47%,"180,386"
AAUSM,0.20%,-0.76%,-0.96%,-1.00%,-1.02%,-1.02%,-,-,-,0.03%,0.05%,3.67K,0.00,24.84,0.04%,13
AAUST,-0.03%,-19.67%,-9.26%,-31.47%,-33.78%,-55.86%,32.47%,-,-,5.83%,4.53%,80.56K,0.43,0.98,-2.01%,"34,493"
AAUTL,-6.70%,-14.22%,7.10%,21.48%,-9.05%,21.48%,-18.83%,-69.32%,-,5.72%,5.18%,2.08M,0.75,1.81,1.12%,"1,551,347"
AAUUD,-11.02%,5.00%,-22.79%,-71.47%,-85.94%,-93.18%,-99.89%,-99.99%,-,9.68%,12.09%,3.23M,0.07,1.05,-8.70%,"237,929"
AAUXX,-3.70%,-37.38%,-9.06%,-26.26%,65.26%,103.14%,736.90%,77.65%,2071.30%,7.54%,6.50%,25.42K,1.28,4.69,-4.29%,"32,449"
AAV,-1.41%,-6.04%,-13.03%,-,-5.86%,-,-,-,-,0.51%,0.37%,0.94K,1.62,24.87,-1.81%,"1,527"
AAVA,0.40%,-6.33%,-14.39%,-15.56%,-8.59%,-5.75%,10.30%,-13.48%,-9.99%,1.72%,1.57%,653.39K,1.21,35.23,0.11%,"788,658"
AAVAH,-0.81%,-9.88%,25.36%,85.67%,50.67%,44.31%,970.43%,69.09%,-,3.31%,3.63%,3.02M,1.52,12.31,0.74%,"4,606,082"
AAVAL,2.28%,-7.50%,-1.79%,11.79%,21.73%,45.43%,108.90%,14.92%,-17.81%,2.83%,2.99%,145.11K,0.74,4.93,-0.80%,"107,849"
AAVAT,-9.29%,94.17%,186.70%,-84.30%,-84.04%,-84.11%,-,-,-,11.35%,20.31%,1.09M,1.19,1.66,-19.81%,"1,293,599"
AAVAV,-2.36%,-6.67%,-6.43%,-25.72%,-42.59%,-64.86%,32.22%,59.46%,492.91%,4.17%,5.51%,1.65M,1.32,138.86,-3.26%,"2,180,195"
AAVAZ,5.30%,77.17%,131.37%,-,8.26%,-,-,-,-,6.13%,6.26%,5.62K,2.39,18.88,-5.04%,"13,431"
AAVBC,1.48%,-0.05%,7.14%,8.25%,30.40%,49.52%,-,-,-,1.69%,1.74%,139.36K,0.66,21.92,-1.26%,"92,561"
AAVBH,0.56%,-1.70%,-2.99%,5.27%,17.32%,20.26%,47.43%,36.97%,101.68%,1.53%,1.57%,87.19K,0.47,31.16,-0.83%,"41,010"
AAVBP,-44.22%,-44.22%,-49.84%,-33.11%,-16.05%,-12.53%,-,-,-,14.59%,7.20%,820.78K,5.28,16.89,11.93%,"4,334,786"
AAVD,-2.29%,-25.00%,-35.71%,-30.77%,-55.24%,-66.34%,-82.97%,-88.83%,-89.33%,4.79%,4.95%,262.17K,1.36,1.71,0.00%,"357,294"
AAVDE,-0.70%,-4.49%,0.09%,0.21%,8.70%,12.68%,62.60%,42.80%,-,0.76%,0.79%,1.08M,1.15,89.48,-1.21%,"1,247,199"
AAVDS,-1.01%,-3.70%,2.60%,1.54%,10.79%,14.24%,67.38%,-,-,0.59%,0.69%,23.16K,0.83,77.34,-1.07%,"19,119"
AAVDV,-1.21%,-3.83%,4.78%,2.50%,14.99%,20.58%,91.02%,66.97%,-,0.77%,0.89%,763.92K,0.83,108.06,-1.04%,"633,956"
AAVEE,2.09%,0.39%,2.82%,4.90%,12.18%,9.47%,-,-,-,0.65%,0.69%,14.50K,1.72,70.01,-0.67%,"24,982"
AAVEM,0.99%,-1.30%,1.04%,10.81%,23.28%,25.18%,80.62%,46.69%,-,0.91%,0.97%,1.74M,0.92,94.95,-1.24%,"1,600,687"
AAVES,0.94%,-1.56%,1.50%,4.33%,12.74%,14.67%,52.27%,31.32%,-,0.66%,0.79%,94.16K,0.53,65.74,-1.07%,"50,028"
AAVEX,-6.01%,-16.83%,-13.97%,-,-38.16%,-,-,-,-,6.77%,6.13%,1.59M,0.93,14.23,-6.07%,"1,484,437"
AAVGB,0.41%,-1.05%,-2.38%,-2.34%,-1.96%,-3.08%,-,-,-,0.19%,0.15%,15.78K,0.40,49.83,0.14%,"6,323"
AAVGC,13.90%,2.99%,-17.52%,-,-7.01%,-,-,-,-,3.75%,2.90%,1.92K,6.82,23.69,0.24%,"13,086"
AAVGE,0.99%,-2.13%,0.56%,8.15%,15.60%,18.85%,70.52%,-,-,0.71%,0.74%,85.59K,0.77,99.31,-0.76%,"65,908"
AAVGG,13.95%,2.33%,-17.64%,-2.75%,-7.42%,-12.40%,-,-,-,5.84%,4.59%,291.57K,1.24,25.08,0.00%,"362,161"
AAVGO,7.21%,2.16%,-6.13%,7.38%,8.79%,11.92%,345.44%,662.29%,2061.24%,3.01%,2.39%,22.59M,0.80,376.51,0.19%,"18,046,104"
AAVGU,13.70%,2.51%,-18.14%,-3.45%,-7.25%,-9.62%,-,-,-,5.67%,4.53%,149.14K,1.23,31.96,-0.19%,"183,366"
AAVGV,0.64%,-3.63%,0.00%,5.23%,16.02%,20.57%,68.72%,-,-,0.77%,0.81%,53.92K,0.71,84.90,-0.91%,"38,247"
AAVGW,7.64%,-0.78%,-18.56%,-17.09%,-27.50%,-35.91%,-,-,-,3.34%,2.37%,27.47K,0.77,34.54,0.21%,"21,236"
AAVGX,14.06%,2.62%,-17.55%,-3.04%,-8.13%,-13.13%,-,-,-,5.91%,4.65%,706.42K,0.82,43.08,0.12%,"578,109"
AAVIE,1.45%,-2.62%,3.81%,7.36%,19.25%,22.70%,40.77%,-,-,0.38%,0.43%,1.86K,0.45,78.44,-0.21%,837
AAVIG,-0.15%,-2.77%,-4.24%,-5.50%,-6.19%,-6.38%,0.74%,-19.77%,-,0.53%,0.42%,476.49K,1.55,39.33,-0.05%,"739,836"
AAVIR,-3.84%,-11.80%,2.04%,-15.51%,40.34%,68.69%,68.69%,-87.79%,-,4.50%,4.12%,303.03K,0.87,5.01,-1.18%,"264,766"
AAVIV,-1.17%,-5.23%,0.64%,0.42%,10.49%,15.79%,65.74%,56.84%,-,0.71%,0.72%,99.93K,1.32,78.70,-1.08%,"132,032"
AAVK,1.40%,-6.44%,-10.48%,-3.33%,-7.34%,-9.36%,17.23%,-30.84%,-10.53%,1.37%,1.35%,152.38K,1.58,11.62,-0.60%,"240,673"
AAVL,14.04%,2.10%,-17.47%,-2.44%,-7.53%,-10.22%,-,-,-,5.98%,4.73%,899.86K,1.23,40.77,0.05%,"1,105,472"
AAVLC,1.73%,0.56%,2.17%,13.88%,16.80%,19.71%,83.70%,-,-,0.67%,0.82%,74.13K,1.14,91.83,-0.48%,"84,283"
AAVLN,-10.39%,-32.14%,-11.72%,-,-1.81%,-,-,-,-,6.27%,7.26%,240.73K,0.84,25.53,0.39%,"202,933"
AAVLV,1.58%,-1.92%,0.61%,10.24%,21.25%,27.28%,76.67%,80.82%,-,0.87%,0.76%,1.66M,0.81,91.87,-0.51%,"1,345,003"
AAVMA,0.70%,-2.23%,-0.55%,4.09%,8.91%,10.79%,46.08%,-,-,0.53%,0.56%,10.62K,0.64,72.22,-0.50%,"6,809"
AAVMC,1.43%,-2.56%,-2.65%,3.11%,9.46%,11.21%,-,-,-,0.84%,0.90%,22.33K,1.52,77.32,-1.14%,"33,862"
AAVMU,0.00%,-3.42%,-7.69%,-7.29%,-7.61%,-6.44%,-2.16%,-13.93%,-,1.00%,0.74%,27.22K,2.52,42.72,-0.56%,"68,463"
AAVMV,1.17%,-4.48%,-3.80%,1.46%,8.46%,12.19%,-,-,-,1.02%,0.91%,59.82K,0.55,77.22,-1.19%,"32,746"
AAVNC,-0.16%,-,-,-,-0.85%,-,-,-,-,0.13%,-,0.83K,0.31,49.68,-1.24%,259
AAVNM,-0.33%,-4.06%,1.00%,2.95%,12.60%,16.59%,67.50%,-,-,0.93%,0.85%,69.98K,0.82,82.78,-1.21%,"57,699"
AAVNT,1.86%,-3.78%,13.95%,10.66%,31.24%,28.25%,21.88%,-15.13%,24.47%,2.64%,2.30%,771.32K,0.68,41.00,-1.18%,"520,886"
AAVNV,-0.65%,-4.38%,1.73%,2.27%,12.34%,16.69%,68.08%,-,-,0.37%,0.45%,8.85K,0.03,84.02,-1.18%,235
AAVNW,3.94%,5.79%,-3.07%,-1.74%,-2.53%,-5.66%,-28.48%,-42.16%,357.02%,2.44%,3.00%,147.00K,0.39,20.84,-1.23%,"57,826"
AAVO,-4.58%,-2.80%,-6.29%,-18.45%,7.84%,7.47%,30.79%,-33.81%,-,2.59%,3.61%,839.26K,0.89,12.51,-1.88%,"748,745"
AAVOS,0.61%,-3.33%,-0.51%,4.29%,9.23%,-,-,-,-,0.02%,0.17%,6.85K,0.00,26.88,-0.93%,23
AAVPT,1.42%,8.39%,12.71%,45.71%,2.81%,-3.51%,106.66%,64.33%,-,4.03%,3.80%,2.11M,1.12,14.28,-2.12%,"2,353,706"
AAVR,-12.23%,-20.88%,-28.13%,25.37%,36.67%,56.06%,-,-,-,5.59%,4.46%,902.91K,2.72,6.82,-3.26%,"2,454,136"
AAVRE,-1.22%,-6.39%,-8.08%,-4.57%,0.64%,-0.64%,18.44%,-12.98%,-,0.82%,0.82%,79.18K,0.91,43.81,-1.17%,"71,795"
AAVRY,1.94%,-0.85%,1.37%,15.35%,-0.38%,-,-,-,-,0.16%,0.44%,7.25K,0.78,25.26,-0.50%,"5,685"
AAVS,-6.78%,-3.26%,3.84%,-14.73%,-18.79%,-26.14%,-,-,-,3.05%,2.34%,12.53M,0.76,7.67,-0.18%,"9,580,263"
AAVSC,0.71%,-3.77%,-3.57%,6.88%,18.54%,21.90%,60.29%,-,-,1.12%,0.96%,116.72K,1.73,69.63,-1.18%,"201,539"
AAVSD,-1.10%,-4.39%,-1.67%,1.03%,6.09%,9.42%,61.71%,-,-,0.73%,0.70%,60.92K,0.34,78.78,-1.32%,"20,458"
AAVSE,1.11%,-0.96%,0.59%,12.51%,23.11%,24.52%,78.62%,-,-,0.66%,0.72%,12.11K,0.82,79.99,-1.36%,"9,875"
AAVSF,-0.05%,-1.13%,-1.80%,-2.48%,-3.18%,-3.24%,1.01%,-8.13%,-,0.25%,0.20%,66.35K,1.05,45.59,0.11%,"69,680"
AAVSU,1.39%,0.40%,1.44%,15.03%,16.95%,21.08%,79.68%,-,-,0.60%,0.56%,9.69K,2.49,89.23,-0.52%,"24,161"
AAVT,2.58%,10.94%,18.83%,55.35%,113.25%,99.71%,111.88%,181.60%,140.74%,3.44%,3.76%,1.23M,0.71,102.53,-3.61%,"875,121"
AAVTM,1.49%,0.44%,2.23%,13.43%,11.19%,-,-,-,-,0.22%,0.13%,3.36K,0.01,55.55,-0.54%,38
AAVTR,1.99%,0.66%,46.05%,91.88%,33.94%,13.96%,-25.63%,-62.54%,-,4.10%,3.13%,9.41M,0.64,15.35,-0.52%,"6,007,560"
AAVTX,-11.42%,-31.10%,-31.93%,-5.76%,-25.22%,0.74%,-59.55%,-99.78%,-99.89%,6.30%,6.29%,942.57K,0.76,13.58,-0.07%,"719,022"
AAVUQ,2.08%,3.38%,4.29%,16.53%,15.03%,16.30%,-,-,-,0.54%,0.62%,28.41K,0.75,69.21,-0.14%,"21,344"
AAVUS,1.65%,0.03%,1.77%,12.71%,16.48%,19.57%,78.53%,72.59%,-,0.73%,0.68%,306.06K,0.81,130.20,-0.43%,"248,649"
AAVUV,1.15%,-4.94%,-3.32%,3.83%,16.82%,19.95%,57.58%,52.26%,-,1.19%,1.03%,1.26M,1.35,119.13,-1.11%,"1,693,608"
AAVX,-13.21%,66.53%,13.17%,-3.56%,-66.09%,-86.45%,-99.99%,-100.00%,-,13.26%,12.93%,165.27K,1.46,6.14,3.80%,"240,996"
AAVXC,1.50%,-1.19%,0.85%,15.03%,30.77%,37.57%,-,-,-,0.80%,0.89%,44.67K,0.59,83.39,-1.26%,"26,379"
AAVXL,-24.26%,-46.32%,-43.33%,-49.67%,-57.02%,-84.36%,-75.08%,-91.22%,-52.92%,8.69%,6.65%,960.48K,1.39,1.53,-4.38%,"1,336,365"
AAVXX,-5.39%,-16.03%,-24.63%,-62.60%,-83.17%,-,-,-,-,8.11%,10.81%,135.60K,1.67,20.08,-6.70%,"226,822"
AAVY,-2.17%,-2.19%,4.97%,-4.76%,-8.20%,3.47%,-9.16%,-21.73%,118.55%,2.36%,2.03%,908.87K,0.63,166.97,-0.88%,"575,442"
AAWAY,-1.54%,-10.23%,-10.03%,-1.72%,-19.71%,-23.90%,2.24%,-41.77%,-,0.97%,1.03%,36.92K,0.06,16.64,-0.72%,"2,068"
AAWF,-1.95%,-5.17%,-6.47%,-7.83%,-10.76%,-13.58%,1.56%,-20.05%,-22.84%,1.29%,0.84%,301.33K,1.36,9.54,-0.93%,"409,822"
AAWI,0.24%,-4.75%,5.34%,-6.05%,-15.06%,-17.62%,129.88%,65.63%,287.03%,1.89%,2.27%,429.43K,0.96,162.32,-1.55%,"411,175"
AAWK,-1.61%,-9.26%,-2.43%,-6.59%,-2.39%,-10.62%,7.18%,-26.14%,80.32%,2.00%,1.82%,2.07M,1.14,127.38,-0.52%,"2,353,787"
AAWP,-3.57%,-12.43%,-15.97%,-15.40%,-13.19%,-14.97%,-5.84%,-45.71%,-38.73%,2.05%,1.78%,158.17K,0.84,10.00,-1.19%,"132,567"
AAWR,-1.06%,-8.14%,-2.86%,5.67%,12.39%,13.80%,2.71%,-8.41%,116.53%,2.02%,1.80%,253.63K,0.88,81.46,-0.12%,"223,690"
AAWRE,-5.36%,-13.82%,-23.19%,-13.11%,-42.70%,-56.56%,-29.80%,-73.43%,-79.58%,6.22%,5.90%,37.16K,1.36,1.06,-0.93%,"50,557"
AAWX,1.39%,-4.66%,-1.33%,-1.73%,-5.02%,-0.30%,32.38%,-36.60%,-13.97%,3.59%,2.61%,44.18K,0.12,2.56,2.20%,"5,207"
AAX,1.28%,-9.14%,-9.58%,-5.87%,1.76%,4.66%,131.16%,62.73%,286.94%,2.32%,2.38%,349.13K,1.06,87.68,-1.52%,"370,309"
AAXG,-21.10%,-95.06%,-96.97%,-97.38%,-97.60%,-96.91%,-95.61%,-,-,14.58%,47.83%,5.92M,2.93,0.10,-11.88%,"17,321,364"
AAXGN,-14.03%,-22.81%,-17.38%,6.00%,10.11%,113.25%,686.90%,135.71%,293.88%,5.26%,4.99%,1.22M,1.31,36.04,-0.74%,"1,602,452"
AAXIL,-0.99%,-3.24%,-4.47%,-16.25%,-13.71%,1.53%,-22.60%,70.86%,-,7.69%,4.91%,22.94K,1.61,5.98,-3.08%,"36,882"
AAXIN,-0.19%,0.15%,0.15%,2.02%,2.83%,3.76%,-,-,-,0.09%,0.12%,67.67K,0.36,10.35,0.00%,"24,545"
AAXON,-3.91%,-19.67%,-30.24%,3.70%,-28.51%,-43.18%,103.30%,140.32%,1710.08%,3.43%,4.15%,948.99K,0.97,406.00,-3.01%,"924,947"
AAXP,0.05%,-6.70%,-12.25%,-3.82%,-17.76%,-7.23%,103.76%,74.57%,392.63%,1.60%,1.74%,2.90M,1.18,304.25,-0.10%,"3,407,569"
AAXR,-8.53%,-10.47%,-18.16%,-23.31%,9.57%,-11.40%,21.18%,32.90%,169.63%,2.98%,3.89%,10.19K,2.05,20.60,-2.55%,"20,851"
AAXS,1.22%,-3.31%,-15.18%,-7.33%,-10.96%,-1.23%,68.94%,91.66%,70.73%,2.13%,1.86%,688.04K,1.11,95.35,-0.84%,"764,901"
AAXSM,-6.19%,-16.77%,-30.52%,-0.13%,-5.29%,45.79%,152.14%,444.96%,2004.26%,3.17%,3.97%,708.59K,1.25,172.97,-0.79%,"887,361"
AAXTA,1.96%,-7.71%,0.74%,14.41%,1.49%,20.11%,18.16%,8.90%,22.53%,2.14%,2.08%,1.79M,0.78,32.79,-1.83%,"1,393,624"
AAXTC,6.57%,22.84%,-8.11%,-,-1.88%,-,-,-,-,7.85%,9.78%,6.85K,0.50,21.95,-8.97%,"3,433"
AAXTI,3.07%,14.71%,27.56%,50.04%,388.01%,1402.64%,3104.42%,893.65%,1263.93%,6.54%,8.01%,9.79M,0.65,79.79,-5.08%,"6,320,521"
AAXTL,4.18%,19.11%,-12.56%,-,-75.76%,-,-,-,-,12.67%,16.01%,834.88K,1.74,3.49,-10.51%,"1,454,136"
AAXTQ,-8.27%,-41.22%,-,-,-21.14%,-,-,-,-,13.55%,17.25%,314.44K,1.30,21.75,10.52%,"410,328"
AAXTU,5.45%,19.52%,-12.79%,-,-81.56%,-,-,-,-,11.43%,15.12%,89.75K,0.75,48.83,-9.98%,"67,436"
AAXTX,5.34%,20.44%,-11.99%,-,-63.46%,-,-,-,-,13.24%,16.34%,2.57M,0.86,36.47,-9.55%,"2,210,880"
AAYA,-2.83%,-10.33%,31.56%,59.78%,81.93%,122.24%,415.58%,283.94%,5979.07%,4.03%,4.66%,1.00M,0.97,26.14,-4.98%,"973,891"
AAYI,-3.03%,-7.69%,-10.23%,6.41%,-16.56%,-13.39%,65.37%,50.78%,24.79%,3.44%,2.96%,308.95K,1.52,300.42,-0.84%,"470,244"
AAYTU,-4.21%,-6.39%,-6.82%,-22.93%,-21.15%,-13.14%,-31.44%,-96.26%,-100.00%,4.36%,5.53%,35.16K,0.16,2.05,0.00%,"5,733"
AAZ,2.78%,-4.06%,2.07%,-26.86%,-9.22%,-22.44%,46.83%,-64.77%,-,7.26%,6.28%,413.77K,1.59,5.91,-1.01%,"657,758"
AAZI,-3.85%,-12.11%,-30.56%,-30.56%,-96.41%,-98.91%,-,-,-,4.83%,4.51%,2.40M,0.02,1.12,0.45%,"54,262"
AAZIO,-13.49%,-12.10%,-40.44%,-42.33%,203.54%,-25.34%,-92.92%,-97.85%,-,7.24%,6.06%,545.97K,0.72,1.09,-7.63%,"394,298"
AAZN,-0.84%,0.05%,-10.29%,-21.61%,-8.76%,-5.81%,19.96%,31.27%,151.33%,1.92%,1.77%,3.39M,0.72,160.12,0.95%,"2,458,724"
AAZO,0.57%,-3.57%,-5.45%,-17.85%,-16.08%,-30.34%,11.66%,69.05%,274.34%,2.81%,2.84%,272.60K,0.48,2846.27,-1.80%,"130,238"
AAZTA,2.87%,16.45%,41.19%,60.94%,7.91%,16.79%,-27.64%,-65.04%,163.03%,12.58%,5.49%,847.40K,2.00,35.89,-8.79%,"1,690,988"
AAZTD,0.59%,-4.18%,-7.36%,0.98%,8.13%,9.94%,56.97%,-,-,0.00%,0.06%,1.80K,0.01,30.73,-1.05%,10
AAZTR,-4.07%,-23.26%,-11.17%,-43.88%,-50.15%,-81.73%,-99.96%,-,-,9.30%,8.71%,1.71M,0.17,0.13,1.54%,"290,373"
AAZUL,-9.11%,0.70%,-20.66%,85.53%,-98.54%,-,-,-,-,6.77%,5.93%,212.49K,0.36,7.18,-4.27%,"76,731"
AAZYY,0.24%,0.70%,-6.17%,-12.60%,-30.19%,-38.75%,-,-,-,0.29%,0.28%,2.64K,0.20,14.39,0.03%,516
AAZZ,3.07%,-0.69%,-1.70%,3.78%,29.23%,31.81%,209.38%,150.11%,148.14%,2.31%,2.36%,262.31K,0.86,138.51,-2.18%,"225,845"
BB,-3.66%,-11.16%,6.38%,-7.83%,-10.03%,17.94%,168.72%,115.39%,157.81%,2.32%,2.38%,9.53M,0.89,39.18,-3.78%,"8,464,349"
BBA,1.22%,-10.63%,-15.59%,-13.54%,-13.26%,-15.10%,0.50%,-16.85%,40.69%,2.77%,3.00%,6.47M,0.99,188.32,-0.79%,"6,382,089"
BBAB,-0.08%,-3.73%,-5.14%,-6.35%,-7.06%,-7.43%,1.89%,-23.02%,-18.69%,0.71%,0.62%,398.79K,0.59,25.28,-0.24%,"233,729"
BBABA,-0.50%,-5.02%,-3.73%,-14.62%,-27.00%,-40.99%,26.39%,-30.27%,2.61%,2.26%,1.98%,10.95M,0.66,107.00,-2.07%,"7,192,537"
BBABC,-1.64%,-11.29%,-,-,-14.98%,-,-,-,-,0.00%,0.16%,0.29K,0.02,21.82,-4.07%,7
BBABO,-0.99%,-7.26%,-14.37%,-31.75%,-46.82%,-63.21%,-,-,-,1.79%,1.53%,39.79K,1.42,7.03,-1.54%,"56,420"
BBABU,-1.61%,-11.91%,-13.77%,-36.33%,-64.69%,-,-,-,-,4.18%,3.57%,176.12K,0.74,8.58,-4.29%,"130,339"
BBABW,-1.47%,-9.09%,-15.60%,-33.86%,-51.68%,-,-,-,-,1.09%,1.39%,2.82K,1.54,18.86,-2.48%,"4,335"
BBABX,-1.71%,-11.36%,-12.62%,-34.81%,-55.63%,-72.66%,-18.00%,-,-,4.45%,3.88%,847.98K,0.48,15.99,-4.25%,"408,988"
BBAC,-1.67%,-14.22%,-9.67%,3.16%,-2.69%,6.42%,105.29%,21.31%,231.80%,1.56%,2.07%,33.30M,0.93,53.52,-1.05%,"30,922,561"
BBACC,-0.48%,-0.29%,-5.47%,2.15%,2.35%,4.29%,-,-,-,0.11%,0.31%,126.17K,0.36,10.45,-0.19%,"44,915"
BBAER,-8.37%,-41.52%,-66.67%,-70.08%,-64.85%,-62.60%,-91.73%,-93.42%,-,11.49%,10.14%,1.01M,0.66,0.64,7.45%,"669,568"
BBAFE,1.59%,1.27%,2.61%,13.60%,9.87%,10.60%,-,-,-,0.63%,0.61%,49.18K,0.84,30.02,-0.42%,"41,449"
BBAFN,6.02%,-4.37%,27.11%,5.40%,-8.03%,-29.56%,-30.56%,-75.19%,-,9.18%,10.24%,82.62K,0.51,7.22,-0.55%,"42,180"
BBAGX,1.97%,2.25%,-,-,5.05%,-,-,-,-,0.50%,0.36%,2.14K,3.03,102.11,-0.51%,"6,486"
BBAGY,0.12%,-2.70%,2.67%,-20.60%,-36.54%,-57.43%,-,-,-,1.39%,1.33%,3.98K,0.32,23.28,-2.89%,"1,272"
BBAH,-1.05%,-4.74%,8.76%,-15.82%,-18.58%,-33.98%,-42.51%,-15.20%,127.53%,3.70%,3.14%,1.91M,1.06,68.69,0.81%,"2,027,600"
BBAI,4.51%,8.99%,2.64%,32.44%,48.11%,41.89%,-,-,-,1.38%,1.66%,3.67M,0.77,49.32,-0.82%,"2,822,236"
BBAIG,-11.95%,-28.76%,-50.17%,-62.64%,-88.06%,-95.64%,-,-,-,9.80%,7.28%,23.82K,0.87,10.39,-5.96%,"20,836"
BBAIV,-0.95%,-4.30%,4.52%,11.31%,8.23%,-,-,-,-,0.61%,0.55%,32.67K,0.18,27.45,-0.39%,"5,724"
BBAK,22.07%,-7.81%,-29.76%,-51.51%,-40.00%,-30.04%,-76.24%,-91.40%,-88.33%,7.22%,6.08%,2.05M,1.47,1.77,5.99%,"3,014,437"
BBALI,0.99%,0.90%,2.81%,10.79%,9.85%,10.23%,39.82%,-,-,0.70%,0.71%,257.56K,2.45,34.80,-0.26%,"631,826"
BBALL,2.59%,-5.80%,-5.77%,-7.44%,8.51%,18.42%,24.60%,-37.46%,46.78%,2.16%,2.01%,1.89M,1.75,57.48,0.09%,"3,322,194"
BBALQ,1.89%,5.14%,4.12%,21.79%,18.43%,-,-,-,-,1.34%,0.96%,11.92K,1.59,58.41,-0.11%,"18,917"
BBALT,0.34%,0.83%,2.13%,4.07%,4.66%,6.92%,25.79%,36.04%,-,0.38%,0.37%,509.25K,1.42,35.07,0.00%,"721,011"
BBALY,0.73%,53.56%,12.36%,22.08%,-16.34%,2.37%,-,-,-,4.10%,7.20%,104.99K,1.70,13.82,-1.29%,"178,904"
BBAM,-0.18%,-8.94%,-3.62%,-1.68%,-15.06%,-23.22%,39.15%,-,-,2.15%,2.30%,2.62M,1.49,44.50,-1.57%,"3,896,530"
BBAMA,1.13%,0.36%,1.14%,8.44%,9.11%,9.98%,49.33%,-,-,0.23%,0.27%,4.35K,0.58,37.00,-0.34%,"2,511"
BBAMB,0.26%,-2.12%,-3.69%,-5.19%,-5.38%,-6.03%,0.18%,-,-,0.22%,0.17%,7.21K,0.70,24.95,0.02%,"5,036"
BBAMD,1.06%,-5.39%,-2.34%,2.50%,8.23%,4.23%,34.22%,-,-,0.58%,0.45%,11.55K,0.47,32.49,-0.49%,"5,405"
BBAMG,2.27%,3.44%,2.46%,19.58%,14.43%,20.20%,85.82%,-,-,0.37%,0.43%,19.62K,0.32,45.92,-0.23%,"6,294"
BBAMO,0.85%,0.19%,0.91%,7.45%,7.23%,8.60%,40.42%,-,-,0.14%,0.29%,4.92K,0.48,34.93,-0.24%,"2,387"
BBAMU,0.08%,0.20%,-0.02%,-0.02%,0.42%,-0.30%,0.76%,-,-,0.13%,0.12%,8.39K,0.68,25.25,0.04%,"5,680"
BBAMV,0.36%,-3.58%,1.48%,8.54%,12.19%,11.60%,50.01%,-,-,0.35%,0.39%,21.20K,0.78,36.36,-0.44%,"16,431"
BBAMY,0.36%,-1.97%,-3.27%,-3.78%,-4.26%,-4.16%,7.67%,-,-,0.31%,0.22%,6.47K,0.37,26.62,-0.18%,"2,413"
BBANC,-0.35%,-7.79%,-16.12%,-7.14%,-10.99%,-2.50%,38.92%,-12.62%,-2.99%,2.36%,2.25%,2.86M,0.67,17.17,-1.49%,"1,913,716"
BBAND,-5.34%,31.75%,-26.73%,218.22%,271.97%,264.66%,429.68%,-29.96%,-,7.02%,8.63%,1.03M,0.83,57.47,-4.36%,"852,778"
BBANF,0.69%,-4.74%,-7.04%,-6.09%,-0.01%,-15.93%,22.08%,68.46%,191.56%,2.32%,1.91%,133.39K,0.96,106.01,-0.73%,"127,549"
BBANL,0.89%,-29.83%,-12.12%,-33.94%,-20.93%,-51.80%,-71.51%,-,-,4.93%,8.40%,115.27K,0.04,4.54,1.11%,"5,108"
BBANR,-1.19%,-5.32%,-0.97%,4.02%,5.65%,4.93%,51.66%,14.67%,55.16%,1.88%,1.82%,342.79K,0.52,66.20,-1.37%,"178,111"
BBANX,-1.26%,-6.62%,-2.29%,0.82%,-9.71%,-8.12%,21.14%,-4.58%,16.63%,2.71%,2.27%,37.08K,0.73,19.61,-1.75%,"26,923"
BBAOS,-0.88%,-26.97%,-91.44%,-91.17%,-91.33%,-92.98%,-94.72%,-99.23%,-,5.74%,10.37%,5.52M,0.02,0.24,-1.62%,"109,997"
BBAP,-0.99%,-0.30%,-4.03%,6.77%,31.05%,43.21%,201.28%,204.25%,163.89%,2.22%,2.26%,302.78K,0.66,376.11,-2.34%,"199,841"
BBAPR,0.76%,1.07%,3.04%,9.41%,14.73%,17.20%,56.82%,71.16%,-,0.20%,0.24%,7.96K,0.15,55.05,-0.03%,"1,193"
BBAR,-1.34%,-5.96%,-0.59%,-13.41%,-5.01%,2.85%,123.11%,131.69%,-,1.05%,1.18%,218.94K,1.88,40.36,-1.66%,"411,618"
BBARK,-2.84%,-15.26%,-13.29%,-5.30%,-31.78%,-47.31%,-64.26%,-93.63%,-,3.58%,5.02%,49.87K,0.50,8.22,0.61%,"24,688"
BBASG,2.84%,3.69%,7.06%,24.13%,12.53%,9.41%,-,-,-,0.59%,0.59%,15.65K,0.38,29.11,-0.30%,"5,889"
BBASV,1.08%,-3.49%,-1.95%,8.36%,9.13%,11.86%,-,-,-,0.33%,0.52%,17.67K,0.21,30.31,-0.73%,"3,658"
BBATL,-4.76%,-24.24%,-32.89%,-73.47%,-11.50%,-13.34%,-80.84%,-90.14%,-,3.16%,4.82%,9.98M,0.17,1.00,-2.91%,"1,682,743"
BBATRA,-0.81%,3.34%,1.32%,17.52%,35.47%,31.12%,41.04%,112.16%,227.98%,2.04%,1.94%,65.40K,0.40,57.56,-0.33%,"26,420"
BBATRK,-1.85%,2.97%,-0.15%,17.80%,31.71%,27.38%,38.60%,95.56%,196.91%,2.16%,2.14%,506.98K,1.70,51.96,-0.86%,"859,635"
BBATT,1.68%,-7.21%,-0.41%,-7.09%,5.36%,11.42%,32.79%,-15.17%,-,1.49%,1.52%,40.77K,0.67,14.54,-2.02%,"27,372"
BBAUG,1.20%,1.20%,3.88%,11.38%,11.80%,14.22%,69.07%,76.33%,-,0.29%,0.32%,28.82K,0.20,55.94,-0.11%,"5,687"
BBAVA,3.60%,41.92%,68.61%,-,22.00%,-,-,-,-,2.37%,2.51%,2.76K,0.48,30.66,-1.83%,"1,325"
BBAX,-0.13%,-3.58%,6.72%,39.04%,25.43%,4.67%,-34.54%,-70.25%,-50.53%,2.84%,2.87%,6.62M,0.72,23.97,-1.60%,"4,770,599"
BBAY,1.60%,5.25%,5.49%,-,16.88%,-,-,-,-,0.27%,0.17%,0.09K,1.33,30.93,-0.49%,118
BBB,-2.99%,11.44%,-23.27%,148.44%,131.40%,88.60%,132.63%,-8.65%,11.58%,5.13%,5.98%,15.70M,1.25,8.77,-8.46%,"19,633,137"
BBBAG,-0.34%,-2.72%,-4.10%,-5.40%,-5.91%,-6.14%,0.52%,-18.96%,-,0.51%,0.38%,130.79K,0.26,43.67,-0.08%,"34,350"
BBBAI,-5.28%,-14.04%,-24.40%,-28.08%,-53.52%,-66.26%,70.75%,-74.54%,-,5.80%,4.53%,19.97M,0.97,2.51,-2.71%,"19,385,087"
BBBAR,0.93%,-13.07%,-33.14%,-21.07%,-27.56%,64.82%,264.68%,368.50%,-10.45%,4.74%,3.98%,642.21K,0.97,12.97,-4.56%,"620,239"
BBBAX,-1.10%,-6.31%,0.38%,-2.13%,8.38%,7.56%,35.48%,10.40%,-,0.65%,0.73%,200.99K,1.10,61.02,-1.26%,"221,053"
BBBB,1.30%,2.90%,10.25%,16.63%,10.35%,3.61%,-,-,-,0.44%,0.34%,2.33K,0.24,32.52,-0.82%,554
BBBBI,-0.10%,-2.90%,-4.54%,-5.72%,-6.49%,-6.52%,-,-,-,0.52%,0.40%,31.85K,1.57,48.67,0.03%,"50,114"
BBBBL,-0.33%,-4.58%,-7.39%,-8.87%,-9.66%,-11.42%,-,-,-,0.48%,0.22%,1.40K,0.32,43.64,-0.23%,445
BBBBS,-0.03%,-1.21%,-1.90%,-2.48%,-3.18%,-2.96%,-,-,-,0.23%,0.18%,23.60K,0.34,49.85,0.05%,"8,023"
BBBC,-6.50%,-18.59%,-21.11%,-0.33%,12.26%,54.57%,121.17%,-3.39%,99.21%,2.98%,2.84%,20.96K,0.83,43.29,0.07%,"17,420"
BBBCA,-0.72%,-5.97%,-1.12%,2.65%,7.14%,13.34%,74.90%,53.81%,-,0.94%,0.95%,268.67K,1.56,99.64,-2.04%,"418,913"
BBBCB,-0.21%,-2.83%,-4.37%,-5.49%,-6.31%,-7.06%,1.53%,-21.93%,-,0.44%,0.28%,8.53K,0.21,42.92,0.03%,"1,773"
BBBCI,-,-,-,-,-,-,-,-,-,-,-,-,-,11.00,-17.60%,"149,671"
BBBCP,-0.41%,-7.03%,-8.88%,29.70%,43.82%,42.75%,24.20%,28.75%,-,3.23%,3.19%,182.48K,0.53,9.65,-2.92%,"96,920"
BBBD,23.30%,22.26%,24.72%,11.41%,32.70%,41.64%,79.33%,57.93%,34.82%,4.81%,3.20%,32.27M,2.04,4.34,-3.77%,"65,760,931"
BBBDC,-1.62%,-4.29%,1.19%,0.95%,-7.63%,-0.12%,-3.89%,-21.50%,-47.81%,1.98%,1.79%,668.34K,1.03,8.48,-0.35%,"690,779"
BBBEM,1.40%,-1.82%,0.34%,10.14%,21.60%,23.44%,71.85%,-,-,0.44%,0.61%,27.82K,0.33,77.38,-0.80%,"9,188"
BBBEU,-1.45%,-6.21%,-3.69%,-1.98%,1.76%,6.24%,47.00%,29.63%,-,0.85%,0.82%,266.64K,1.72,74.59,-1.26%,"458,873"
