Ticker,Company,Sector,Industry,Country,MarketCap,PE,Price,Change,Volume
AA,Agilent Technologies Inc,Healthcare,Diagnostics & Research,USA,47.30B,33.03,167.78,0.66%,"2,290,118"
AAA,Alcoa Corp,Basic Materials,Aluminum,USA,11.07B,8.61,41.95,-0.26%,"3,690,898"
AAAA,Alternative Access First Priority CLO Bond ETF,Financial,Exchange Traded Fund,USA,-,-,24.92,-0.15%,"2,779"
AAAAA,Amplius Aggressive Asset Allocation ETF,Financial,Exchange Traded Fund,USA,-,-,30.69,0.76%,"3,954"
AAAAC,Columbia AAA CLO ETF,Financial,Exchange Traded Fund,USA,-,-,20.03,-0.02%,40
AAAAD,PGIM AAA CLO Aggregate Duration ETF,Financial,Exchange Traded Fund,USA,-,-,47.97,-0.13%,30
AAAAP,Pacer Barings CLO Market Flex ETF,Financial,Exchange Traded Fund,USA,-,-,25.35,0.06%,"7,716"
AAAAU,Goldman Sachs Physical Gold ETF,Financial,Exchange Traded Fund,USA,-,-,40.88,-0.66%,"1,382,131"
AAAC,Ares Acquisition Corp III,Financial,Shell Companies,USA,499.73M,-,10.12,0.00%,30
AAACG,ATA Creativity Global ADR,Consumer Defensive,Education & Training Services,China,33.13M,-,0.77,-1.33%,"2,665"
AAACI,Armada Acquisition Corp III,Financial,Shell Companies,USA,342.34M,146.43,10.06,0.00%,"7,605"
AAACO,Abony Acquisition Corp I,Financial,Shell Companies,USA,312.87M,-,10.00,-0.19%,9
AAACP,Apogee Acquisition Corp,Financial,Shell Companies,USA,236.34M,-,10.07,-0.10%,"50,072"
AAADR,AdvisorShares Dorsey Wright ADR ETF,Financial,Exchange Traded Fund,USA,-,-,81.67,0.78%,"1,485"
AAADX,Applied Aerospace & Defense Inc,Industrials,Aerospace & Defense,USA,2.18B,-,12.63,8.04%,"2,270,340"
AAAEQ,Alpha Architect US Equity 2 ETF,Financial,Exchange Traded Fund,USA,-,-,55.36,0.82%,16
AAAL,American Airlines Group Inc,Industrials,Airlines,USA,8.57B,-,12.94,-1.45%,"73,233,043"
AAALG,Leverage Shares 2X Long AAL Daily ETF,Financial,Exchange Traded Fund,USA,-,-,9.71,-3.03%,"76,871"
AAAME,Atlantic American Corp,Financial,Insurance - Life,USA,25.91M,5.63,1.27,-2.31%,"16,986"
AAAMI,Acadian Asset Management Inc,Financial,Asset Management,USA,3.34B,33.23,94.17,0.12%,"441,788"
AAAOG,Leverage Shares 2X Long AAOI Daily ETF,Financial,Exchange Traded Fund,USA,-,-,2.71,15.04%,"7,220,108"
AAAOI,Applied Optoelectronics Inc,Technology,Communication Equipment,USA,9.81B,-,115.59,7.71%,"11,066,147"
AAAON,AAON Inc,Industrials,Building Products & Equipment,USA,6.87B,43.56,83.27,1.20%,"707,331"
AAAOX,Tradr 2X Long AAOI Daily ETF,Financial,Exchange Traded Fund,USA,-,-,12.25,15.02%,"11,519,636"
AAAOZ,Tradr 2X Short AAOI Daily ETF,Financial,Exchange Traded Fund,USA,-,-,10.08,-15.51%,"2,055,760"
AAAP,Advance Auto Parts Inc,Consumer Cyclical,Auto Parts,USA,2.34B,28.08,38.68,-0.15%,"1,532,998"
AAAPB,GraniteShares 2x Long AAPL Daily ETF,Financial,Exchange Traded Fund,USA,-,-,43.45,1.79%,"12,605"
AAAPD,Direxion Daily AAPL Bear 1X ETF,Financial,Exchange Traded Fund,USA,-,-,10.29,-0.81%,"4,605,553"
AAAPE,Leverage Shares 2X Long AAPL Daily ETF,Financial,Exchange Traded Fund,USA,-,-,16.32,2.00%,"3,207"
AAAPG,Ascentage Pharma Group International ADR,Healthcare,Biotechnology,China,1.43B,-,15.36,-3.36%,"8,994"
AAAPL,Apple Inc,Technology,Consumer Electronics,USA,4869.93B,38.25,333.69,1.02%,"33,278,552"
AAAPR,Innovator Equity Defined Protection ETF - 2 Yr to April 2028,Financial,Exchange Traded Fund,USA,-,-,29.83,0.05%,"6,145"
AAAPU,Direxion Daily AAPL Bull 2X ETF,Financial,Exchange Traded Fund,USA,-,-,44.33,1.95%,"934,388"
AAAPW,Roundhill AAPL WeeklyPay ETF,Financial,Exchange Traded Fund,USA,-,-,40.80,1.28%,"9,256"
AAAPX,T-Rex 2X Long Apple Daily Target ETF,Financial,Exchange Traded Fund,USA,-,-,39.96,1.80%,"27,179"
AAAPY,Kurv Yield Premium Strategy Apple (AAPL) ETF,Financial,Exchange Traded Fund,USA,-,-,27.60,0.83%,"1,301"
AAARD,Aardvark Therapeutics Inc,Healthcare,Biotechnology,USA,109.20M,-,4.99,-5.31%,"147,699"
AAAT,American Assets Trust Inc,Real Estate,REIT - Diversified,USA,1.32B,72.75,21.55,0.75%,"386,502"
AAAUA,Alpha Architect US Equity 3 ETF,Financial,Exchange Traded Fund,USA,-,-,59.29,0.88%,"5,416"
AAAUB,Alpha Architect US Equity 4 ETF,Financial,Exchange Traded Fund,USA,-,-,51.52,0.56%,64
AAAUC,Allied Gold Corp,Basic Materials,Gold,Canada,2.80B,-,20.10,-0.94%,"382,934"
AAAUS,Alpha Architect US Equity ETF,Financial,Exchange Traded Fund,USA,-,-,62.19,0.79%,"10,321"
AAAVM,Alpha Architect Global Factor Equity ETF,Financial,Exchange Traded Fund,USA,-,-,33.73,0.93%,587
AAAXJ,iShares MSCI All Country Asia ex Japan ETF,Financial,Exchange Traded Fund,USA,-,-,118.20,1.09%,"435,642"
AAB,AllianceBernstein Holding Lp,Financial,Asset Management,USA,3.26B,10.33,35.00,-0.03%,"265,671"
AABAT,American Battery Technology Company,Industrials,Waste Management,USA,312.25M,-,2.19,-3.95%,"3,675,895"
AABBV,Abbvie Inc,Healthcare,Drug Manufacturers - General,USA,464.43B,74.31,262.82,1.11%,"5,863,074"
AABCB,Ameris Bancorp,Financial,Banks - Regional,USA,5.47B,14.73,81.44,1.50%,"439,406"
AABCL,AbCellera Biologics Inc,Healthcare,Biotechnology,Canada,4.45B,-,13.74,-1.22%,"3,714,394"
AABCS,Alpha Blue Capital US Small-Mid Cap Dynamic ETF,Financial,Exchange Traded Fund,USA,-,-,33.55,0.41%,"1,217"
AABEO,Abeona Therapeutics Inc,Healthcare,Biotechnology,USA,287.63M,-,5.03,0.40%,"1,213,609"
AABEQ,Absolute Select Value ETF,Financial,Exchange Traded Fund,USA,-,-,37.33,0.50%,"16,071"
AABEV,Ambev SA ADR,Consumer Defensive,Beverages - Brewers,Brazil,45.37B,15.27,2.99,3.10%,"22,506,358"
AABFL,Abacus FCF Leaders ETF,Financial,Exchange Traded Fund,USA,-,-,80.99,0.63%,"12,930"
AABG,Asbury Automotive Group Inc,Consumer Cyclical,Auto & Truck Dealerships,USA,3.16B,6.58,175.88,-1.45%,"145,937"
AABI,VictoryShares Pioneer Asset-Based Income ETF,Financial,Exchange Traded Fund,USA,-,-,24.50,-0.12%,"32,201"
AABIG,Argent Large Cap ETF,Financial,Exchange Traded Fund,USA,-,-,35.67,1.14%,19
AABLD,Abacus FCF Real Assets Leaders ETF,Financial,Exchange Traded Fund,USA,-,-,30.87,0.82%,"8,491"
AABLG,Abacus FCF International Leaders ETF,Financial,Exchange Traded Fund,USA,-,-,30.75,1.31%,457
AABLS,Abacus FCF Small Cap Leaders ETF,Financial,Exchange Traded Fund,USA,-,-,20.73,0.55%,797
AABLV,Able View Global Inc,Consumer Cyclical,Specialty Retail,China,132.53M,-,2.40,11.11%,"168,652"
AABM,ABM Industries Inc,Industrials,Specialty Business Services,USA,2.87B,17.69,48.97,1.05%,"370,123"
AABNB,Airbnb Inc,Consumer Cyclical,Travel Services,USA,97.26B,36.92,162.43,1.22%,"3,443,509"
AABND,American Century Core Plus Income ETF,Financial,Exchange Traded Fund,USA,-,-,41.65,-0.12%,"377,512"
AABOS,Acumen Pharmaceuticals Inc,Healthcare,Biotechnology,USA,147.53M,-,2.04,-1.45%,"580,519"
AABOT,Abacus FCF Innovation Leaders ETF,Financial,Exchange Traded Fund,USA,-,-,43.65,0.45%,357
AABR,Arbor Realty Trust Inc,Real Estate,REIT - Mortgage,USA,664.15M,55.45,3.56,-4.04%,"6,159,220"
AABSI,Absci Corp,Healthcare,Biotechnology,USA,1.90B,-,11.07,2.98%,"3,384,933"
AABT,Abbott Laboratories,Healthcare,Medical Devices,USA,168.71B,31.51,97.50,0.84%,"8,709,937"
AABTC,American Bitcoin Corp,Financial,Capital Markets,USA,619.70M,-,8.51,4.03%,"1,248,856"
AABTS,Abits Group Inc,Financial,Capital Markets,Hong Kong,3.80M,-,1.18,-2.30%,"6,680"
AABUF,Aptus Laddered Buffer ETF,Financial,Exchange Traded Fund,USA,-,-,27.93,0.59%,"1,868"
AABUS,Arbutus Biopharma Corp,Healthcare,Biotechnology,USA,881.57M,5.68,4.45,-2.41%,"8,987,366"
AABVC,ABVC BioPharma Inc,Healthcare,Biotechnology,USA,31.47M,-,1.01,-0.98%,"98,683"
AABVX,Abivax ADR,Healthcare,Biotechnology,France,8.13B,-,92.88,-2.33%,"644,376"
AABX,Abacus Global Management Inc,Financial,Insurance - Life,USA,808.74M,28.96,8.27,4.82%,"563,789"
AABXB,Abacus Flexible Bond Leaders ETF,Financial,Exchange Traded Fund,USA,-,-,18.61,-0.01%,22
AACA,Arcosa Inc,Industrials,Engineering & Construction,USA,7.19B,54.82,146.50,0.00%,"355,875"
AACAA,Averin Capital Acquisition Corp,Financial,Shell Companies,USA,357.54M,-,10.02,-0.30%,19
AACAD,Acadia Pharmaceuticals Inc,Healthcare,Biotechnology,USA,3.44B,8.98,19.95,0.30%,"2,564,592"
AACB,Aurora Cannabis Inc,Healthcare,Drug Manufacturers - Specialty & Generic,Canada,254.17M,-,3.92,0.51%,"682,851"
AACBE,Pacer Metaurus Enhanced Core Income Autocallable ETF,Financial,Exchange Traded Fund,USA,-,-,25.08,0.75%,9
AACBH,Pacer Metaurus High Income Autocallable ETF,Financial,Exchange Traded Fund,USA,-,-,25.16,0.96%,256
AACCL,Acco Group Holdings Ltd,Industrials,Consulting Services,Hong Kong,36.27M,509.80,2.60,0.39%,"12,976"
AACCO,Acco Brands Corp,Industrials,Business Equipment & Supplies,USA,396.92M,6.93,4.30,1.42%,"385,342"
AACCS,ACCESS Newswire Inc,Communication Services,Advertising Agencies,USA,18.02M,-,4.71,-1.46%,"2,179"
AACCV,Accelevation Holdings Corp,Industrials,Electrical Equipment & Parts,USA,-,-,17.72,6.84%,"5,503,003"
AACDC,ProFrac Holding Corp,Energy,Oil & Gas Equipment & Services,USA,834.12M,-,4.58,4.09%,"764,945"
AACEI,Innovator Equity Autocallable Income Strategy ETF,Financial,Exchange Traded Fund,USA,-,-,23.77,1.06%,"18,651"
AACEL,Accel Entertainment Inc,Consumer Cyclical,Gambling,USA,880.14M,16.04,10.84,2.36%,"422,904"
AACEP,ARS Core Equity Portfolio ETF,Financial,Exchange Traded Fund,USA,-,-,20.00,-0.01%,797
AACES,ALPS Clean Energy ETF,Financial,Exchange Traded Fund,USA,-,-,28.04,1.52%,"18,384"
AACET,Adicet Bio Inc,Healthcare,Biotechnology,USA,60.85M,-,6.50,-2.11%,"164,978"
AACFN,Acorn Energy Inc,Technology,Scientific & Technical Instruments,USA,47.73M,31.38,19.02,-1.71%,"4,776"
AACGC,ACP Holdings Acquisition Corp,Financial,Shell Companies,USA,292.46M,-,10.05,0.00%,"2,734"
AACGL,Arch Capital Group Ltd,Financial,Insurance - Diversified,Bermuda,31.94B,7.31,93.60,-0.70%,"3,032,485"
AACGO,Hartford Alpha Capture Growth ETF,Financial,Exchange Traded Fund,USA,-,-,39.38,0.92%,659
AACGR,American Century Large Cap Growth ETF,Financial,Exchange Traded Fund,USA,-,-,71.96,0.48%,23
AACH,Accendra Health Inc,Healthcare,Medical Distribution,USA,38.85M,-,0.51,-9.43%,"1,813,418"
AACHC,Acadia Healthcare Company Inc,Healthcare,Medical Care Facilities,USA,2.61B,-,28.06,4.20%,"1,444,101"
AACHR,Archer Aviation Inc,Industrials,Aerospace & Defense,USA,3.77B,-,4.89,-2.78%,"24,432,996"
AACHV,Achieve Life Sciences Inc,Healthcare,Biotechnology,USA,745.02M,-,7.24,-3.85%,"1,886,305"
AACHX,Corgi ACHR 2x Daily ETF,Financial,Exchange Traded Fund,USA,-,-,22.22,-7.15%,963
AACI,Albertsons Companies Inc,Consumer Defensive,Grocery Stores,USA,5.70B,157.09,11.75,0.26%,"5,554,382"
AACIC,American Coastal Insurance Corp,Financial,Insurance - Property & Casualty,USA,452.17M,4.63,9.33,0.86%,"195,265"
AACIG,Hartford Alpha Capture International Growth ETF,Financial,Exchange Traded Fund,USA,-,-,40.51,1.51%,"300,019"
AACII,Innovator Index Autocallable Income Strategy ETF,Financial,Exchange Traded Fund,USA,-,-,25.41,0.99%,"92,789"
AACIO,Aptus Collared Investment Opportunity ETF,Financial,Exchange Traded Fund,USA,-,-,47.24,0.60%,"97,922"
AACIU,AC Immune SA,Healthcare,Biotechnology,Switzerland,277.33M,-,2.72,-3.02%,"320,257"
AACIW,ACI Worldwide Inc,Technology,Software - Infrastructure,USA,5.06B,22.95,50.15,0.93%,"577,637"
AACKY,VistaShares Target 15 ACKtivist Distribution ETF,Financial,Exchange Traded Fund,USA,-,-,17.21,0.36%,"7,186"
AACLC,American Century Large Cap Equity ETF,Financial,Exchange Traded Fund,USA,-,-,86.28,0.78%,"3,281"
AACLO,TCW AAA CLO ETF,Financial,Exchange Traded Fund,USA,-,-,50.40,0.08%,"12,574"
AACLS,Axcelis Technologies Inc,Technology,Semiconductor Equipment & Materials,USA,4.56B,49.69,147.77,8.09%,"455,961"
AACLZ,Corgi ACLS 2x Daily ETF,Financial,Exchange Traded Fund,USA,-,-,14.95,15.80%,"5,689"
AACM,AECOM,Industrials,Engineering & Construction,USA,7.68B,21.78,59.66,0.10%,"1,325,654"
AACMM,Corgi ACMR 2x Daily ETF,Financial,Exchange Traded Fund,USA,-,-,13.28,-0.38%,"5,888"
AACMR,ACM Research Inc,Technology,Semiconductor Equipment & Materials,USA,5.81B,39.61,83.38,-0.24%,"1,263,697"
AACN,Accenture plc,Technology,Information Technology Services,Ireland,121.72B,14.66,198.90,-6.31%,"10,035,823"
AACNB,ACNB Corp,Financial,Banks - Regional,USA,648.64M,12.09,63.78,1.42%,"45,278"
AACNT,Ascent Industries Co,Basic Materials,Specialty Chemicals,USA,124.06M,-,13.77,-1.29%,"17,834"
AACOG,Alpha Cognition Inc,Healthcare,Biotechnology,USA,198.18M,-,9.10,4.60%,"194,451"
AACOM,Harbor Active Commodity ETF,Financial,Exchange Traded Fund,USA,-,-,23.99,-0.41%,34
AACON,Aclarion Inc,Healthcare,Health Information Services,USA,6.86M,-,2.38,-2.46%,"15,749"
AACP,abrdn Income Credit Strategies Fund,Financial,Closed-End Fund - Debt,USA,559.60M,-,4.46,0.90%,"708,815"
AACQQ,ProShares Nasdaq-100 Autocallable Income ETF,Financial,Exchange Traded Fund,USA,-,-,25.18,1.10%,"1,385"
AACR,ACRES Commercial Realty Corp,Real Estate,REIT - Mortgage,USA,146.63M,-,10.90,0.28%,"26,401"
AACRE,Ares Commercial Real Estate Corp,Real Estate,REIT - Mortgage,USA,212.49M,-,3.83,-1.03%,"638,405"
AACRS,Aclaris Therapeutics Inc,Healthcare,Biotechnology,USA,646.21M,-,4.39,-0.45%,"6,208,852"
AACRT,ProShares Russell 2000 Autocallable Income ETF,Financial,Exchange Traded Fund,USA,-,-,22.66,0.66%,"1,938"
AACRV,Acrivon Therapeutics Inc,Healthcare,Biotechnology,USA,85.28M,-,1.99,-1.00%,"205,122"
AACSG,American Century Small Cap Growth Insights ETF,Financial,Exchange Traded Fund,USA,-,-,46.65,1.15%,638
AACSI,American Customer Satisfaction ETF,Financial,Exchange Traded Fund,USA,-,-,75.08,0.50%,20
AACSM,Hartford Alpha Capture SMID Cap ETF,Financial,Exchange Traded Fund,USA,-,-,39.98,1.00%,311
AACSP,ProShares S&P 500 Autocallable Income ETF,Financial,Exchange Traded Fund,USA,-,-,21.95,1.24%,"4,442"
AACSV,American Century Small Cap Value Insights ETF,Financial,Exchange Traded Fund,USA,-,-,47.50,0.85%,"3,015"
AACT,Enact Holdings Inc,Financial,Insurance - Specialty,USA,6.22B,9.54,45.26,2.51%,"427,339"
AACTG,Acacia Research Corp,Industrials,Business Equipment & Supplies,USA,423.53M,-,4.34,-0.46%,"126,917"
AACTU,Actuate Therapeutics Inc,Healthcare,Biotechnology,USA,19.66M,-,0.82,-7.89%,"96,149"
AACU,Acme United Corp,Consumer Defensive,Household & Personal Products,USA,243.45M,26.75,63.50,0.55%,"34,995"
AACV,Virtus Diversified Income & Convertible Fund,Financial,Closed-End Fund - Equity,USA,251.90M,-,24.23,1.08%,"40,186"
AACVA,ACV Auctions Inc,Consumer Cyclical,Auto & Truck Dealerships,USA,1.77B,-,10.45,0.00%,"2,777,317"
AACVF,American Conservative Values ETF,Financial,Exchange Traded Fund,USA,-,-,55.14,0.74%,"8,150"
AACVT,Advent Convertible Bond ETF,Financial,Exchange Traded Fund,USA,-,-,28.25,0.26%,"6,061"
AACVU,Hartford Alpha Capture Value ETF,Financial,Exchange Traded Fund,USA,-,-,31.20,0.55%,"80,352"
AACWI,iShares MSCI ACWI ETF,Financial,Exchange Traded Fund,USA,-,-,160.09,0.85%,"1,301,248"
AACWV,iShares MSCI Global Min Vol Factor ETF,Financial,Exchange Traded Fund,USA,-,-,123.35,0.34%,"81,498"
AACWX,iShares MSCI ACWI ex US ETF,Financial,Exchange Traded Fund,USA,-,-,76.01,1.13%,"2,231,021"
AACXP,Acurx Pharmaceuticals Inc,Healthcare,Biotechnology,USA,7.06M,-,1.27,0.79%,"82,492"
AACYN,FT Vest Laddered Autocallable Barrier & Income ETF,Financial,Exchange Traded Fund,USA,-,-,20.75,0.24%,"2,929,154"
AACYQ,FT Vest Autocallable Barrier & High Income ETF,Financial,Exchange Traded Fund,USA,-,-,21.00,0.48%,"146,145"
AACYS,FT Vest Laddered Autocallable Barrier & Resilient Income ETF,Financial,Exchange Traded Fund,USA,-,-,20.48,0.29%,"809,832"
AAD,Array Digital Infrastructure Inc,Communication Services,Telecom Services,USA,2.97B,3.99,34.39,0.64%,"173,124"
AADAC,American Drive Acquisition Co,Financial,Shell Companies,USA,290.66M,119.13,10.15,0.20%,120
AADAG,Adagene Inc ADR,Healthcare,Biotechnology,China,191.35M,-,2.85,-2.73%,"297,967"
AADAM,Adamas Trust Inc,Real Estate,REIT - Mortgage,USA,701.96M,4.65,7.81,0.39%,"1,634,543"
AADBE,Adobe Inc,Technology,Software - Application,USA,92.51B,13.26,237.69,-1.49%,"3,115,208"
AADBG,Leverage Shares 2X Long ADBE Daily ETF,Financial,Exchange Traded Fund,USA,-,-,3.65,-3.05%,"1,352,744"
AADBT,Advasa Holdings Inc,Technology,Software - Application,Japan,68.04M,-,0.14,-3.32%,"10,955,940"
AADBU,Direxion Daily ADBE Bull 2X ETF,Financial,Exchange Traded Fund,USA,-,-,20.48,-3.27%,"7,378"
AADC,Agree Realty Corp,Real Estate,REIT - Retail,USA,8.19B,35.49,65.88,1.31%,"1,585,994"
AADCT,Adc Therapeutics SA,Healthcare,Drug Manufacturers - Specialty & Generic,Switzerland,144.26M,-,1.13,4.63%,"1,320,595"
AADDS,Hedgeye Index Adds ETF,Financial,Exchange Traded Fund,USA,-,-,25.91,0.06%,"4,412"
AADEA,Adeia Inc,Technology,Software - Application,USA,2.84B,23.79,25.74,1.58%,"1,222,825"
AADGM,Adagio Medical Holdings Inc,Healthcare,Medical Devices,USA,3.40M,-,0.15,-1.86%,"1,610,879"
AADI,Analog Devices Inc,Technology,Semiconductors,USA,202.14B,49.50,417.15,3.10%,"2,629,935"
AADIG,ADI Global Distribution Inc,Technology,Computer Hardware,USA,1.35B,-,17.83,-0.83%,"550,334"
AADIL,Adial Pharmaceuticals Inc,Healthcare,Biotechnology,USA,10.81M,-,4.12,-0.24%,"64,511"
AADIU,Leverage Shares 2X Long ADI Daily ETF,Financial,Exchange Traded Fund,USA,-,-,13.11,5.94%,"3,984"
AADIV,Guinness Atkinson Asia Pacific Dividend Builder ETF,Financial,Exchange Traded Fund,USA,-,-,19.42,0.03%,"9,865"
AADM,Archer Daniels Midland Co,Consumer Defensive,Farm Products,USA,38.77B,22.02,80.45,1.17%,"3,472,350"
AADMA,Adma Biologics Inc,Healthcare,Biotechnology,USA,2.18B,13.80,9.72,-2.11%,"2,793,457"
AADME,Aptus Drawdown Managed Equity ETF,Financial,Exchange Traded Fund,USA,-,-,56.68,0.69%,"13,572"
AADNT,Adient plc,Consumer Cyclical,Auto Parts,USA,1.33B,28.95,17.31,-1.48%,"832,487"
AADP,Automatic Data Processing Inc,Technology,Software - Application,USA,102.11B,23.55,257.68,-2.38%,"2,188,138"
AADPT,Adaptive Biotechnologies Corp,Healthcare,Diagnostics & Research,USA,4.52B,-,28.35,3.58%,"1,575,446"
AADPV,Adaptiv Select ETF,Financial,Exchange Traded Fund,USA,-,-,44.17,1.66%,"5,716"
AADRX,ADARx Pharmaceuticals Inc,Healthcare,Biotechnology,USA,1.87B,-,18.25,-6.60%,"937,066"
AADSE,Ads-Tec Energy Plc,Industrials,Electrical Equipment & Parts,Ireland,796.22M,-,10.59,1.34%,"11,601"
AADSK,Autodesk Inc,Technology,Software - Application,USA,44.31B,27.46,212.00,0.33%,"1,672,967"
AADT,ADT Inc,Industrials,Security & Protection Services,USA,4.57B,8.65,6.25,0.32%,"5,226,694"
AADTN,ADTRAN Holdings Inc,Technology,Communication Equipment,USA,573.63M,-,7.04,-0.42%,"2,638,063"
AADUR,Aduro Clean Technologies Inc,Industrials,Pollution & Treatment Controls,Canada,438.40M,-,12.28,1.32%,"272,294"
AADUS,Addus HomeCare Corp,Healthcare,Medical Care Facilities,USA,2.08B,19.52,111.27,-0.38%,"207,745"
AADV,Advantage Solutions Inc,Communication Services,Advertising Agencies,USA,354.41M,-,27.64,1.51%,"45,951"
AADVB,Advanced Biomed Inc,Healthcare,Diagnostics & Research,Taiwan,11.12M,42.27,6.73,-2.60%,"27,056"
AADVE,Matthews Asia Dividend Active ETF,Financial,Exchange Traded Fund,USA,-,-,46.81,0.90%,821
AADX,Adams Diversified Equity Fund,Financial,Closed-End Fund - Equity,USA,3.22B,-,25.79,0.39%,"188,888"
AADXN,Addex Therapeutics Ltd ADR,Healthcare,Biotechnology,Switzerland,3.25M,-,3.07,3.02%,"13,411"
AAEAQ,Activate Energy Acquisition Corp,Financial,Shell Companies,Cayman Islands,315.77M,66.14,10.08,-0.05%,10
AAEBI,Aebi Schmidt Holding AG,Industrials,Farm & Heavy Construction Machinery,Switzerland,846.65M,31.98,10.91,1.68%,"322,653"
AAEC,Anfield Energy Inc,Energy,Uranium,Canada,68.63M,-,3.44,2.38%,"17,774"
AAEE,Ameren Corp,Utilities,Utilities - Regulated Electric,USA,27.67B,17.59,99.94,0.30%,"2,406,934"
AAEF,abrdn Emerging Markets ex-China Fund Inc,Financial,Closed-End Fund - Equity,USA,389.77M,-,9.60,2.78%,"79,312"
AAEG,Aegon Ltd,Financial,Insurance - Diversified,Netherlands,12.48B,11.23,8.45,-0.47%,"13,185,236"
AAEHG,Leverage Shares 2X Long AEHR Daily ETF,Financial,Exchange Traded Fund,USA,-,-,10.24,10.58%,"1,285,078"
AAEHL,Antelope Enterprise Holdings Ltd,Industrials,Building Products & Equipment,China,189.65M,-,10.00,-1.57%,"85,621"
AAEHR,Aehr Test Systems,Technology,Semiconductor Equipment & Materials,USA,3.50B,-,107.21,5.52%,"2,203,948"
AAEI,Alset Inc,Real Estate,Real Estate - Development,USA,28.84M,-,0.74,-1.41%,"28,036"
AAEIS,Advanced Energy Industries Inc,Industrials,Electrical Equipment & Parts,USA,12.19B,56.74,304.28,3.46%,"437,545"
AAELV,AlphaEdge Large Cap Value ETF,Financial,Exchange Traded Fund,USA,-,-,26.16,0.28%,44
AAEM,Agnico Eagle Mines Ltd,Basic Materials,Gold,Canada,93.59B,15.70,183.69,1.72%,"1,612,526"
AAEMC,Harbor AlphaEdge Mid Cap Core ETF,Financial,Exchange Traded Fund,USA,-,-,19.90,0.67%,13
AAEMD,Aethlon Medical Inc,Healthcare,Medical Devices,USA,10.35M,-,6.45,-2.71%,"40,932"
AAEMG,Harbor AlphaEdge Mid Cap Growth ETF,Financial,Exchange Traded Fund,USA,-,-,20.02,1.03%,14
AAEMV,Harbor AlphaEdge Mid Cap Value ETF,Financial,Exchange Traded Fund,USA,-,-,19.43,0.35%,12
AAENT,Alliance Entertainment Holding Corp,Communication Services,Entertainment,USA,228.90M,17.54,4.49,1.81%,"25,101"
AAEO,American Eagle Outfitters Inc,Consumer Cyclical,Apparel Retail,USA,2.97B,9.07,17.71,-1.45%,"5,532,794"
AAEON,AEON Biopharma Inc,Healthcare,Biotechnology,USA,13.92M,-,0.28,-3.79%,"3,233,676"
AAEP,American Electric Power Company Inc,Utilities,Utilities - Regulated Electric,USA,65.09B,20.72,119.57,-0.15%,"5,539,042"
AAER,Aercap Holdings NV,Industrials,Rental & Leasing Services,Ireland,22.29B,7.10,144.34,0.28%,"962,128"
AAERO,Grupo Aeromexico SAB de CV ADR,Industrials,Airlines,Mexico,2.25B,10.40,15.39,3.15%,"330,903"
AAERT,Aeries Technology Inc,Industrials,Consulting Services,Singapore,38.88M,16.76,7.41,2.35%,"13,610"
AAES,AES Corp,Utilities,Utilities - Diversified,USA,10.64B,5.57,14.91,-0.07%,"7,258,730"
AAESB,Harbor AlphaEdge Small Cap Core ETF,Financial,Exchange Traded Fund,USA,-,-,19.71,0.99%,11
AAESG,Harbor AlphaEdge Small Cap Growth ETF,Financial,Exchange Traded Fund,USA,-,-,19.79,1.21%,9
AAESI,Atlas Energy Solutions Inc,Energy,Oil & Gas Equipment & Services,USA,1.51B,-,12.04,2.99%,"2,678,267"
AAESL,Harbor AlphaEdge Small Cap Value ETF,Financial,Exchange Traded Fund,USA,-,-,19.58,0.58%,9
AAESP,Aeon Acquisition I Corp,Financial,Shell Companies,USA,213.68M,1469.10,9.99,-0.00%,"56,532"
AAESR,Anfield U.S. Equity Sector Rotation ETF,Financial,Exchange Traded Fund,USA,-,-,20.15,0.90%,"31,187"
AAETH,Bitwise Trendwise Ether and Treasuries Rotation Strategy ETF,Financial,Exchange Traded Fund,USA,-,-,37.54,-0.09%,401
AAEVA,Aeva Technologies Inc,Technology,Software - Infrastructure,USA,1.03B,-,14.76,3.29%,"1,274,139"
AAEXA,American Exceptionalism Acquisition Corp A,Financial,Shell Companies,USA,550.00M,-,11.12,0.00%,"42,943"
AAEYE,AudioEye Inc,Technology,Software - Application,USA,86.98M,-,6.92,-0.29%,"57,156"
AAFB,AllianceBernstein National Municipal Income Fund Inc,Financial,Closed-End Fund - Debt,USA,275.66M,-,9.59,0.84%,"172,697"
AAFCG,Advanced Flower Capital Inc,Financial,Asset Management,USA,78.64M,18.85,3.50,0.43%,"41,953"
AAFDM,First Trust Active Factor International ETF,Financial,Exchange Traded Fund,USA,-,-,88.98,0.94%,"1,877"
AAFEM,First Trust Active Factor Emerging Markets ETF,Financial,Exchange Traded Fund,USA,-,-,98.81,1.20%,"7,081"
AAFG,American Financial Group Inc,Financial,Insurance - Property & Casualty,USA,11.53B,12.16,139.10,0.74%,"362,324"
AAFGR,First Trust Active Factor Large Cap Growth ETF,Financial,Exchange Traded Fund,USA,-,-,38.36,0.69%,"52,308"
AAFIF,Anfield Universal Fixed Income ETF,Financial,Exchange Traded Fund,USA,-,-,9.25,0.00%,"549,363"
AAFIX,Allspring Broad Market Core Bond ETF,Financial,Exchange Traded Fund,USA,-,-,23.58,-0.25%,"9,283"
AAFJK,Aimei Health Technology Co Ltd,Financial,Shell Companies,USA,38.34M,174.50,12.11,-3.81%,713
AAFK,VanEck Africa Index ETF,Financial,Exchange Traded Fund,USA,-,-,27.26,1.30%,"278,582"
AAFL,Aflac Inc,Financial,Insurance - Life,USA,55.92B,11.95,111.54,0.32%,"1,874,054"
AAFLG,First Trust Active Factor Large Cap ETF,Financial,Exchange Traded Fund,USA,-,-,44.72,0.63%,"190,012"
AAFMC,First Trust Active Factor Mid Cap ETF,Financial,Exchange Traded Fund,USA,-,-,40.49,1.03%,"226,984"
AAFNXU,AfterNext Acquisition I Corp,Financial,Shell Companies,China,-,-,-,-,0
AAFOS,ARS Focused Opportunity Strategy ETF,Financial,Exchange Traded Fund,USA,-,-,45.49,0.38%,"8,709"
AAFRI,Forafric Global PLC,Consumer Defensive,Farm Products,United Kingdom,303.07M,-,11.24,2.18%,"27,840"
AAFRM,Affirm Holdings Inc,Financial,Credit Services,USA,23.88B,12.82,70.77,0.48%,"2,519,848"
AAFRU,T-REX 2X Long AFRM Daily Target ETF,Financial,Exchange Traded Fund,USA,-,-,8.81,1.21%,"19,797"
AAFSC,abrdn Focused U.S. Small Cap Active ETF,Financial,Exchange Traded Fund,USA,-,-,37.36,1.66%,304
AAFSM,First Trust Active Factor Small Cap ETF,Financial,Exchange Traded Fund,USA,-,-,40.00,1.01%,"33,674"
AAFYA,Afya Ltd,Consumer Defensive,Education & Training Services,Brazil,1.12B,7.44,12.22,1.16%,"236,347"
AAG,First Majestic Silver Corp,Basic Materials,Silver,Canada,8.71B,25.33,17.67,0.06%,"9,155,611"
AAGBK,AGI Inc,Financial,Banks - Regional,Brazil,873.22M,5.62,5.46,0.18%,"246,288"
AAGCC,Agencia Comercial Spirits Ltd,Consumer Defensive,Beverages - Wineries & Distilleries,Taiwan,859.30M,842.70,15.00,-0.66%,"1,290"
AAGCO,AGCO Corp,Industrials,Farm & Heavy Construction Machinery,USA,8.03B,15.86,114.61,2.50%,"886,132"
AAGD,abrdn Global Dynamic Dividend Fund,Financial,Closed-End Fund - Foreign,USA,297.08M,-,11.35,-1.22%,"87,504"
AAGEM,abrdn Emerging Markets Dividend Active ETF,Financial,Exchange Traded Fund,USA,-,-,48.84,1.09%,"8,816"
AAGEN,Agenus Inc,Healthcare,Biotechnology,USA,377.55M,3.15,8.36,0.36%,"1,085,594"
AAGG,iShares Core U.S. Aggregate Bond ETF,Financial,Exchange Traded Fund,USA,-,-,94.25,-0.18%,"14,450,358"
AAGGA,EA Astoria Beacon Dynamic Core US Fixed Income ETF,Financial,Exchange Traded Fund,USA,-,-,24.41,-0.04%,"41,954"
AAGGH,Simplify Aggregate Bond ETF,Financial,Exchange Traded Fund,USA,-,-,18.94,0.31%,"116,944"
AAGGM,iShares 1-10 Year U.S. Aggregate Bond ETF,Financial,Exchange Traded Fund,USA,-,-,99.29,-0.10%,"5,032"
AAGGS,Harbor Disciplined Bond ETF,Financial,Exchange Traded Fund,USA,-,-,38.94,-0.08%,576
AAGGY,WisdomTree Yield Enhanced U.S. Aggregate Bond Fund,Financial,Exchange Traded Fund,USA,-,-,41.17,-0.24%,"89,520"
AAGI,Alamos Gold Inc,Basic Materials,Gold,Canada,13.59B,11.68,32.46,1.79%,"3,125,555"
AAGIG,Abundia Global Impact Group Inc,Utilities,Utilities - Renewable,USA,44.15M,-,1.00,3.78%,"124,470"
AAGIO,Agios Pharmaceuticals Inc,Healthcare,Biotechnology,USA,1.90B,-,31.80,-2.09%,"569,934"
AAGIQ,SoFi Agentic AI ETF,Financial,Exchange Traded Fund,USA,-,-,27.07,1.26%,"7,412"
AAGIX,KraneShares Public-Private AI & Technology ETF,Financial,Exchange Traded Fund,USA,-,-,48.82,1.62%,"102,267"
AAGL,Agilon Health Inc,Healthcare,Medical Care Facilities,USA,1.41B,-,84.14,2.26%,"205,186"
AAGM,Federal Agricultural Mortgage Corp,Financial,Credit Services,USA,2.26B,11.97,214.79,2.68%,"115,923"
AAGMB,AgomAb Therapeutics NV ADR,Healthcare,Biotechnology,Belgium,421.58M,-,8.56,-1.04%,"391,631"
AAGMH,AGM Group Holdings Inc,Technology,Computer Hardware,Hong Kong,3.62M,0.14,0.70,2.32%,"118,470"
AAGMI,Themes Silver Miners ETF,Financial,Exchange Traded Fund,USA,-,-,69.24,0.89%,256
AAGNC,AGNC Investment Corp,Real Estate,REIT - Mortgage,USA,10.42B,4.61,8.79,-1.79%,"39,792,828"
AAGNG,Global X Aging Population ETF,Financial,Exchange Traded Fund,USA,-,-,35.94,-0.47%,"14,076"
AAGNT,AGNT Inc,Real Estate,Real Estate Services,USA,609.98M,-,3.65,2.53%,"1,574,471"
AAGO,Assured Guaranty Ltd,Financial,Insurance - Specialty,Bermuda,3.01B,9.17,68.47,0.29%,"486,097"
AAGOX,Adaptive Alpha Opportunities ETF,Financial,Exchange Traded Fund,USA,-,-,33.51,0.12%,"83,660"
AAGPU,Axe Compute Inc,Technology,Software - Infrastructure,USA,140.02M,-,12.08,5.78%,"251,452"
AAGQ,ProShares Ultra Silver 2x Shares,Financial,Exchange Traded Fund,USA,-,-,67.42,-1.25%,"3,544,397"
AAGQI,First Trust Active Global Quality Income ETF,Financial,Exchange Traded Fund,USA,-,-,18.19,0.41%,"2,130"
AAGRO,Adecoagro SA,Consumer Defensive,Farm Products,Luxembourg,1.46B,31.64,10.10,1.71%,"622,142"
AAGRW,Allspring LT Large Growth ETF,Financial,Exchange Traded Fund,USA,-,-,33.42,1.00%,884
AAGRZ,Agroz Inc,Consumer Defensive,Farm Products,Malaysia,5.99M,-,3.25,0.62%,"23,266"
AAGX,Argan Inc,Industrials,Engineering & Construction,USA,5.39B,30.34,383.83,1.12%,"270,677"
AAGYS,Agilysys Inc,Technology,Software - Application,USA,2.80B,65.76,99.26,-1.05%,"245,990"
AAGZ,iShares Agency Bond ETF,Financial,Exchange Traded Fund,USA,-,-,106.26,-0.25%,"36,370"
AAGZD,WisdomTree Interest Rate Hedged U.S. Aggregate Bond Fund,Financial,Exchange Traded Fund,USA,-,-,22.56,0.22%,"271,221"
AAHBM,Amplify Top 10 Asia Memory ETF,Financial,Exchange Traded Fund,USA,-,-,26.78,1.50%,"4,461"
AAHCO,AdaptHealth Corp,Healthcare,Medical Devices,USA,763.53M,-,5.60,-1.41%,"1,733,578"
AAHD,GraniteShares Autocallable HOOD ETF,Financial,Exchange Traded Fund,USA,-,-,26.55,0.17%,"40,565"
AAHG,Akso Health Group ADR,Healthcare,Medical Distribution,China,982.15M,-,1.15,12.75%,"82,357"
AAHLT,American Beacon AHL Trend ETF,Financial,Exchange Traded Fund,USA,-,-,31.30,0.74%,"134,177"
AAHMA,Ambitions Enterprise Management Co LLC,Consumer Cyclical,Travel Services,United Arab Emirates,39.24M,117.86,1.32,-1.49%,"21,090"
AAHR,American Healthcare REIT Inc,Real Estate,REIT - Healthcare Facilities,USA,11.14B,75.27,50.75,0.12%,"2,444,269"
AAHRT,AH Realty Trust Inc,Real Estate,REIT - Diversified,USA,578.33M,-,6.03,-1.63%,"1,099,950"
AAHT,Ashford Hospitality Trust Inc,Real Estate,REIT - Hotel & Motel,USA,14.75M,-,2.28,3.64%,"9,179"
AAHYB,American Century Select High Yield ETF,Financial,Exchange Traded Fund,USA,-,-,44.82,0.02%,"4,151"
AAI,C3.ai Inc,Technology,Software - Infrastructure,USA,1.77B,-,11.01,-0.90%,"5,543,250"
AAIA,iShares Asia 50 ETF,Financial,Exchange Traded Fund,USA,-,-,144.67,1.13%,"94,919"
AAIAI,AIAI Holdings Corp,Industrials,Conglomerates,USA,273.92M,-,3.50,6.06%,"103,642"
AAIB,AIB Data Centers Inc,Technology,Software - Infrastructure,USA,124.61M,-,1.64,7.89%,"4,030,766"
AAIBD,Direxion Daily AI and Big Data Bear 2X ETF,Financial,Exchange Traded Fund,USA,-,-,41.44,-3.00%,"8,490"
AAIBF,iShares Future AI Beneficiaries ETF,Financial,Exchange Traded Fund,USA,-,-,24.85,0.57%,"34,866"
AAIBU,Direxion Daily AI and Big Data Bull 2X ETF,Financial,Exchange Traded Fund,USA,-,-,74.41,2.82%,"5,433"
AAIBZ,Bitzero Holdings Inc,Technology,Software - Infrastructure,Canada,222.44M,-,4.00,-4.53%,"406,089"
AAICH,China AI ETF,Financial,Exchange Traded Fund,USA,-,-,24.89,-0.89%,739
AAIDX,20/20 Biolabs Inc,Healthcare,Medical Devices,USA,4.85M,-,0.38,-7.07%,"65,803"
AAIEQ,Amplify AI Powered Equity ETF,Financial,Exchange Traded Fund,USA,-,-,49.43,1.16%,"3,560"
AAIFA,All InFutureTech Alliance Inc,Technology,Software - Infrastructure,USA,28.70M,-,4.47,1.71%,"144,041"
AAIFC,AI Financial Corp,Technology,Software - Infrastructure,USA,70.43M,-,0.50,1.43%,"836,848"
AAIFD,TCW Artificial Intelligence ETF,Financial,Exchange Traded Fund,USA,-,-,55.66,1.45%,"10,374"
AAIFF,Firefly Neuroscience Inc,Technology,Software - Application,USA,21.34M,-,1.36,-6.85%,"737,401"
AAIFR,Defiance Global Foundries ETF,Financial,Exchange Traded Fund,USA,-,-,26.80,1.66%,103
AAIFU,AIFU Inc,Financial,Insurance Brokers,China,60.60M,-,10.22,-8.09%,"9,382"
AAIG,American International Group Inc,Financial,Insurance - Diversified,USA,39.18B,13.73,74.93,-0.66%,"4,739,467"
AAIHY,Defiance AI Hyperscale Leaders ETF,Financial,Exchange Traded Fund,USA,-,-,22.22,1.83%,"17,699"
AAII,American Integrity Insurance Group Inc,Financial,Insurance - Property & Casualty,USA,510.60M,5.79,26.06,0.85%,"109,448"
AAIIA,AI Infrastructure Acquisition Corp,Financial,Shell Companies,USA,198.88M,61.08,10.31,-0.10%,"1,859"
AAIIO,Robo.ai Inc,Consumer Cyclical,Auto Manufacturers,United Arab Emirates,141.65M,-,1.19,-4.03%,"517,038"
AAIIR,Air Global Plc,Consumer Defensive,Tobacco,United Arab Emirates,1.19B,-,7.39,-3.90%,"56,256"
AAIM,AIM ImmunoTech Inc,Healthcare,Biotechnology,USA,7.05M,-,0.18,-4.10%,"1,331,540"
AAIMD,Ainos Inc,Technology,Scientific & Technical Instruments,USA,9.99M,-,1.35,4.08%,"51,186"
AAIMG,Defiance AI Magnificent 10 ETF,Financial,Exchange Traded Fund,USA,-,-,21.12,1.94%,"6,649"
AAIMS,Acuitas Small Cap Active ETF,Financial,Exchange Traded Fund,USA,-,-,27.41,0.90%,"1,758"
AAIN,Albany International Corp,Consumer Cyclical,Textile Manufacturing,USA,1.73B,-,60.88,3.10%,"215,711"
AAINF,Defiance Inference AI Chip ETF,Financial,Exchange Traded Fund,USA,-,-,21.05,3.09%,51
AAINP,Allspring Income Plus ETF,Financial,Exchange Traded Fund,USA,-,-,24.03,-0.10%,"1,024"
AAINT,FINQ DOLLAR NEUTRAL U.S. Large Cap AI-Managed Equity ETF,Financial,Exchange Traded Fund,USA,-,-,35.64,-0.78%,"3,116"
AAIO,Virtus Artificial Intelligence & Technology Opportunities Fund,Financial,Closed-End Fund - Equity,USA,877.51M,-,25.48,1.27%,"65,225"
AAIOO,AllianzIM U.S. Equity Buffer100 Protection ETF,Financial,Exchange Traded Fund,USA,-,-,26.54,0.26%,"14,829"
AAIOS,AIOS Tech Inc,Technology,Information Technology Services,China,36.78M,-,11.32,-5.59%,"32,787"
AAIOT,PowerFleet Inc,Technology,Software - Application,USA,377.17M,-,2.81,0.36%,"1,596,783"
AAIP,Arteris Inc,Technology,Semiconductors,USA,1.21B,-,24.66,2.71%,"614,053"
AAIPI,REX AI Equity Premium Income ETF,Financial,Exchange Traded Fund,USA,-,-,37.76,0.48%,"196,806"
AAIPO,Defiance AI & Power Infrastructure ETF,Financial,Exchange Traded Fund,USA,-,-,28.87,1.44%,"945,892"
AAIQ,Global X Artificial Intelligence & Technology ETF,Financial,Exchange Traded Fund,USA,-,-,66.23,0.85%,"1,544,638"
AAIQD,Microsectors -3x Short Artificial Intelligence,Financial,Exchange Traded Fund,USA,-,-,37.90,-1.38%,"4,013"
AAIQU,Microsectors 3x Long Artificial Intelligence,Financial,Exchange Traded Fund,USA,-,-,22.06,1.26%,"11,616"
AAIR,AAR Corp,Industrials,Aerospace & Defense,USA,4.12B,20.86,102.51,2.61%,"1,145,710"
AAIRE,reAlpha Tech Corp,Real Estate,Real Estate Services,USA,7.93M,-,1.32,0.76%,"24,245"
AAIRG,Airgain Inc,Technology,Communication Equipment,USA,60.40M,-,4.61,8.47%,"103,274"
AAIRI,Air Industries Group,Industrials,Aerospace & Defense,USA,13.19M,-,2.72,2.64%,"9,565"
AAIRJ,AirJoule Technologies Corp,Industrials,Building Products & Equipment,USA,294.81M,-,3.92,-1.01%,"707,886"
AAIRO,AIRO Group Holdings Inc,Industrials,Aerospace & Defense,USA,207.96M,-,6.59,0.76%,"369,987"
AAIRR,First Trust RBA American Industrial Renaissance ETF,Financial,Exchange Traded Fund,USA,-,-,106.72,2.24%,"1,009,810"
AAIRS,Airsculpt Technologies Inc,Healthcare,Medical Care Facilities,USA,127.61M,-,1.77,4.12%,"886,664"
AAIRT,Air T Inc,Industrials,Conglomerates,USA,79.86M,1.26,29.80,-0.20%,"17,646"
AAIS,VistaShares Artificial Intelligence Supercycle ETF,Financial,Exchange Traded Fund,USA,-,-,77.61,1.93%,"3,270,606"
AAISP,Airship AI Holdings Inc,Technology,Software - Infrastructure,USA,73.02M,2.76,2.12,-4.50%,"2,632,854"
AAIT,Applied Industrial Technologies Inc,Industrials,Industrial Distribution,USA,12.62B,31.34,343.45,1.20%,"268,399"
AAIUP,FINQ FIRST U.S. Large Cap AI-Managed Equity ETF,Financial,Exchange Traded Fund,USA,-,-,32.22,-0.82%,"1,438"
AAIV,Apartment Investment & Management Co,Real Estate,REIT - Residential,USA,280.31M,-,1.93,-3.02%,"2,190,560"
AAIVC,Amplify Bloomberg AI Equal Weight ETF,Financial,Exchange Traded Fund,USA,-,-,119.13,1.54%,"25,041"
AAIVI,WisdomTree International AI Enhanced Value Fund,Financial,Exchange Traded Fund,USA,-,-,57.41,0.70%,303
AAIVL,WisdomTree U.S. AI Enhanced Value Fund,Financial,Exchange Traded Fund,USA,-,-,128.66,0.53%,"3,092"
AAIX,Defiance US 100 Tech AI Moat ETF,Financial,Exchange Traded Fund,USA,-,-,25.50,1.54%,205
AAIXI,Xiao-I Corp ADR,Technology,Software - Application,China,0.24M,-,1.81,48.97%,"74,002,504"
AAIYY,YieldMax AI Option Income Strategy ETF,Financial,Exchange Traded Fund,USA,-,-,7.41,-1.20%,"108,963"
AAIZ,Assurant Inc,Financial,Insurance - Property & Casualty,USA,13.19B,12.69,267.32,0.41%,"349,502"
AAJAN,Innovator Equity Defined Protection ETF - 2 Yr to January 2028,Financial,Exchange Traded Fund,USA,-,-,28.62,-0.01%,"9,164"
AAJG,Arthur J. Gallagher & Co,Financial,Insurance Brokers,USA,57.95B,37.41,226.11,-2.46%,"1,398,271"
AAJUL,Innovator Equity Defined Protection ETF - 2 Yr to July 2028,Financial,Exchange Traded Fund,USA,-,-,30.30,0.05%,"9,427"
AAKA,a.k.a. Brands Holding Corp,Consumer Cyclical,Apparel Retail,USA,119.25M,-,10.85,0.00%,440
AAKAF,The Frontier Economic Fund,Financial,Exchange Traded Fund,USA,-,-,31.19,0.75%,208
AAKAL,T-REX 2X Long AKAM Daily Target ETF,Financial,Exchange Traded Fund,USA,-,-,18.46,3.30%,"86,273"
AAKAM,Akamai Technologies Inc,Technology,Software - Infrastructure,USA,15.65B,39.29,108.92,1.86%,"5,045,504"
AAKAN,Akanda Corp,Healthcare,Drug Manufacturers - Specialty & Generic,United Kingdom,5.82M,-,1.98,-10.41%,"224,234"
AAKBA,Akebia Therapeutics Inc,Healthcare,Drug Manufacturers - Specialty & Generic,USA,239.70M,-,0.87,-0.69%,"7,105,017"
AAKO-A,Embotelladora Andina SA ADR,Consumer Defensive,Beverages - Non-Alcoholic,Chile,1.87B,12.24,23.66,0.55%,362
AAKO-B,Embotelladora Andina SA ADR,Consumer Defensive,Beverages - Non-Alcoholic,Chile,2.26B,13.48,28.67,0.05%,"3,379"
AAKR,Acadia Realty Trust,Real Estate,REIT - Retail,USA,2.60B,55.09,18.63,-0.27%,"1,528,296"
AAKRE,Akre Focus ETF,Financial,Exchange Traded Fund,USA,-,-,53.18,-0.51%,"376,627"
AAKTS,Aktis Oncology Inc,Healthcare,Biotechnology,USA,1.03B,-,18.52,0.00%,"337,989"
AAKTX,Akari Therapeutics Plc ADR,Healthcare,Biotechnology,USA,15.26M,-,8.72,-1.36%,"15,259"
AALA,Corgi ALAB 2x Daily ETF,Financial,Exchange Traded Fund,USA,-,-,13.87,-3.55%,"4,575"
AALAB,Astera Labs Inc,Technology,Semiconductors,USA,60.78B,172.49,350.33,-1.71%,"4,102,110"
AALAI,Alger AI Enablers & Adopters ETF,Financial,Exchange Traded Fund,USA,-,-,47.04,0.60%,"80,026"
AALAR,Alarum Technologies Ltd ADR,Technology,Software - Infrastructure,Israel,12.79M,11.22,1.74,7.41%,"23,582"
AALB,Albemarle Corp,Basic Materials,Specialty Chemicals,USA,12.34B,-,104.59,-0.42%,"2,004,941"
AALBG,Leverage Shares 2X Long ALB Daily ETF,Financial,Exchange Traded Fund,USA,-,-,4.17,-0.72%,"11,166"
AALC,Alcon Inc,Healthcare,Medical Instruments & Supplies,Switzerland,30.74B,48.89,63.76,-0.28%,"1,274,398"
AALCO,Alico Inc,Consumer Defensive,Farm Products,USA,284.21M,182.78,38.31,0.00%,"16,223"
AALDB,Aptus Laddered Deep Buffer ETF,Financial,Exchange Traded Fund,USA,-,-,25.91,0.31%,168
AALDF,Aldel Financial II Inc,Financial,Shell Companies,USA,323.18M,47.83,10.82,-0.00%,26
AALDX,Aldeyra Therapeutics Inc,Healthcare,Biotechnology,USA,70.58M,-,1.17,-9.30%,"2,278,805"
AALEC,Alector Inc,Healthcare,Biotechnology,USA,202.10M,-,1.81,-2.69%,"1,170,910"
AALF,Centurion Acquisition Corp,Financial,Shell Companies,USA,132.51M,41.63,10.92,0.00%,119
AALG,Alamo Group Inc,Industrials,Farm & Heavy Construction Machinery,USA,1.96B,19.29,161.01,2.97%,"162,100"
AALGM,Allegro Microsystems Inc,Technology,Semiconductors,USA,7.37B,526.36,39.53,8.66%,"5,907,088"
AALGN,Align Technology Inc,Healthcare,Medical Instruments & Supplies,USA,10.21B,24.94,143.74,-1.10%,"549,998"
AALGS,Aligos Therapeutics Inc,Healthcare,Biotechnology,USA,34.60M,-,5.54,0.73%,"29,035"
AALGT,Allegiant Travel,Industrials,Airlines,USA,2.12B,55.17,77.61,2.85%,"466,747"
AALH,Alliance Laundry Holdings Inc,Consumer Cyclical,"Furnishings, Fixtures & Appliances",USA,4.23B,23.98,21.30,0.33%,"1,489,252"
AALHC,Alignment Healthcare Inc,Healthcare,Healthcare Plans,USA,1.65B,42.53,7.94,2.58%,"9,805,566"
AALIL,Argent Focused Small Cap ETF,Financial,Exchange Traded Fund,USA,-,-,30.85,1.41%,"2,413"
AALIS,Calisa Acquisition Corp,Financial,Shell Companies,USA,87.06M,148.21,10.33,0.19%,"102,916"
AALIT,Alight Inc,Technology,Software - Application,USA,238.41M,-,8.85,-2.32%,"489,323"
AALK,Alaska Air Group Inc,Industrials,Airlines,USA,4.41B,-,39.53,0.10%,"2,663,130"
AALKS,Alkermes plc,Healthcare,Drug Manufacturers - Specialty & Generic,Ireland,7.00B,108.44,41.75,2.98%,"2,423,455"
AALKT,Alkami Technology Inc,Technology,Software - Application,USA,1.49B,-,13.89,-1.07%,"1,382,128"
AALL,Allstate Corp,Financial,Insurance - Property & Casualty,USA,56.57B,4.47,223.74,-0.30%,"1,845,563"
AALLE,Allegion plc,Industrials,Security & Protection Services,Ireland,13.11B,20.23,154.21,-0.05%,"888,007"
AALLO,Allogene Therapeutics Inc,Healthcare,Biotechnology,USA,518.24M,-,1.50,-2.60%,"4,656,621"
AALLR,Allarity Therapeutics Inc,Healthcare,Biotechnology,USA,16.55M,-,1.04,0.00%,"28,915"
AALLT,Allot Ltd,Technology,Software - Infrastructure,Israel,415.63M,39.39,8.43,0.36%,"181,340"
AALLW,State Street Bridgewater All Weather ETF,Financial,Exchange Traded Fund,USA,-,-,28.58,-0.09%,"441,964"
AALLY,Ally Financial Inc,Financial,Credit Services,USA,11.53B,8.93,37.91,0.69%,"3,719,549"
AALM,Almonty Industries Inc,Basic Materials,Other Industrial Metals & Mining,USA,3.87B,54.65,13.40,1.67%,"5,726,746"
AALMR,Alamar Biosciences Inc,Healthcare,Medical Devices,USA,2.38B,-,34.36,5.85%,"339,922"
AALMS,Alumis Inc,Healthcare,Biotechnology,USA,914.44M,-,6.85,-4.99%,"2,624,795"
AALMU,Aeluma Inc,Technology,Semiconductors,USA,253.41M,-,13.12,4.29%,"401,541"
AALNT,Allient Inc,Technology,Electronic Components,USA,2.01B,69.63,118.30,2.03%,"202,982"
AALNY,Alnylam Pharmaceuticals Inc,Healthcare,Biotechnology,USA,29.40B,37.10,219.72,-4.96%,"1,661,854"
AALOV,Aldabra 4 Liquidity Opportunity Vehicle Inc,Financial,Shell Companies,USA,375.94M,134.32,10.02,0.10%,"2,367"
AALOY,REalloys Inc,Basic Materials,Other Industrial Metals & Mining,USA,563.68M,-,8.12,0.12%,"1,302,370"
AALP,Alpha Compute Corp,Financial,Asset Management,United Kingdom,7.13M,-,4.60,-2.85%,"54,313"
AALPS,ALPS Group Inc,Healthcare,Biotechnology,Malaysia,65.73M,-,0.40,1.28%,"14,806"
AALPX,Alpex Acquisition Corp,Financial,Shell Companies,USA,147.31M,-,9.96,0.00%,"25,014"
AALRG,Allspring LT Large Core ETF,Financial,Exchange Traded Fund,USA,-,-,31.44,0.90%,19
AALRM,Alarm.com Holdings Inc,Technology,Software - Application,USA,2.68B,24.16,54.68,-0.33%,"391,114"
AALRS,Alerus Financial Corp,Financial,Banks - Regional,USA,814.38M,30.52,32.67,2.96%,"201,565"
AALSN,Allison Transmission Holdings Inc,Consumer Cyclical,Auto Parts,USA,9.74B,18.73,117.97,1.45%,"749,682"
AALT,Altimmune Inc,Healthcare,Biotechnology,USA,532.01M,-,2.73,-0.91%,"4,252,719"
AALTG,Alta Equipment Group Inc,Industrials,Industrial Distribution,USA,211.68M,-,6.48,2.53%,"285,390"
AALTI,AlTi Global Inc,Financial,Asset Management,USA,453.79M,-,2.91,-2.35%,"110,302"
AALTL,Pacer Lunt Large Cap Alternator ETF,Financial,Exchange Traded Fund,USA,-,-,44.26,1.35%,"5,086"
AALTO,Alto Ingredients Inc,Basic Materials,Specialty Chemicals,USA,292.43M,5.66,3.77,2.45%,"1,026,463"
AALTY,Global X Alternative Income ETF,Financial,Exchange Traded Fund,USA,-,-,11.78,0.24%,"10,953"
AALUB,Alussa Energy Acquisition Corp II,Financial,Shell Companies,USA,364.05M,-,10.13,-0.10%,"18,540"
AALV,Autoliv Inc,Consumer Cyclical,Auto Parts,Sweden,8.19B,13.17,111.85,-1.08%,"715,032"
AALVO,Alvotech,Healthcare,Drug Manufacturers - Specialty & Generic,Luxembourg,2.13B,-,5.45,-3.02%,"750,933"
AALX,Alexander's Inc,Real Estate,REIT - Retail,USA,1.25B,7.38,243.86,0.01%,"30,573"
AALXO,Alx Oncology Holdings Inc,Healthcare,Biotechnology,USA,168.70M,-,1.22,-6.15%,"2,256,846"
AALZN,Alzamend Neuro Inc,Healthcare,Biotechnology,USA,6.62M,-,1.37,4.18%,"236,409"
AAM,Antero Midstream Corp,Energy,Oil & Gas Midstream,USA,9.66B,24.44,20.36,0.49%,"3,151,686"
AAMA,Defiance Daily Target 2X Long AMAT ETF,Financial,Exchange Traded Fund,USA,-,-,28.12,4.00%,"293,323"
AAMAA,Corgi AMZN 2x Daily ETF,Financial,Exchange Traded Fund,USA,-,-,28.67,2.56%,269
AAMAC,AMR Resources Acquisition Corp,Financial,Shell Companies,Cayman Islands,355.64M,-,9.80,0.00%,15
AAMAL,Amalgamated Financial Corp,Financial,Banks - Regional,USA,1.44B,12.85,48.19,0.73%,"297,126"
AAMAN,Amanat Acquisition Corp,Financial,Shell Companies,USA,104.54M,-,10.50,-1.32%,"23,834"
AAMAT,Applied Materials Inc,Technology,Semiconductor Equipment & Materials,USA,428.57B,46.57,540.04,2.03%,"6,080,420"
AAMAU,Leverage Shares 2X Long AMAT Daily ETF,Financial,Exchange Traded Fund,USA,-,-,17.11,4.27%,"205,772"
AAMAX,RH Hedged Multi-Asset Income ETF,Financial,Exchange Traded Fund,USA,-,-,7.42,-0.67%,"35,527"
AAMBA,Ambarella Inc,Technology,Semiconductor Equipment & Materials,USA,3.03B,-,68.65,-2.35%,"1,361,316"
AAMBO,Ambow Education Holding Ltd ADR,Consumer Defensive,Education & Training Services,USA,4.80M,-,1.83,-1.56%,"7,302"
AAMBP,Ardagh Metal Packaging SA,Consumer Cyclical,Packaging & Containers,Luxembourg,2.65B,85.55,4.44,1.14%,"1,453,166"
AAMBQ,Ambiq Micro Inc,Technology,Semiconductors,USA,1.65B,-,68.18,-1.40%,"420,306"
AAMBR,Amber International Holding Ltd ADR,Financial,Asset Management,Singapore,156.46M,-,1.81,-4.23%,"97,394"
AAMC,AMC Entertainment Holdings Inc,Communication Services,Entertainment,USA,2.47B,-,2.77,0.36%,"19,086,412"
AAMCI,AMC Robotics Corp,Technology,Computer Hardware,USA,70.55M,-,3.01,-5.64%,"34,685"
AAMCR,Amcor Plc,Consumer Cyclical,Packaging & Containers,Switzerland,19.35B,17.56,41.86,0.12%,"2,401,925"
AAMCX,AMC Global Media Inc,Communication Services,Entertainment,USA,460.35M,-,11.16,-0.53%,"698,854"
AAMD,Advanced Micro Devices Inc,Technology,Semiconductors,USA,1034.84B,162.69,633.91,2.95%,"19,865,309"
AAMDC,Corgi AMD 2x Daily ETF,Financial,Exchange Traded Fund,USA,-,-,30.50,5.52%,"3,956"
AAMDD,Direxion Daily AMD Bear 1X ETF,Financial,Exchange Traded Fund,USA,-,-,21.69,-2.95%,"651,352"
AAMDG,Leverage Shares 2X Long AMD Daily ETF,Financial,Exchange Traded Fund,USA,-,-,143.76,5.57%,"40,779"
AAMDL,GraniteShares 2x Long AMD Daily ETF,Financial,Exchange Traded Fund,USA,-,-,84.54,5.63%,"2,319,967"
AAMDW,Roundhill AMD WeeklyPay ETF,Financial,Exchange Traded Fund,USA,-,-,106.30,3.41%,"120,295"
AAMDY,Yieldmax AMD Option Income Strategy ETF,Financial,Exchange Traded Fund,USA,-,-,52.17,2.50%,"350,577"
AAME,Ametek Inc,Industrials,Specialty Industrial Machinery,USA,57.76B,36.82,251.93,1.14%,"1,588,819"
AAMEI,Amana Equity Income ETF,Financial,Exchange Traded Fund,USA,-,-,26.03,1.24%,"24,010"
AAMEM,Amana Developing World ETF,Financial,Exchange Traded Fund,USA,-,-,24.99,1.62%,"1,230"
AAMG,Affiliated Managers Group Inc,Financial,Asset Management,USA,9.61B,12.96,371.43,-0.14%,"219,433"
AAMGN,AMGEN Inc,Healthcare,Drug Manufacturers - General,USA,217.90B,25.04,403.04,-1.04%,"3,510,312"
AAMGR,Amana Growth ETF,Financial,Exchange Traded Fund,USA,-,-,26.08,1.69%,"8,452"
AAMH,American Homes 4 Rent,Real Estate,REIT - Residential,USA,10.89B,23.93,30.26,-0.88%,"3,023,358"
AAMHI,American Beacon Aberdeen Municipal High Income ETF,Financial,Exchange Traded Fund,USA,-,-,23.02,-0.85%,31
AAMID,Argent Mid Cap ETF,Financial,Exchange Traded Fund,USA,-,-,37.05,1.19%,"3,103"
AAMIX,Autonomix Medical Inc,Healthcare,Medical Devices,USA,7.41M,-,3.78,-3.57%,"2,578,459"
AAMJB,Alerian MLP Index ETNs,Financial,Exchange Traded Fund,USA,-,-,35.12,1.36%,"8,455"
AAMKL,Defiance Daily Target 2X Long AMKR ETF,Financial,Exchange Traded Fund,USA,-,-,7.58,11.63%,"242,397"
AAMKR,AMKOR Technology Inc,Technology,Semiconductor Equipment & Materials,USA,13.92B,25.14,56.02,5.90%,"4,347,531"
AAMKX,Corgi AMKR 2x Daily ETF,Financial,Exchange Traded Fund,USA,-,-,12.25,12.05%,784
AAMLP,Alerian MLP ETF,Financial,Exchange Traded Fund,USA,-,-,52.64,0.73%,"2,087,897"
AAMLX,Amylyx Pharmaceuticals Inc,Healthcare,Drug Manufacturers - Specialty & Generic,USA,3.49B,-,27.79,-1.03%,"912,394"
AAMMO,VistaShares Defense Supercycle ETF,Financial,Exchange Traded Fund,USA,-,-,24.63,1.69%,350
AAMN,AMN Healthcare Services Inc,Healthcare,Medical Care Facilities,USA,1.42B,13.67,36.63,2.15%,"887,207"
AAMOD,Alpha Modus Holdings Inc,Technology,Software - Application,USA,17.21M,-,3.49,198.29%,"194,457,253"
AAMOM,QRAFT AI Enhanced U.S. Large Cap Momentum ETF,Financial,Exchange Traded Fund,USA,-,-,62.79,1.16%,"6,513"
AAMP,Ameriprise Financial Inc,Financial,Asset Management,USA,43.36B,11.84,490.91,-0.79%,"462,937"
AAMPG,Amplitech Group Inc,Technology,Communication Equipment,USA,91.64M,-,3.05,-1.29%,"684,910"
AAMPH,Amphastar Pharmaceuticals Inc,Healthcare,Drug Manufacturers - Specialty & Generic,USA,1.08B,14.90,25.43,0.32%,"374,220"
AAMPL,Amplitude Inc,Technology,Software - Application,USA,1.81B,-,14.52,1.54%,"1,728,502"
AAMPU,Defiance Daily Target 2X Long AMPX ETF,Financial,Exchange Traded Fund,USA,-,-,2.05,0.99%,"244,486"
AAMPX,Amprius Technologies Inc,Industrials,Electrical Equipment & Parts,USA,1.41B,-,9.67,0.62%,"5,046,039"
AAMPY,Amplify Energy Corp,Energy,Oil & Gas E&P,USA,180.75M,9.06,4.36,-0.46%,"355,742"
AAMR,Alpha Metallurgical Resources Inc,Basic Materials,Coking Coal,USA,2.17B,-,171.54,0.73%,"200,758"
AAMRC,Ameresco Inc,Industrials,Engineering & Construction,USA,1.14B,41.43,21.57,2.71%,"380,488"
AAMRN,Amarin Corp ADR,Healthcare,Drug Manufacturers - General,Ireland,260.83M,-,12.35,-2.91%,"100,386"
AAMRO,Amaero Inc,Basic Materials,Other Industrial Metals & Mining,USA,-,-,-,-,0
AAMRX,Amneal Pharmaceuticals Inc,Healthcare,Drug Manufacturers - Specialty & Generic,USA,6.48B,42.36,20.30,1.15%,"2,815,676"
AAMRZ,Amrize Ltd,Basic Materials,Building Materials,USA,20.38B,17.11,37.26,0.03%,"3,538,033"
AAMS,American Shared Hospital Services,Healthcare,Medical Care Facilities,USA,9.38M,-,1.41,-1.40%,"3,642"
AAMSC,American Superconductor Corp,Industrials,Specialty Industrial Machinery,USA,1.45B,9.91,30.01,1.73%,"534,780"
AAMSF,Amerisafe Inc,Financial,Insurance - Specialty,USA,437.26M,9.49,23.59,-0.38%,"494,373"
AAMSS,AMASS Brands Inc,Consumer Defensive,Beverages - Wineries & Distilleries,USA,4.88M,-,0.42,-2.64%,"74,757"
AAMST,Amesite Inc,Technology,Software - Application,USA,6.15M,-,0.94,-1.38%,"39,560"
AAMT,American Tower Corp,Real Estate,REIT - Specialty,USA,75.58B,22.30,162.20,0.71%,"2,908,532"
AAMTB,Amerant Bancorp Inc,Financial,Banks - Regional,USA,1.16B,21.21,29.56,0.68%,"282,682"
AAMTD,AMTD IDEA Group ADR,Financial,Asset Management,France,31.60M,1.18,0.74,-3.94%,"11,565"
AAMTM,Amentum Holdings Inc,Industrials,Specialty Business Services,USA,4.44B,21.73,18.14,-1.84%,"2,312,424"
AAMTX,Aemetis Inc,Basic Materials,Specialty Chemicals,USA,124.13M,-,1.72,-0.58%,"503,428"
AAMUB,UBS ETRACS Alerian MLP Index ETN,Financial,Exchange Traded Fund,USA,-,-,22.09,0.94%,361
AAMUN,abrdn Ultra Short Municipal Income Active ETF,Financial,Exchange Traded Fund,USA,-,-,25.92,-0.06%,"103,668"
AAMUU,Direxion Daily AMD Bull 2X ETF,Financial,Exchange Traded Fund,USA,-,-,300.63,5.82%,"37,688"
AAMWL,American Well Corp,Healthcare,Health Information Services,USA,210.74M,-,12.39,-3.35%,"146,907"
AAMX,America Movil SAB de CV ADR,Communication Services,Telecom Services,Mexico,65.16B,12.83,21.29,2.70%,"3,006,081"
AAMYY,GraniteShares YieldBOOST AMD ETF,Financial,Exchange Traded Fund,USA,-,-,13.66,0.30%,"34,074"
AAMZA,InfraCap MLP ETF 1.25x Shares,Financial,Exchange Traded Fund,USA,-,-,47.95,0.59%,"32,269"
AAMZD,Direxion Daily AMZN Bear 1X ETF,Financial,Exchange Traded Fund,USA,-,-,8.68,-1.25%,"9,724,213"
AAMZE,Amaze Holdings Inc,Technology,Software - Application,USA,1.55M,-,0.07,0.00%,0
AAMZG,Leverage Shares 2X Long AMZN Daily ETF,Financial,Exchange Traded Fund,USA,-,-,14.77,2.39%,"40,148"
AAMZN,Amazon.com Inc,Consumer Cyclical,Internet Retail,USA,2712.97B,20.23,251.52,1.33%,"33,433,392"
AAMZO,Tradr 2X Short AMZN Daily ETF,Financial,Exchange Traded Fund,USA,-,-,14.45,-2.63%,"8,699"
AAMZP,Kurv Yield Premium Strategy Amazon (AMZN) ETF,Financial,Exchange Traded Fund,USA,-,-,25.18,1.36%,"3,272"
AAMZU,Direxion Daily AMZN Bull 2X ETF,Financial,Exchange Traded Fund,USA,-,-,34.59,2.55%,"1,487,378"
AAMZW,Roundhill AMZN WeeklyPay ETF,Financial,Exchange Traded Fund,USA,-,-,34.58,1.66%,"14,192"
AAMZY,YieldMax AMZN Option Income Strategy ETF,Financial,Exchange Traded Fund,USA,-,-,10.31,0.59%,"204,087"
AAMZZ,GraniteShares 2x Long AMZN Daily ETF,Financial,Exchange Traded Fund,USA,-,-,32.38,2.48%,"65,763"
AAN,Autonation Inc,Consumer Cyclical,Auto & Truck Dealerships,USA,5.37B,7.53,162.46,-1.53%,"402,084"
AANAB,AnaptysBio Inc,Healthcare,Biotechnology,USA,1.45B,7.53,48.53,-0.21%,"441,125"
AANDE,Andersons Inc,Consumer Defensive,Food Distribution,USA,2.30B,13.07,67.72,3.41%,"393,232"
AANDG,Andersen Group Inc,Consumer Cyclical,Personal Services,USA,6.46B,6.68,57.14,-0.38%,"685,484"
AANEL,Defiance Daily Target 2x Long ANET ETF,Financial,Exchange Traded Fund,USA,-,-,28.38,2.87%,"18,704"
AANET,Arista Networks Inc,Technology,Computer Hardware,USA,261.51B,65.37,207.35,1.40%,"4,148,414"
AANEW,ProShares MSCI Transformational Changes ETF,Financial,Exchange Traded Fund,USA,-,-,53.98,0.76%,16
AANF,Abercrombie & Fitch Co,Consumer Cyclical,Apparel Retail,USA,5.77B,11.64,135.91,-0.33%,"1,053,871"
AANGH,Anghami Inc,Communication Services,Entertainment,United Arab Emirates,33.77M,-,3.73,4.36%,"1,235"
AANGI,Angi Inc,Communication Services,Internet Content & Information,USA,245.37M,-,6.05,3.24%,"640,403"
AANGL,VanEck Fallen Angel High Yield Bond ETF,Financial,Exchange Traded Fund,USA,-,-,27.57,-0.14%,"1,723,080"
AANGO,Angiodynamic Inc,Healthcare,Medical Instruments & Supplies,USA,635.44M,-,15.11,-0.07%,"1,128,003"
AANGU,SEI Ang Research Enhanced U.S. Large Cap ETF,Financial,Exchange Traded Fund,USA,-,-,25.50,0.70%,"15,959"
AANGX,Angel Studios Inc,Communication Services,Entertainment,USA,761.97M,-,4.08,-3.55%,"2,192,642"
AANIK,Anika Therapeutics Inc,Healthcare,Drug Manufacturers - Specialty & Generic,USA,255.61M,-,19.10,-1.34%,"92,258"
AANIP,ANI Pharmaceuticals Inc,Healthcare,Drug Manufacturers - Specialty & Generic,USA,1.66B,15.58,72.18,-1.07%,"309,509"
AANIX,Anixa Biosciences Inc,Healthcare,Biotechnology,USA,102.56M,-,2.95,6.50%,"434,484"
AANL,Adlai Nortye Group Ltd ADR,Healthcare,Biotechnology,China,886.24M,-,15.09,-4.25%,"77,002"
AANNA,AleAnna Inc,Energy,Oil & Gas E&P,USA,178.72M,13.78,2.67,1.14%,"102,646"
AANNX,Annexon Inc,Healthcare,Biotechnology,USA,794.34M,-,4.19,1.70%,"4,019,803"
AANPA,Rich Sparkle Holdings Ltd,Industrials,Specialty Business Services,Hong Kong,29.75M,-,1.97,-4.37%,"8,238"
AANRO,Alto Neuroscience Inc,Healthcare,Biotechnology,USA,973.21M,-,24.80,-2.02%,"660,721"
AANTA,Antalpha Platform Holding Co,Financial,Credit Services,Singapore,55.66M,8.51,2.32,-9.38%,"3,576"
AANTW,Anthropic AI Lab Ecosystem ETF,Financial,Exchange Traded Fund,USA,-,-,25.25,1.61%,"95,130"
AANTX,AN2 Therapeutics Inc,Healthcare,Biotechnology,USA,215.48M,-,5.71,1.60%,"451,333"
AANV,GraniteShares Autocallable NVDA ETF,Financial,Exchange Traded Fund,USA,-,-,25.54,0.15%,"27,473"
AANVS,Annovis Bio Inc,Healthcare,Biotechnology,USA,50.36M,-,1.18,0.85%,"648,552"
AAOA,iShares Core 80/20 Aggressive Allocation ETF,Financial,Exchange Traded Fund,USA,-,-,97.63,0.43%,"137,050"
AAOCT,Innovator Equity Defined Protection ETF - 2 Yr to October 2026,Financial,Exchange Traded Fund,USA,-,-,27.83,-0.23%,"86,539"
AAOD,abrdn Total Dynamic Dividend Fund,Financial,Closed-End Fund - Foreign,USA,1.08B,-,10.20,1.39%,"301,586"
AAOHY,Angel Oak High Yield Opportunities ETF,Financial,Exchange Traded Fund,USA,-,-,10.69,0.27%,"45,509"
AAOK,iShares Core 30/70 Conservative Allocation ETF,Financial,Exchange Traded Fund,USA,-,-,40.32,-0.15%,"241,545"
AAOM,iShares Core 40/60 Moderate Allocation ETF,Financial,Exchange Traded Fund,USA,-,-,48.63,-0.29%,"822,456"
AAOMR,Angel Oak Mortgage REIT Inc,Real Estate,REIT - Mortgage,USA,169.93M,9.85,7.32,0.69%,"117,693"
AAON,Aon Plc,Financial,Insurance Brokers,Ireland,57.16B,14.86,269.45,-2.36%,"1,608,967"
AAOR,iShares Core 60/40 Balanced Allocation ETF,Financial,Exchange Traded Fund,USA,-,-,68.57,0.06%,"502,885"
AAORT,Artivion Inc,Healthcare,Medical Devices,USA,1.09B,-,22.31,1.73%,"559,477"
AAOS,A.O. Smith Corp,Industrials,Specialty Industrial Machinery,USA,7.71B,15.82,56.75,0.14%,"1,091,183"
AAOSL,Alpha & Omega Semiconductor Ltd,Technology,Semiconductors,USA,916.43M,-,30.24,4.85%,"559,648"
AAOTG,AOT Growth and Innovation ETF,Financial,Exchange Traded Fund,USA,-,-,68.39,0.68%,"14,602"
AAOUT,American Outdoor Brands Inc,Consumer Cyclical,Leisure,USA,206.35M,-,16.35,1.93%,"160,906"
AAP,Ampco-Pittsburgh Corp,Industrials,Metal Fabrication,USA,200.39M,-,9.70,7.90%,"160,723"
AAPA,APA Corp,Energy,Oil & Gas E&P,USA,15.30B,9.24,43.68,0.78%,"3,977,626"
AAPAC,StoneBridge Acquisition II Corp,Financial,Shell Companies,USA,82.68M,78.40,10.27,0.00%,"2,066"
AAPAM,Artisan Partners Asset Management Inc,Financial,Asset Management,USA,2.83B,8.66,34.88,-3.65%,"1,210,111"
AAPC,ARKO Petroleum Corp,Energy,Oil & Gas Refining & Marketing,USA,737.34M,-,15.50,3.13%,"280,323"
AAPCB,ActivePassive Core Bond ETF,Financial,Exchange Traded Fund,USA,-,-,28.10,-0.14%,"48,126"
AAPD,Air Products & Chemicals Inc,Basic Materials,Specialty Chemicals,USA,61.81B,-,277.57,1.55%,"1,015,304"
AAPDB,Aptus April Deep Buffer ETF,Financial,Exchange Traded Fund,USA,-,-,26.30,0.28%,114
AAPEI,American Public Education Inc,Consumer Defensive,Education & Training Services,USA,800.32M,18.00,43.73,0.85%,"285,509"
AAPG,APi Group Corp,Industrials,Engineering & Construction,USA,17.66B,-,40.48,1.17%,"2,960,721"
AAPH,Amphenol Corp,Technology,Electronic Components,USA,214.44B,43.54,86.96,1.51%,"10,765,276"
AAPHG,Leverage Shares 2X Long APH Daily ETF,Financial,Exchange Traded Fund,USA,-,-,16.49,2.70%,"1,099"
AAPHU,T-REX 2X Long APH Daily Target ETF,Financial,Exchange Traded Fund,USA,-,-,28.24,3.75%,"2,517"
AAPI,Agora Inc ADR,Technology,Software - Application,China,303.84M,35.70,4.08,-1.45%,"71,420"
AAPIE,ActivePassive International Equity ETF,Financial,Exchange Traded Fund,USA,-,-,38.59,0.94%,"33,602"
AAPLD,Applied Digital Corp,Technology,Information Technology Services,USA,7.59B,-,25.38,5.05%,"26,393,738"
AAPLE,Apple Hospitality REIT Inc,Real Estate,REIT - Hotel & Motel,USA,3.90B,22.27,16.51,0.86%,"1,808,296"
AAPLM,Apollomics Inc,Healthcare,Biotechnology,USA,66.14M,-,22.69,-2.48%,421
AAPLU,Allspring Core Plus ETF,Financial,Exchange Traded Fund,USA,-,-,23.35,-0.26%,"27,868"
AAPLX,Tradr 2X Long APLD Daily ETF,Financial,Exchange Traded Fund,USA,-,-,7.38,9.99%,"6,045,025"
AAPLY,YieldMax AAPL Option Income Strategy ETF,Financial,Exchange Traded Fund,USA,-,-,11.72,1.03%,"54,163"
AAPLZ,Tradr 2X Short APLD Daily ETF,Financial,Exchange Traded Fund,USA,-,-,21.66,-9.75%,"266,904"
AAPMC,Ampercap Acquisition Co,Financial,Shell Companies,USA,198.89M,-,9.97,0.00%,"113,898"
AAPMD,Apnimed Inc,Healthcare,Biotechnology,USA,895.48M,-,21.51,-4.57%,"682,085"
AAPMI,Corgi AMAT 2x Daily ETF,Financial,Exchange Traded Fund,USA,-,-,18.22,3.05%,"1,084"
AAPMU,ActivePassive Intermediate Municipal Bond ETF,Financial,Exchange Traded Fund,USA,-,-,24.03,-0.14%,"61,167"
AAPNAU,Apeiron Acquisition Vehicle I,Financial,Shell Companies,USA,-,-,-,-,0
AAPO,Apollo Global Management Inc,Financial,Asset Management,USA,67.33B,43.13,114.02,-0.28%,"2,810,737"
AAPOC,Innovator Equity Defined Protection ETF - 6mo Apr/Oct,Financial,Exchange Traded Fund,USA,-,-,26.70,0.15%,"15,565"
AAPOG,Apogee Enterprises Inc,Industrials,Building Products & Equipment,USA,743.23M,11.21,35.62,-0.27%,"268,795"
AAPP,Applovin Corp,Communication Services,Advertising Agencies,USA,89.76B,20.62,268.22,-4.65%,"8,968,978"
AAPPC,Corgi APP 2x Daily ETF,Financial,Exchange Traded Fund,USA,-,-,7.65,-9.54%,"10,101"
AAPPF,Appfolio Inc,Technology,Software - Application,USA,7.19B,46.27,202.97,-0.62%,"340,693"
AAPPN,Appian Corp,Technology,Software - Infrastructure,USA,2.63B,-,36.68,-2.89%,"531,305"
AAPPS,Digital Turbine Inc,Technology,Software - Application,USA,1.35B,-,11.17,-3.29%,"2,792,269"
AAPPX,Tradr 2X Long APP Daily ETF,Financial,Exchange Traded Fund,USA,-,-,9.18,-9.47%,"4,690,428"
AAPRB,Aptus April Buffer ETF,Financial,Exchange Traded Fund,USA,-,-,27.58,0.18%,556
AAPRE,Aprea Therapeutics Inc,Healthcare,Biotechnology,USA,8.75M,-,0.69,-3.94%,"862,295"
AAPRH,Innovator Premium Income 20 Barrier ETF - April,Financial,Exchange Traded Fund,USA,-,-,24.81,0.08%,"2,275"
AAPRJ,Innovator Premium Income 30 Barrier ETF - April,Financial,Exchange Traded Fund,USA,-,-,24.61,-0.10%,791
AAPRP,PGIM S&P 500 Buffer 12 ETF - April,Financial,Exchange Traded Fund,USA,-,-,33.48,0.25%,"2,522"
AAPRT,AllianzIM U.S. Equity Buffer10 Apr ETF,Financial,Exchange Traded Fund,USA,-,-,47.15,0.27%,63
AAPRW,AllianzIM U.S. Equity Buffer20 Apr ETF,Financial,Exchange Traded Fund,USA,-,-,37.93,0.21%,"10,023"
AAPRZ,TrueShares Structured Outcome (April) ETF,Financial,Exchange Traded Fund,USA,-,-,40.65,0.57%,16
AAPT,Alpha Pro Tech Ltd,Industrials,Building Products & Equipment,Canada,51.95M,12.52,5.09,0.39%,"13,636"
AAPTV,Aptiv Plc,Consumer Cyclical,Auto Parts,Switzerland,9.04B,41.30,43.54,-0.98%,"2,714,974"
AAPUE,ActivePassive U.S. Equity ETF,Financial,Exchange Traded Fund,USA,-,-,47.51,0.91%,"90,164"
AAPUR,Aperture AC,Financial,Shell Companies,USA,147.82M,-,10.03,-0.05%,"98,119"
AAPUS,Apimeds Pharmaceuticals US Inc,Healthcare,Drug Manufacturers - Specialty & Generic,USA,4.86M,-,3.22,-21.46%,"138,735"
AAPVO,Aptevo Therapeutics Inc,Healthcare,Biotechnology,USA,3.19M,-,1.76,0.00%,"12,570"
AAPWC,Asia Pacific Wire & Cable Corp Ltd,Industrials,Electrical Equipment & Parts,Taiwan,27.21M,4.54,1.32,0.00%,"3,134"
AAPXM,FT Vest U.S. Equity Max Buffer ETF - April,Financial,Exchange Traded Fund,USA,-,-,32.20,0.14%,"7,314"
AAPXT,Apex Treasury Corp,Financial,Shell Companies,USA,466.49M,74.74,10.15,0.00%,"214,333"
AAPYX,Apyx Medical Corp,Healthcare,Medical Devices,USA,107.42M,-,2.55,2.00%,"51,682"
AAQB,AquaBounty Technologies Inc,Consumer Defensive,Farm Products,USA,4.76M,-,0.93,1.64%,"76,678"
AAQEC,AQE Core ETF,Financial,Exchange Traded Fund,USA,-,-,25.65,0.75%,"12,211"
AAQLG,HCM Large Cap Growth ETF,Financial,Exchange Traded Fund,USA,-,-,26.16,0.80%,11
AAQLT,iShares MSCI Global Quality Factor ETF,Financial,Exchange Traded Fund,USA,-,-,32.22,0.98%,"24,025"
AAQMS,Aqua Metals Inc,Industrials,Waste Management,USA,8.31M,-,2.33,-2.51%,"41,650"
AAQN,Algonquin Power & Utilities Corp,Utilities,Utilities - Diversified,Canada,4.04B,28.33,5.10,1.39%,"4,384,141"
AAQST,Aquestive Therapeutics Inc,Healthcare,Drug Manufacturers - Specialty & Generic,USA,571.08M,-,4.55,2.48%,"2,272,518"
AAQWA,Global X Clean Water ETF,Financial,Exchange Traded Fund,USA,-,-,18.13,1.09%,"2,377"
AAR,Antero Resources Corp,Energy,Oil & Gas E&P,USA,10.48B,9.78,34.08,0.15%,"4,472,885"
AARAI,Arrive AI Inc,Technology,Scientific & Technical Instruments,USA,11.18M,-,0.22,0.00%,"128,855"
AARAY,Accuray Inc,Healthcare,Medical Devices,USA,33.56M,-,0.28,5.16%,"4,683,346"
AARB,AltShares Merger Arbitrage ETF,Financial,Exchange Traded Fund,USA,-,-,30.02,2.28%,"28,043"
AARBB,ARB IOT Group Ltd,Technology,Information Technology Services,Singapore,7.59M,-,4.30,-6.52%,"1,561"
AARBE,Arbe Robotics Ltd,Technology,Scientific & Technical Instruments,Israel,78.56M,-,0.61,3.48%,"1,016,715"
AARBK,Argo Blockchain Plc ADR,Financial,Capital Markets,United Kingdom,32.92M,0.48,2.25,0.00%,"9,772"
AARCB,ArcBest Corp,Industrials,Trucking,USA,2.96B,190.56,132.61,2.31%,"331,611"
AARCC,Ares Capital Corp,Financial,Asset Management,USA,13.54B,14.02,18.86,-1.57%,"5,108,648"
AARCI,Archimedes Tech SPAC Partners III Co,Financial,Shell Companies,USA,355.44M,-,10.08,-0.20%,"10,069"
AARCL,ARC Group Acquisition I Corp,Financial,Shell Companies,USA,179.15M,312.19,9.99,-0.10%,13
AARCM,Arrow Reserve Capital Management ETF,Financial,Exchange Traded Fund,USA,-,-,99.92,0.03%,21
AARCO,Arcos Dorados Holdings Inc,Consumer Cyclical,Restaurants,Uruguay,1.48B,5.83,7.11,2.89%,"2,438,406"
AARCP,Aristotle Core Plus Income ETF,Financial,Exchange Traded Fund,USA,-,-,24.21,-0.14%,"2,114"
AARCT,Arcturus Therapeutics Holdings Inc,Healthcare,Biotechnology,USA,370.35M,-,13.03,-1.36%,"744,853"
AARCX,Tradr 2X Long ACHR Daily ETF,Financial,Exchange Traded Fund,USA,-,-,9.38,-6.56%,"53,235"
AARDC,Ares Dynamic Credit Allocation Fund Inc,Financial,Closed-End Fund - Debt,USA,275.37M,-,11.49,0.09%,"89,905"
AARDT,Ardent Health Inc,Healthcare,Medical Care Facilities,USA,1.46B,18.82,10.34,0.88%,"280,611"
AARDX,Ardelyx Inc,Healthcare,Biotechnology,USA,832.28M,-,3.34,-1.18%,"4,092,151"
AARE,Alexandria Real Estate Equities Inc,Real Estate,REIT - Office,USA,8.25B,-,47.37,0.72%,"2,068,827"
AAREC,American Resources Corp,Industrials,Waste Management,USA,191.48M,-,1.79,-0.56%,"1,122,176"
AARES,Ares Management Corp,Financial,Asset Management,USA,38.82B,53.60,117.55,0.84%,"2,594,262"
AARGT,Global X MSCI Argentina ETF,Financial,Exchange Traded Fund,USA,-,-,84.52,0.21%,"80,398"
AARGX,Argen X SE ADR,Healthcare,Biotechnology,Netherlands,57.51B,35.03,919.21,-1.79%,"333,879"
AARHS,Arhaus Inc,Consumer Cyclical,Specialty Retail,USA,1.45B,20.98,10.24,3.75%,"2,786,647"
AARI,Apollo Commercial Real Estate Finance Inc,Real Estate,REIT - Mortgage,USA,796.98M,7.86,6.20,-1.27%,"3,636,296"
AARIA,ARIA Opportunities ETF,Financial,Exchange Traded Fund,USA,-,-,25.89,1.09%,40
AARIS,Aris Mining Corp,Basic Materials,Gold,Canada,3.61B,12.73,17.50,1.04%,"1,532,988"
AARKB,ARK 21Shares Bitcoin ETF,Financial,Exchange Traded Fund,USA,-,-,27.93,-0.43%,"1,561,137"
AARKD,ARK DIET Q1 Buffer ETF,Financial,Exchange Traded Fund,USA,-,-,21.54,0.84%,22
AARKE,ARK DIET Q3 Buffer ETF,Financial,Exchange Traded Fund,USA,-,-,21.17,0.76%,"2,367"
AARKF,ARK Blockchain & Fintech Innovation ETF,Financial,Exchange Traded Fund,USA,-,-,45.53,-0.04%,"117,937"
AARKG,ARK Genomic Revolution ETF,Financial,Exchange Traded Fund,USA,-,-,54.00,1.56%,"3,027,167"
AARKI,ARK DIET Q2 Buffer ETF,Financial,Exchange Traded Fund,USA,-,-,23.69,0.93%,21
AARKK,ARK Innovation ETF,Financial,Exchange Traded Fund,USA,-,-,89.83,1.41%,"5,557,344"
AARKO,ARKO Corp,Consumer Cyclical,Specialty Retail,USA,467.81M,54.94,4.17,1.46%,"310,690"
AARKQ,ARK Autonomous Technology & Robotics ETF,Financial,Exchange Traded Fund,USA,-,-,124.48,2.51%,"220,629"
AARKR,Ark Restaurants Corp,Consumer Cyclical,Restaurants,USA,15.95M,-,4.50,-3.23%,"1,514"
AARKT,ARK DIET Q4 Buffer ETF,Financial,Exchange Traded Fund,USA,-,-,20.02,0.78%,34
AARKW,ARK Next Generation Technology ETF,Financial,Exchange Traded Fund,USA,-,-,162.89,1.49%,"222,426"
AARKX,ARK Space & Defense Innovation ETF,Financial,Exchange Traded Fund,USA,-,-,32.68,2.22%,"803,960"
AARKY,ARK Active Autocallable Income ETF,Financial,Exchange Traded Fund,USA,-,-,20.31,-0.64%,"84,360"
AARL,American Realty Investors Inc,Real Estate,Real Estate Services,USA,259.08M,31.03,16.04,-4.07%,"2,971"
AARLI,AllianzIM International Equity Buffer15 Uncapped Apr ETF,Financial,Exchange Traded Fund,USA,-,-,25.94,0.86%,65
AARLO,Arlo Technologies Inc,Industrials,Building Products & Equipment,USA,1.38B,46.15,12.78,0.08%,"1,377,241"
AARLP,"Alliance Resource Partners, LP",Energy,Thermal Coal,USA,3.16B,11.96,24.53,0.78%,"239,541"
AARLU,AllianzIM U.S. Equity Buffer15 Uncapped Apr ETF,Financial,Exchange Traded Fund,USA,-,-,32.58,0.76%,"2,186"
AARM,Arm Holdings Plc ADR,Technology,Semiconductors,United Kingdom,328.40B,315.44,307.49,5.18%,"5,902,359"
AARMA,Corgi ARM 2x Daily ETF,Financial,Exchange Traded Fund,USA,-,-,16.11,8.63%,"24,462"
AARMG,Leverage Shares 2X Long ARM Daily ETF,Financial,Exchange Traded Fund,USA,-,-,23.52,9.91%,"2,902,794"
AARMH,Arm Holdings PLC ADRhedged,Financial,Exchange Traded Fund,USA,-,-,13.12,4.54%,"5,782"
AARMK,Aramark,Industrials,Specialty Business Services,USA,14.64B,38.74,55.55,1.76%,"1,983,699"
AARMP,Armata Pharmaceuticals Inc,Healthcare,Biotechnology,USA,130.88M,-,3.52,6.34%,"124,489"
AARMS,Aristotle Multi-Sector Income ETF,Financial,Exchange Traded Fund,USA,-,-,24.43,-0.10%,522
AARMW,Roundhill ARM WeeklyPay ETF,Financial,Exchange Traded Fund,USA,-,-,48.59,6.05%,"121,344"
AARMY,Tema International Defense ETF,Financial,Exchange Traded Fund,USA,-,-,23.09,0.81%,"6,146"
AAROC,Archrock Inc,Energy,Oil & Gas Equipment & Services,USA,5.32B,16.29,30.33,-0.30%,"1,453,510"
AAROW,Arrow Financial Corp,Financial,Banks - Regional,USA,700.01M,12.15,37.79,1.40%,"59,605"
AARP,PMV Adaptive Risk Parity ETF,Financial,Exchange Traded Fund,USA,-,-,34.16,0.26%,"3,904"
AARQ,Arq Inc,Industrials,Pollution & Treatment Controls,USA,84.71M,-,1.94,2.65%,"210,258"
AARQQ,Arqit Quantum Inc,Technology,Software - Infrastructure,United Kingdom,428.45M,-,24.62,2.80%,"194,166"
AARQT,Arcutis Biotherapeutics Inc,Healthcare,Biotechnology,USA,3.16B,121.49,25.16,-0.51%,"1,778,472"
AARR,ARMOUR Residential REIT Inc,Real Estate,REIT - Mortgage,USA,1.92B,3.65,13.59,-1.59%,"5,793,655"
AARRY,Array Technologies Inc,Technology,Solar,USA,628.35M,-,4.08,4.88%,"5,752,714"
AARTC,Art Technology Acquisition Corp,Financial,Shell Companies,USA,349.03M,106.14,10.02,0.00%,114
AARTL,Artelo Biosciences Inc,Healthcare,Biotechnology,USA,2.02M,-,3.68,-3.92%,"63,801"
AARTNA,Artesian Resources Corp,Utilities,Utilities - Regulated Water,USA,348.14M,14.70,33.62,2.00%,"32,062"
AARTV,Artiva Biotherapeutics Inc,Healthcare,Biotechnology,USA,333.92M,-,6.83,0.59%,"587,649"
AARTW,Art's-way Manufacturing Co Inc,Industrials,Farm & Heavy Construction Machinery,USA,16.25M,-,3.12,4.16%,"5,207"
AARTY,iShares Future AI & Tech ETF,Financial,Exchange Traded Fund,USA,-,-,80.24,1.42%,"724,694"
AARVN,Arvinas Inc,Healthcare,Biotechnology,USA,484.51M,46.20,7.41,-0.27%,"585,123"
AARVR,First Trust IndxxMetaverse ETF,Financial,Exchange Traded Fund,USA,-,-,58.86,0.85%,17
AARW,Arrow Electronics Inc,Technology,Electronics & Computer Distribution,USA,12.32B,15.46,242.01,4.48%,"1,131,361"
AARWG,Archer Growth ETF,Financial,Exchange Traded Fund,USA,-,-,26.18,1.13%,"4,449"
AARWR,Arrowhead Pharmaceuticals Inc,Healthcare,Biotechnology,USA,9.07B,-,64.19,-0.93%,"1,487,639"
AARX,Accelerant Holdings,Financial,Insurance Brokers,Cayman Islands,4.29B,-,19.73,0.00%,"1,432,690"
AARXS,Arxis Inc,Industrials,Aerospace & Defense,USA,21.55B,-,50.03,5.28%,"2,105,765"
AAS,Amer Sports Inc,Consumer Cyclical,Leisure,Finland,15.81B,28.40,27.17,0.33%,"5,973,319"
AASA,ASA Gold and Precious Metals Ltd,Financial,Closed-End Fund - Equity,USA,1.04B,-,56.69,2.00%,"40,918"
AASAN,Asana Inc,Technology,Software - Application,USA,1.97B,-,8.62,-3.47%,"4,080,065"
AASB,Associated Banc-Corp,Financial,Banks - Regional,USA,5.48B,10.14,29.00,0.97%,"1,694,812"
AASBH,American Savings Bank N.A,Financial,Banks - Regional,USA,-,-,17.50,-1.85%,"171,395"
AASBP,Aspire-Lakewood Holdings Inc,Consumer Cyclical,Auto Parts,USA,12.32M,-,8.78,8.13%,"16,601"
AASC,Ardmore Shipping Corp,Industrials,Marine Shipping,Bermuda,788.44M,7.48,19.30,0.26%,"526,012"
AASCE,Allspring SMID Core ETF,Financial,Exchange Traded Fund,USA,-,-,33.47,1.12%,"159,937"
AASCI,abrdn International Small Cap Active ETF,Financial,Exchange Traded Fund,USA,-,-,36.75,1.71%,"1,155"
AASD,Defiance Autism Impact ETF,Financial,Exchange Traded Fund,USA,-,-,26.37,-0.08%,328
AASEA,Global X FTSE Southeast Asia ETF,Financial,Exchange Traded Fund,USA,-,-,20.95,0.24%,"30,347"
AASEC,American Century Securitized Credit ETF,Financial,Exchange Traded Fund,USA,-,-,49.28,0.16%,15
AASG,Liberty All-Star Growth Fund Inc,Financial,Closed-End Fund - Equity,USA,323.69M,-,5.08,0.59%,"240,080"
AASGI,abrdn Global Infrastructure Income Fund,Financial,Closed-End Fund - Equity,USA,603.64M,-,19.08,0.32%,"221,853"
AASGM,Virtus AlphaSimplex Global Macro ETF,Financial,Exchange Traded Fund,USA,-,-,33.09,0.41%,"4,446"
AASH,Ashland Inc,Basic Materials,Specialty Chemicals,USA,3.18B,61.50,69.52,1.33%,"501,061"
AASHR,Xtrackers Harvest CSI 300 China A-Shares ETF,Financial,Exchange Traded Fund,USA,-,-,32.51,-0.73%,"3,251,892"
AASHS,Xtrackers Harvest CSI 500 China A-Shares Small Cap ETF,Financial,Exchange Traded Fund,USA,-,-,40.14,-0.67%,"1,806"
AASIA,Matthews Pacific Tiger Active ETF,Financial,Exchange Traded Fund,USA,-,-,41.96,1.15%,125
AASIC,Ategrity Specialty Insurance Company Holdings,Financial,Insurance - Property & Casualty,USA,1.25B,12.21,26.17,-2.17%,"58,321"
AASIX,AdvanSix Inc,Basic Materials,Chemicals,USA,437.96M,-,16.22,1.50%,"239,947"
AASLE,AerSale Corp,Industrials,Airports & Air Services,USA,240.54M,-,5.04,0.80%,"579,181"
AASLV,Allspring Special Large Value ETF,Financial,Exchange Traded Fund,USA,-,-,29.91,0.59%,"3,087"
AASM,Avino Silver & Gold Mines Ltd,Basic Materials,Other Precious Metals & Mining,Canada,942.67M,20.83,5.55,0.73%,"2,366,515"
AASMB,Assembly Biosciences Inc,Healthcare,Biotechnology,USA,458.93M,-,22.54,-1.91%,"368,313"
AASMF,Virtus AlphaSimplex Managed Futures ETF,Financial,Exchange Traded Fund,USA,-,-,27.54,0.40%,270
AASMG,Leverage Shares 2X Long ASML Daily ETF,Financial,Exchange Traded Fund,USA,-,-,52.73,6.17%,"32,892"
AASMH,ASML Holding NV ADRhedged,Financial,Exchange Traded Fund,USA,-,-,13.00,3.01%,"5,754"
AASML,ASML Holding NV,Technology,Semiconductor Equipment & Materials,Netherlands,719.70B,58.13,1867.31,3.25%,"1,345,027"
AASMU,Direxion Daily ASML Bull 2X ETF,Financial,Exchange Traded Fund,USA,-,-,34.51,6.38%,"52,952"
AASMZ,Corgi ASML 2x Daily ETF,Financial,Exchange Traded Fund,USA,-,-,22.61,6.25%,196
AASND,Ascendis Pharma A/S,Healthcare,Biotechnology,Denmark,14.96B,17.36,227.87,0.25%,"641,435"
AASO,Academy Sports and Outdoors Inc,Consumer Cyclical,Specialty Retail,USA,3.00B,8.12,48.73,1.84%,"1,432,644"
AASPC,A SPAC III Acquisition Corp,Financial,Shell Companies,Hong Kong,19.33M,2460.68,10.83,-0.58%,"4,574"
AASPI,ASP Isotopes Inc,Basic Materials,Specialty Chemicals,USA,446.14M,-,2.91,7.78%,"4,206,044"
AASPN,Aspen Aerogels Inc,Basic Materials,Specialty Chemicals,USA,472.21M,-,5.69,2.34%,"839,121"
AASPS,Altisource Portfolio Solutions SA,Real Estate,Real Estate Services,Luxembourg,72.74M,-,6.37,3.24%,"6,597"
AASR,Grupo Aeroportuario Del Sureste SA ADR,Industrials,Airports & Air Services,Mexico,6.49B,12.69,234.41,1.31%,"70,570"
AASRV,Ameriserv Financial Inc,Financial,Banks - Regional,USA,78.87M,9.14,4.64,4.38%,"12,251"
AASST,Strive Inc,Financial,Asset Management,USA,2.93B,-,30.03,-0.27%,"11,388,034"
AASSX,T-REX 2X Long ASST Daily Target ETF,Financial,Exchange Traded Fund,USA,-,-,27.86,-0.54%,"102,762"
AASTC,Astrotech Corp,Technology,Scientific & Technical Instruments,USA,14.88M,-,7.06,-4.98%,"28,890"
AASTE,Astec Industries Inc,Industrials,Farm & Heavy Construction Machinery,USA,967.06M,49.97,42.00,3.24%,"202,443"
AASTG,Leverage Shares 2X Long ASTS Daily ETF,Financial,Exchange Traded Fund,USA,-,-,6.89,4.31%,"96,671"
AASTH,Astrana Health Inc,Healthcare,Medical Care Facilities,USA,1.78B,43.78,35.88,2.78%,"310,358"
AASTI,Ascent Solar Technologies Inc,Technology,Solar,USA,22.68M,-,2.31,0.43%,"431,883"
AASTL,Algoma Steel Group Inc,Basic Materials,Steel,Canada,458.56M,-,4.34,5.60%,"1,361,617"
AASTN,Defiance Daily Target 2X Short ASTS ETF,Financial,Exchange Traded Fund,USA,-,-,18.53,-6.98%,"212,415"
AASTS,AST SpaceMobile Inc,Technology,Communication Equipment,USA,22.75B,-,58.45,2.47%,"15,068,798"
AASTT,Corgi ASTS 2x Daily ETF,Financial,Exchange Traded Fund,USA,-,-,15.27,4.58%,398
AASTX,Tradr 2X Long ASTS Daily ETF,Financial,Exchange Traded Fund,USA,-,-,9.42,4.67%,"8,403,438"
AASTY,Defiance Daily Target 2X Long ASTS ETF,Financial,Exchange Traded Fund,USA,-,-,5.02,5.02%,"275,398"
AASUP,T-REX 2X Long ASTS Daily Target ETF,Financial,Exchange Traded Fund,USA,-,-,6.43,4.98%,"39,717"
AASUR,Asure Software Inc,Technology,Software - Application,USA,221.79M,-,7.68,0.00%,"95,477"
AASX,ASE Technology Holding CoLtd ADR,Technology,Semiconductors,Taiwan,104.33B,55.52,47.45,6.08%,"8,083,591"
AASYS,Amtech Systems Inc,Technology,Semiconductor Equipment & Materials,USA,315.32M,68.48,18.01,4.41%,"286,871"
AAT,Defiance Robotics Actuators ETF,Financial,Exchange Traded Fund,USA,-,-,20.64,2.50%,"10,209"
AATAT,Atour Lifestyle Holdings Ltd ADR,Consumer Cyclical,Lodging,China,3.64B,15.90,32.26,-0.09%,"831,547"
AATC,GraniteShares Autocallable COIN ETF,Financial,Exchange Traded Fund,USA,-,-,24.83,-1.23%,"2,062"
AATCH,AtlasClear Holdings Inc,Financial,Capital Markets,USA,28.56M,37.62,0.19,-6.42%,"2,234,753"
AATCL,REX Autocallable Income ETF,Financial,Exchange Traded Fund,USA,-,-,24.36,0.50%,"9,494"
AATCX,Atlas Critical Minerals Corp,Basic Materials,Other Precious Metals & Mining,Brazil,14.79M,-,2.91,3.56%,"45,717"
AATEC,Alphatec Holdings Inc,Healthcare,Medical Devices,USA,1.55B,-,10.03,1.31%,"2,189,833"
AATEN,A10 Networks Inc,Technology,Software - Infrastructure,USA,2.01B,47.23,27.63,0.11%,"1,009,639"
AATER,Aterian Inc,Consumer Cyclical,"Furnishings, Fixtures & Appliances",USA,11.76M,-,0.65,7.40%,"334,413"
AATEX,Anterix Inc,Communication Services,Telecom Services,USA,1.65B,24.08,84.33,2.24%,"241,804"
AATFV,Alger 35 ETF,Financial,Exchange Traded Fund,USA,-,-,40.95,0.62%,"10,833"
AATGL,Alpha Technology Group Ltd,Technology,Software - Infrastructure,Hong Kong,85.60M,-,5.20,-1.89%,"1,112"
AATHE,Alterity Therapeutics Ltd ADR,Healthcare,Biotechnology,Australia,65.90M,-,3.45,-1.15%,"47,167"
AATHM,Autohome Inc ADR,Communication Services,Internet Content & Information,China,2.38B,17.93,20.56,-1.44%,"476,397"
AATHR,Aether Holdings Inc,Technology,Software - Application,USA,42.22M,-,3.45,-4.43%,"7,859"
AATI,ATI Inc,Industrials,Metal Fabrication,USA,26.20B,56.25,192.42,0.67%,"1,423,796"
AATII,Archimedes Tech SPAC Partners II Co,Financial,Shell Companies,USA,316.02M,-,10.68,-0.09%,"57,365"
AATKR,Atkore Inc,Industrials,Electrical Equipment & Parts,USA,3.20B,-,94.62,-0.16%,"1,346,613"
AATLC,Atlanticus Holdings Corp,Financial,Credit Services,USA,1.39B,11.93,91.89,2.91%,"136,379"
AATLO,Ames National Corp,Financial,Banks - Regional,USA,286.62M,12.50,32.36,1.99%,"20,132"
AATLQ,JAB Acquisition Corp I,Financial,Shell Companies,USA,283.76M,-,9.97,-0.15%,"17,938"
AATLX,Atlas Lithium Corp,Basic Materials,Other Industrial Metals & Mining,Brazil,72.54M,-,2.41,-2.03%,"144,182"
AATMP,iPath Select MLP ETN,Financial,Exchange Traded Fund,USA,-,-,34.65,0.52%,"11,535"
AATMU,Atmus Filtration Technologies Inc,Consumer Cyclical,Auto Parts,USA,3.73B,17.48,45.70,2.49%,"875,049"
AATNI,ATN International Inc,Communication Services,Telecom Services,USA,429.91M,2.71,27.91,-0.46%,"74,615"
AATNM,Actinium Pharmaceuticals Inc,Healthcare,Biotechnology,USA,36.79M,3.28,1.17,1.74%,"81,806"
AATO,Atmos Energy Corp,Utilities,Utilities - Regulated Gas,USA,26.56B,18.71,157.17,0.51%,"844,116"
AATOM,Atomera Inc,Technology,Semiconductor Equipment & Materials,USA,183.80M,-,4.71,0.43%,"566,406"
AATOS,Atossa Therapeutics Inc,Healthcare,Biotechnology,USA,23.35M,-,2.34,3.08%,"74,271"
AATPC,Agape ATP Corp,Consumer Defensive,Packaged Foods,Malaysia,2.06M,-,2.06,2.04%,"6,079"
AATR,Aptargroup Inc,Healthcare,Medical Instruments & Supplies,USA,7.62B,21.67,119.91,-0.79%,"384,037"
AATRA,Atara Biotherapeutics Inc,Healthcare,Biotechnology,USA,95.16M,-,9.48,12.06%,"85,751"
AATRC,Atricure Inc,Healthcare,Medical Instruments & Supplies,USA,2.80B,254.69,55.14,2.89%,"1,615,659"
AATRO,Astronics Corp,Industrials,Aerospace & Defense,USA,2.93B,36.13,68.19,-0.28%,"385,793"
AATS,ATS Corp,Industrials,Specialty Industrial Machinery,Canada,1.79B,52.96,18.26,1.28%,"188,166"
AATTO,Attovia Therapeutics Inc,Healthcare,Biotechnology,USA,783.84M,-,17.17,-3.49%,"348,657"
AATTR,Arin Tactical Tail Risk ETF,Financial,Exchange Traded Fund,USA,-,-,96.21,0.28%,942
AATTT,Atlas Trinity Tech Ltd,Consumer Defensive,Household & Personal Products,Hong Kong,15.81M,3.06,2.69,4.67%,"7,495"
AATXG,Addentax Group Corp,Industrials,Integrated Freight & Logistics,China,6.91M,-,3.28,-1.44%,"4,588"
AATYR,Atyr Pharma Inc,Healthcare,Biotechnology,USA,28.17M,-,0.29,-2.35%,"1,980,686"
AAU,AngloGold Ashanti Plc,Basic Materials,Gold,USA,47.94B,12.70,94.92,0.76%,"1,296,940"
AAUAU,Global X Gold Miners ETF,Financial,Exchange Traded Fund,USA,-,-,37.64,0.71%,694
AAUB,Atlantic Union Bankshares Corp,Financial,Banks - Regional,USA,5.54B,11.61,38.82,0.91%,"1,053,968"
AAUBN,Auburn National Bancorp Inc,Financial,Banks - Regional,USA,94.01M,11.24,26.98,2.58%,"1,868"
AAUC,ATIF Holdings Ltd,Financial,Capital Markets,USA,191.85M,-,8.67,-4.20%,"6,115"
AAUDC,Audiocodes,Technology,Communication Equipment,Israel,265.72M,43.56,11.09,1.46%,"151,802"
AAUGC,Corgi U.S. Equities 10% Structured Buffer ETF - August Series,Financial,Exchange Traded Fund,USA,-,-,25.45,0.55%,9
AAUGM,FT Vest U.S. Equity Max Buffer ETF - August,Financial,Exchange Traded Fund,USA,-,-,35.48,0.11%,130
AAUGO,Aura Minerals Inc,Basic Materials,Gold,USA,6.87B,23.25,81.95,3.93%,"831,772"
AAUGP,PGIM S&P 500 Buffer 12 ETF - August,Financial,Exchange Traded Fund,USA,-,-,34.12,0.33%,"13,206"
AAUGT,AllianzIM U.S. Equity Buffer10 Aug ETF,Financial,Exchange Traded Fund,USA,-,-,39.38,0.46%,224
AAUGU,AllianzIM U.S. Equity Buffer15 Uncapped Aug ETF,Financial,Exchange Traded Fund,USA,-,-,32.26,0.59%,284
AAUGW,AllianzIM U.S. Equity Buffer20 Aug ETF,Financial,Exchange Traded Fund,USA,-,-,34.87,0.27%,246
AAUGZ,TrueShares Structured Outcome (August) ETF,Financial,Exchange Traded Fund,USA,-,-,46.24,0.52%,35
AAUID,authID Inc,Technology,Software - Infrastructure,USA,7.34M,-,0.44,16.26%,"9,173,305"
AAUMI,Themes Gold Miners ETF,Financial,Exchange Traded Fund,USA,-,-,91.42,0.47%,"1,685"
AAUNA,Auna SA,Healthcare,Medical Care Facilities,Luxembourg,374.50M,92.67,5.06,1.61%,"266,333"
AAUPH,Aurinia Pharmaceuticals Inc,Healthcare,Biotechnology,Canada,2.11B,6.92,15.83,-0.75%,"813,425"
AAUR,Aurora Innovation Inc,Consumer Cyclical,Auto Parts,USA,11.36B,-,5.67,2.72%,"14,498,525"
AAURA,Aura Biosciences Inc,Healthcare,Biotechnology,USA,631.57M,-,6.09,0.83%,"2,099,065"
AAURE,Aurelion Inc,Financial,Capital Markets,Hong Kong,39.87M,-,1.03,-5.50%,"40,620"
AAUSF,Global X Adaptive U.S. Factor ETF,Financial,Exchange Traded Fund,USA,-,-,48.84,0.18%,"48,173"
AAUSM,Allspring Ultra Short Municipal ETF,Financial,Exchange Traded Fund,USA,-,-,24.83,0.12%,496
AAUST,Austin Gold Corp,Basic Materials,Gold,Canada,13.55M,-,0.99,2.05%,"8,066"
AAUTL,Autolus Therapeutics plc ADR,Healthcare,Biotechnology,United Kingdom,473.76M,-,1.78,-3.78%,"1,811,774"
AAUUD,Auddia Inc,Technology,Software - Application,USA,7.02M,-,1.21,-1.63%,"257,364"
AAUXX,Gold X2 Mining Inc,Basic Materials,Gold,Canada,477.62M,-,4.72,0.21%,"18,146"
AAV,Corgi Aerospace & Commercial Aviation ETF,Financial,Exchange Traded Fund,USA,-,-,25.29,0.10%,783
AAVA,Avista Corp,Utilities,Utilities - Diversified,USA,2.96B,12.77,35.31,0.68%,"564,264"
AAVAH,Aveanna Healthcare Holdings Inc,Healthcare,Medical Care Facilities,USA,2.75B,10.24,12.59,1.29%,"2,061,173"
AAVAL,Grupo Aval Acciones y Valores SA ADR,Financial,Banks - Regional,Colombia,1.81B,11.94,4.78,0.84%,"54,309"
AAVAT,Avalanche Treasury Corp,Financial,Asset Management,USA,80.01M,-,1.83,1.67%,"761,246"
AAVAV,AeroVironment Inc,Industrials,Aerospace & Defense,USA,7.16B,-,140.82,0.36%,"1,278,083"
AAVAZ,2x Avalanche ETF,Financial,Exchange Traded Fund,USA,-,-,17.10,-7.48%,"13,182"
AAVBC,Avidia Bancorp Inc,Financial,Banks - Regional,USA,444.14M,23.46,22.24,2.68%,"114,516"
AAVBH,Avidbank Holdings Inc,Financial,Banks - Regional,USA,343.09M,-,31.26,1.03%,"68,571"
AAVBP,ArriVent BioPharma Inc,Healthcare,Biotechnology,USA,1.39B,-,28.27,-2.28%,"507,602"
AAVD,American Vanguard Corp,Basic Materials,Agricultural Inputs,USA,51.33M,-,1.74,-0.57%,"236,874"
AAVDE,Avantis International Equity ETF,Financial,Exchange Traded Fund,USA,-,-,90.33,1.10%,"1,095,233"
AAVDS,Avantis International Small Cap Equity ETF,Financial,Exchange Traded Fund,USA,-,-,78.05,0.85%,"13,037"
AAVDV,Avantis International Small Cap Value ETF,Financial,Exchange Traded Fund,USA,-,-,109.09,0.95%,"589,839"
AAVEE,Avantis Emerging Markets Small Cap Equity ETF,Financial,Exchange Traded Fund,USA,-,-,69.54,1.50%,"5,262"
AAVEM,Avantis Emerging Markets Equity ETF,Financial,Exchange Traded Fund,USA,-,-,95.41,1.44%,"1,435,457"
AAVES,Avantis Emerging Markets Value ETF,Financial,Exchange Traded Fund,USA,-,-,65.83,1.59%,"85,873"
AAVEX,AEVEX Corp,Industrials,Aerospace & Defense,USA,1.84B,18.51,14.48,2.48%,"2,015,822"
AAVGB,Avantis Credit ETF,Financial,Exchange Traded Fund,USA,-,-,49.76,0.17%,"7,693"
AAVGC,Corgi AVGO 2x Daily ETF,Financial,Exchange Traded Fund,USA,-,-,21.16,6.39%,"1,029"
AAVGE,Avantis All Equity Markets ETF,Financial,Exchange Traded Fund,USA,-,-,99.34,0.81%,"143,348"
AAVGG,Leverage Shares 2X Long AVGO Daily ETF,Financial,Exchange Traded Fund,USA,-,-,22.46,6.64%,"388,424"
AAVGO,Broadcom Inc,Technology,Semiconductors,USA,1695.31B,45.34,355.14,3.35%,"24,639,562"
AAVGU,GraniteShares 2x Long AVGO Daily ETF,Financial,Exchange Traded Fund,USA,-,-,28.65,6.43%,"330,737"
AAVGV,Avantis All Equity Markets Value ETF,Financial,Exchange Traded Fund,USA,-,-,85.16,0.76%,"55,501"
AAVGW,Roundhill AVGO WeeklyPay ETF,Financial,Exchange Traded Fund,USA,-,-,32.45,4.12%,"34,518"
AAVGX,Defiance Daily Target 2X Long AVGO ETF,Financial,Exchange Traded Fund,USA,-,-,38.48,6.65%,"728,893"
AAVIE,Avantis Inflation Focused Equity ETF,Financial,Exchange Traded Fund,USA,-,-,77.75,0.34%,485
AAVIG,Avantis Core Fixed Income ETF,Financial,Exchange Traded Fund,USA,-,-,39.38,-0.25%,"325,217"
AAVIR,Atea Pharmaceuticals Inc,Healthcare,Biotechnology,USA,411.45M,-,5.13,0.59%,"253,264"
AAVIV,Avantis International Large Cap Value ETF,Financial,Exchange Traded Fund,USA,-,-,79.47,0.93%,"85,925"
AAVK,Advent Convertible and Income Fund,Financial,Closed-End Fund - Debt,USA,510.80M,-,11.57,2.12%,"195,909"
AAVL,Direxion Daily AVGO Bull 2X ETF,Financial,Exchange Traded Fund,USA,-,-,36.45,6.49%,"1,712,596"
AAVLC,Avantis U.S. Large Cap Equity ETF,Financial,Exchange Traded Fund,USA,-,-,91.24,0.66%,"111,155"
AAVLN,Avalyn Pharma Inc,Healthcare,Biotechnology,USA,1.25B,-,28.13,2.59%,"526,199"
AAVLV,Avantis U.S. Large Cap Value ETF,Financial,Exchange Traded Fund,USA,-,-,91.56,0.41%,"1,711,485"
AAVMA,Avantis Moderate Allocation ETF,Financial,Exchange Traded Fund,USA,-,-,72.16,0.44%,"8,002"
AAVMC,Avantis U.S. Mid Cap Equity ETF,Financial,Exchange Traded Fund,USA,-,-,77.32,0.61%,"22,827"
AAVMU,Avantis Core Municipal Fixed Income ETF,Financial,Exchange Traded Fund,USA,-,-,42.84,-0.76%,"58,689"
AAVMV,Avantis U.S. Mid Cap Value ETF,Financial,Exchange Traded Fund,USA,-,-,77.47,0.53%,"103,888"
AAVNC,Avantis All International Core Equity ETF,Financial,Exchange Traded Fund,USA,-,-,50.01,1.10%,"1,267"
AAVNM,Avantis All International Markets Equity ETF,Financial,Exchange Traded Fund,USA,-,-,83.41,1.21%,"115,767"
AAVNT,Avient Corp,Basic Materials,Specialty Chemicals,USA,3.78B,22.28,41.17,1.55%,"876,566"
AAVNV,Avantis All International Markets Value ETF,Financial,Exchange Traded Fund,USA,-,-,84.67,1.08%,"4,764"
AAVNW,Aviat Networks Inc,Technology,Communication Equipment,USA,265.91M,106.82,20.68,2.73%,"151,347"
AAVO,Mission Produce Inc,Consumer Defensive,Food Distribution,USA,1.12B,373.47,12.81,-0.08%,"794,826"
AAVOS,Avos Global Equities ETF,Financial,Exchange Traded Fund,USA,-,-,26.79,0.77%,142
AAVPT,AvePoint Inc,Technology,Software - Infrastructure,USA,2.98B,44.55,14.07,-0.07%,"1,946,323"
AAVR,Anteris Technologies Global Corp,Healthcare,Medical Devices,USA,751.41M,-,7.71,1.31%,"1,495,586"
AAVRE,Avantis Real E state ETF,Financial,Exchange Traded Fund,USA,-,-,44.07,0.23%,"157,266"
AAVRY,Avory Foundational ETF,Financial,Exchange Traded Fund,USA,-,-,24.98,-0.12%,"6,924"
AAVS,Direxion Daily AVGO Bear 1X ETF,Financial,Exchange Traded Fund,USA,-,-,8.15,-3.27%,"10,857,370"
AAVSC,Avantis U.S Small Cap Equity ETF,Financial,Exchange Traded Fund,USA,-,-,70.31,0.88%,"129,445"
AAVSD,Avantis Responsible International Equity ETF,Financial,Exchange Traded Fund,USA,-,-,79.55,0.99%,"32,794"
AAVSE,Avantis Responsible Emerging Markets Equity ETF,Financial,Exchange Traded Fund,USA,-,-,80.35,1.53%,"6,534"
AAVSF,Avantis Short-Term Fixed Income ETF,Financial,Exchange Traded Fund,USA,-,-,45.63,-0.09%,"38,984"
AAVSU,Avantis Responsible U.S. Equity ETF,Financial,Exchange Traded Fund,USA,-,-,88.91,0.62%,"17,185"
AAVT,Avnet Inc,Technology,Electronics & Computer Distribution,USA,8.78B,26.80,106.93,4.59%,"2,156,068"
AAVTM,Avantis Total Equity Markets ETF,Financial,Exchange Traded Fund,USA,-,-,55.29,0.84%,"3,138"
AAVTR,Avantor Inc,Healthcare,Medical Instruments & Supplies,USA,10.38B,-,15.34,2.06%,"6,149,101"
AAVTX,Avalo Therapeutics Inc,Healthcare,Biotechnology,USA,803.92M,-,14.99,0.27%,"948,519"
AAVUQ,Avantis U.S. Quality ETF,Financial,Exchange Traded Fund,USA,-,-,68.45,0.71%,"3,890"
AAVUS,Avantis U.S. Equity ETF,Financial,Exchange Traded Fund,USA,-,-,129.58,0.68%,"425,326"
AAVUV,Avantis U.S. Small Cap Value ETF,Financial,Exchange Traded Fund,USA,-,-,120.03,0.78%,"1,580,086"
AAVX,AVAX One Technology Ltd,Technology,Software - Infrastructure,Canada,45.86M,-,6.20,-9.22%,"446,764"
AAVXC,Avantis Emerging Markets ex-China Equity ETF,Financial,Exchange Traded Fund,USA,-,-,83.81,1.93%,"37,453"
AAVXL,Anavex Life Sciences Corp,Healthcare,Biotechnology,USA,168.71M,-,1.82,-3.70%,"1,989,710"
AAVXX,Defiance Daily Target 2x Long AVAV ETF,Financial,Exchange Traded Fund,USA,-,-,20.67,0.26%,"72,442"
AAVY,Avery Dennison Corp,Consumer Cyclical,Packaging & Containers,USA,12.87B,18.59,169.87,-1.02%,"631,824"
AAWAY,Amplify Travel Tech ETF,Financial,Exchange Traded Fund,USA,-,-,16.76,0.13%,"2,816"
AAWF,AllianceBernstein Global High Income Fund Inc,Financial,Closed-End Fund - Debt,USA,830.39M,-,9.63,0.10%,"307,149"
AAWI,Armstrong World Industries Inc,Industrials,Building Products & Equipment,USA,6.89B,22.35,163.12,0.27%,"326,464"
AAWK,American Water Works Co Inc,Utilities,Utilities - Regulated Water,USA,25.88B,22.55,130.25,1.87%,"2,149,972"
AAWP,abrdn Global Premier Properties Fund,Financial,Closed-End Fund - Foreign,USA,314.11M,-,10.18,-0.10%,"156,565"
AAWR,American States Water Co,Utilities,Utilities - Regulated Water,USA,3.28B,22.67,82.82,2.01%,"345,254"
AAWRE,Aware Inc,Technology,Software - Application,USA,23.99M,-,1.10,2.80%,"20,287"
AAWX,Avalon Holdings Corp,Industrials,Waste Management,USA,9.67M,8.09,2.48,-0.80%,"5,583"
AAX,Axos Financial Inc,Financial,Banks - Regional,USA,5.06B,10.49,88.93,1.51%,"401,747"
AAXG,Solowin Holdings,Financial,Capital Markets,Hong Kong,22.21M,-,0.12,-10.85%,"5,042,359"
AAXGN,Axogen Inc,Healthcare,Medical Devices,USA,2.19B,-,37.39,-6.34%,"3,098,410"
AAXIL,AXIL Brands Inc,Technology,Consumer Electronics,USA,42.09M,18.90,6.17,-0.32%,"5,715"
AAXIN,Axiom Intelligence Acquisition Corp 1,Financial,Shell Companies,United Kingdom,282.21M,35.47,10.35,0.05%,"51,376"
AAXON,Axon Enterprise Inc,Industrials,Aerospace & Defense,USA,33.58B,171.19,413.35,-2.10%,"825,162"
AAXP,American Express Co,Financial,Credit Services,USA,204.47B,18.37,302.78,0.23%,"2,779,020"
AAXR,AMREP Corp,Real Estate,Real Estate - Development,USA,114.69M,19.71,21.54,-1.78%,"4,119"
AAXS,Axis Capital Holdings Ltd,Financial,Insurance - Specialty,Bermuda,6.92B,6.74,94.88,-0.66%,"902,815"
AAXSM,Axsome Therapeutics Inc,Healthcare,Biotechnology,USA,9.39B,-,179.25,-1.55%,"981,379"
AAXTA,Axalta Coating Systems Ltd,Basic Materials,Specialty Chemicals,USA,6.89B,19.84,32.20,1.10%,"2,704,618"
AAXTC,Corgi AXTI 2x Daily ETF,Financial,Exchange Traded Fund,USA,-,-,25.01,9.48%,"5,146"
AAXTI,AXT Inc,Technology,Semiconductor Equipment & Materials,USA,5.63B,4616.67,85.87,4.96%,"7,348,275"
AAXTL,Leverage Shares 2X Long AXTI Daily ETF,Financial,Exchange Traded Fund,USA,-,-,4.09,10.24%,"935,315"
AAXTQ,Tradr 2X Short AXTI Daily ETF,Financial,Exchange Traded Fund,USA,-,-,18.96,-9.63%,"627,073"
AAXTU,T-REX 2X Long AXTI Daily Target ETF,Financial,Exchange Traded Fund,USA,-,-,56.70,9.60%,"104,733"
AAXTX,Tradr 2X Long AXTI Daily ETF,Financial,Exchange Traded Fund,USA,-,-,42.18,9.93%,"2,454,521"
AAYA,Aya Gold & Silver Inc,Basic Materials,Silver,Canada,3.91B,35.47,27.12,0.78%,"949,364"
AAYI,Acuity Inc,Industrials,Electrical Equipment & Parts,USA,9.24B,18.07,308.76,3.17%,"745,825"
AAYTU,Aytu BioPharma Inc,Healthcare,Drug Manufacturers - Specialty & Generic,USA,22.49M,-,2.07,-0.96%,"15,799"
AAZ,A2Z Cust2Mate Solutions Corp,Technology,Software - Application,Canada,272.52M,-,6.19,9.75%,"721,037"
AAZI,Autozi Internet Technology (Global) Ltd,Consumer Cyclical,Auto & Truck Dealerships,China,74.98M,-,1.13,-3.42%,"31,718"
AAZIO,Azio AI Holdings Inc,Technology,Software - Infrastructure,USA,20.31M,-,1.18,-0.84%,"291,457"
AAZN,Astrazeneca plc,Healthcare,Drug Manufacturers - General,United Kingdom,243.33B,23.45,156.90,-0.51%,"3,035,563"
AAZO,Autozone Inc,Consumer Cyclical,Auto Parts,USA,45.58B,18.27,2792.03,-0.96%,"169,830"
AAZTA,Azenta Inc,Healthcare,Medical Instruments & Supplies,USA,1.70B,-,38.75,12.38%,"3,384,485"
AAZTD,Aztlan Global Stock Selection DM SMID ETF,Financial,Exchange Traded Fund,USA,-,-,30.86,1.11%,20
AAZTR,Azitra Inc,Healthcare,Biotechnology,USA,8.00M,-,0.13,2.72%,"825,852"
AAZUL,Azul SA ADR,Industrials,Airlines,Brazil,1.35B,-,7.35,3.09%,"47,132"
AAZYY,GraniteShares YieldBoost AMZN ETF,Financial,Exchange Traded Fund,USA,-,-,14.32,-0.18%,"1,028"
AAZZ,AZZ Inc,Industrials,Specialty Business Services,USA,4.19B,21.22,139.39,2.94%,"193,028"
BB,Barrick Mining Corp,Basic Materials,Gold,Canada,66.21B,10.35,40.23,0.32%,"7,823,239"
BBA,Boeing Co,Industrials,Aerospace & Defense,USA,152.98B,88.15,193.56,0.67%,"12,642,461"
BBAB,Invesco Taxable Municipal Bond ETF,Financial,Exchange Traded Fund,USA,-,-,25.28,-0.28%,"246,189"
BBABA,Alibaba Group Holding Ltd ADR,Consumer Cyclical,Internet Retail,China,263.33B,24.93,105.85,-1.49%,"7,873,202"
BBABC,Corgi BABA 2x Daily ETF,Financial,Exchange Traded Fund,USA,-,-,21.43,-2.81%,9
BBABO,YieldMax BABA Option Income Strategy ETF,Financial,Exchange Traded Fund,USA,-,-,6.96,-1.28%,"30,881"
BBABU,Direxion Daily BABA Bull 2X ETF,Financial,Exchange Traded Fund,USA,-,-,8.45,-2.79%,"277,727"
BBABW,Roundhill BABA WeeklyPay ETF,Financial,Exchange Traded Fund,USA,-,-,18.76,-1.67%,"3,608"
BBABX,GraniteShares 2x Long BABA Daily ETF,Financial,Exchange Traded Fund,USA,-,-,15.71,-3.14%,"544,309"
BBAC,Bank Of America Corp,Financial,Banks - Diversified,USA,375.86B,12.37,53.75,0.04%,"35,089,452"
BBACC,Blue Acquisition Corp,Financial,Shell Companies,USA,293.22M,66.65,10.49,0.01%,329
BBAER,Bridger Aerospace Group Holdings Inc,Industrials,Security & Protection Services,USA,40.00M,-,0.68,-0.32%,"308,833"
BBAFE,Brown Advisory Flexible Equity ETF,Financial,Exchange Traded Fund,USA,-,-,29.79,0.80%,"32,011"
BBAFN,BayFirst Financial Corp,Financial,Banks - Regional,USA,209.23M,-,7.76,5.58%,"94,142"
BBAGX,EA Bridgeway Aggressive Investors ETF,Financial,Exchange Traded Fund,USA,-,-,101.83,0.89%,"2,334"
BBAGY,Amplify Bitcoin Max Income Covered Call ETF,Financial,Exchange Traded Fund,USA,-,-,23.50,-0.40%,"3,033"
BBAH,Booz Allen Hamilton Holding Corp,Industrials,Consulting Services,USA,8.10B,10.58,67.35,-4.43%,"2,771,021"
BBAI,iShares A.I. Innovation and Tech Active ETF,Financial,Exchange Traded Fund,USA,-,-,48.80,2.09%,"3,297,908"
BBAIG,Leverage Shares 2X Long BBAI Daily ETF,Financial,Exchange Traded Fund,USA,-,-,11.52,-7.92%,"75,901"
BBAIV,Brown Advisory International Value Select ETF,Financial,Exchange Traded Fund,USA,-,-,27.24,-0.07%,"10,322"
BBAK,Braskem SA ADR,Basic Materials,Chemicals,Brazil,267.42M,-,1.55,0.00%,"1,054,727"
BBALI,iShares U.S. Large Cap Premium Income Active ETF,Financial,Exchange Traded Fund,USA,-,-,34.53,0.58%,"231,853"
BBALL,Ball Corp,Consumer Cyclical,Packaging & Containers,USA,14.92B,16.03,56.37,-0.23%,"1,864,496"
BBALQ,iShares Nasdaq Premium Income Active ETF,Financial,Exchange Traded Fund,USA,-,-,57.73,1.29%,"27,306"
BBALT,Innovator Defined Wealth Shield ETF,Financial,Exchange Traded Fund,USA,-,-,34.99,0.20%,"606,342"
BBALY,Ballys Corp,Consumer Cyclical,Resorts & Casinos,USA,711.12M,-,14.09,1.00%,"253,415"
BBAM,Brookfield Asset Management Ltd,Financial,Asset Management,USA,73.47B,25.88,44.85,0.65%,"3,561,123"
BBAMA,Brookstone Active ETF,Financial,Exchange Traded Fund,USA,-,-,36.81,0.57%,"3,151"
BBAMB,Brookstone Intermediate Bond ETF,Financial,Exchange Traded Fund,USA,-,-,24.91,-0.23%,"15,085"
BBAMD,Brookstone Dividend Stock ETF,Financial,Exchange Traded Fund,USA,-,-,32.50,0.31%,"16,441"
BBAMG,Brookstone Growth Stock ETF,Financial,Exchange Traded Fund,USA,-,-,45.35,0.80%,"13,605"
BBAMO,Brookstone Opportunities ETF,Financial,Exchange Traded Fund,USA,-,-,34.77,0.47%,"3,635"
BBAMU,Brookstone Ultra-Short Bond ETF,Financial,Exchange Traded Fund,USA,-,-,25.24,0.02%,"9,024"
BBAMV,Brookstone Value Stock ETF,Financial,Exchange Traded Fund,USA,-,-,36.28,0.39%,"9,049"
BBAMY,Brookstone Yield ETF,Financial,Exchange Traded Fund,USA,-,-,26.52,0.07%,"5,912"
BBANC,Banc of California Inc,Financial,Banks - Regional,USA,2.81B,-,17.74,1.43%,"2,332,618"
BBAND,Bandwidth Inc,Technology,Software - Infrastructure,USA,2.05B,-,63.74,2.08%,"895,489"
BBANF,Bancfirst Corp,Financial,Banks - Regional,USA,3.63B,14.58,108.08,1.49%,"165,966"
BBANL,CBL International Ltd,Energy,Oil & Gas Midstream,Malaysia,9.72M,-,4.63,1.98%,"13,369"
BBANR,Banner Corp,Financial,Banks - Regional,USA,2.49B,11.20,67.88,0.85%,"336,821"
BBANX,ArrowMark Financial Corp,Financial,Closed-End Fund - Debt,USA,193.78M,-,20.00,0.96%,"30,118"
BBAOS,Baosheng Media Group Holdings Ltd,Communication Services,Advertising Agencies,China,7.83M,-,0.23,-1.43%,"189,304"
BBAP,Credicorp Ltd,Financial,Banks - Regional,Peru,29.65B,13.81,373.31,-1.33%,"247,213"
BBAPR,Innovator U.S. Equity Buffer ETF - April,Financial,Exchange Traded Fund,USA,-,-,54.82,0.38%,"3,211"
BBAR,GraniteShares Gold Trust,Financial,Exchange Traded Fund,USA,-,-,40.83,-0.61%,"187,739"
BBARK,BARK Inc,Consumer Cyclical,Specialty Retail,USA,73.36M,-,8.12,-4.69%,"43,444"
BBASG,Brown Advisory Sustainable Growth ETF,Financial,Exchange Traded Fund,USA,-,-,28.55,0.91%,"20,120"
BBASV,Brown Advisory Sustainable Value ETF,Financial,Exchange Traded Fund,USA,-,-,30.06,0.50%,"4,263"
BBATL,Battalion Oil Corp,Energy,Oil & Gas E&P,USA,59.00M,-,1.03,-1.90%,"1,868,032"
BBATRA,Atlanta Braves Holdings Inc,Communication Services,Entertainment,USA,3.35B,-,57.62,-0.38%,"38,682"
BBATRK,Atlanta Braves Holdings Inc,Communication Services,Entertainment,USA,3.35B,-,52.03,-0.42%,"501,598"
BBATT,Amplify Lithium & Battery Technology ETF,Financial,Exchange Traded Fund,USA,-,-,14.57,1.71%,"14,657"
BBAUG,Innovator U.S. Equity Buffer ETF - August,Financial,Exchange Traded Fund,USA,-,-,55.56,0.53%,"2,265"
BBAVA,Bitwise Avalanche ETF,Financial,Exchange Traded Fund,USA,-,-,28.84,-3.52%,"2,990"
BBAX,Baxter International Inc,Healthcare,Medical Instruments & Supplies,USA,12.14B,-,23.49,-0.63%,"4,808,578"
BBAY,Corgi Bay Area Based ETF,Financial,Exchange Traded Fund,USA,-,-,30.69,0.40%,445
BBB,BlackBerry Ltd,Technology,Software - Infrastructure,Canada,5.46B,71.54,9.30,1.31%,"17,172,312"
BBBAG,JPMorgan BetaBuilders U.S. Aggregate Bond ETF,Financial,Exchange Traded Fund,USA,-,-,43.64,-0.21%,"114,199"
BBBAI,BigBear.ai Holdings Inc,Technology,Information Technology Services,USA,1.27B,-,2.65,-3.28%,"25,273,898"
BBBAR,BBVA Argentina ADR,Financial,Banks - Regional,Argentina,2.53B,12.09,12.38,-0.40%,"781,635"
BBBAX,JPMorgan BetaBuilders Developed Asia Pacific ex-Japan ETF,Financial,Exchange Traded Fund,USA,-,-,61.34,0.16%,"259,577"
BBBB,Cyber Hornet S&P 500 and Bitcoin 75 /25 Strategy ETF,Financial,Exchange Traded Fund,USA,-,-,32.35,0.46%,"1,177"
BBBBI,BondBloxx BBB Rated 5-10 Year Corporate Bond ETF,Financial,Exchange Traded Fund,USA,-,-,48.47,-0.25%,"14,982"
BBBBL,BondBloxx BBB Rated 10+ Year Corporate Bond ETF,Financial,Exchange Traded Fund,USA,-,-,43.58,-0.28%,213
BBBBS,BondBloxx BBB Rated 1-5 Year Corporate Bond ETF,Financial,Exchange Traded Fund,USA,-,-,49.70,-0.10%,"11,227"
BBBC,Virtus Biotech Clinical Trials ETF,Financial,Exchange Traded Fund,USA,-,-,44.56,-0.98%,"9,031"
BBBCA,JPMorgan BetaBuilders Canada ETF,Financial,Exchange Traded Fund,USA,-,-,100.97,0.80%,"847,516"
BBBCB,JPMorgan BetaBuilders USD Investment Grade Corporate Bond ETF,Financial,Exchange Traded Fund,USA,-,-,42.78,-0.32%,"4,025"
BBBCP,Concrete Pumping Holdings Inc,Industrials,Engineering & Construction,USA,496.38M,58.81,9.85,-0.30%,"128,144"
BBBD,Banco Bradesco SA ADR,Financial,Banks - Regional,Brazil,20.37B,8.38,3.65,3.99%,"48,378,132"
BBBDC,Barings BDC Inc,Financial,Asset Management,USA,903.62M,10.40,8.63,-0.80%,"690,982"
BBBEM,JPMorgan BetaBuilders Emerging Markets Equity ETF,Financial,Exchange Traded Fund,USA,-,-,77.32,1.01%,"17,129"
BBBEU,JPMorgan BetaBuilders Europe ETF,Financial,Exchange Traded Fund,USA,-,-,75.38,1.02%,"109,826"
BBBGI,Beasley Broadcast Group Inc,Communication Services,Broadcasting,USA,20.53M,-,11.08,-1.34%,"16,306"
